t_s,norad_id,name,inclination_deg,aperture,separation_deg,grad_e_sinv,grad_n_sinv
588.0,62473,STARLINK-11464 [DTC],43.0006,A1_NE,4.563171019504736,-0.012682077419495966,0.007188362761743074
589.0,62473,STARLINK-11464 [DTC],43.0006,A1_NE,3.7292088177594755,-0.012517741595420292,0.007258664907531059
590.0,62473,STARLINK-11464 [DTC],43.0006,A1_NE,2.9051547011941037,-0.012348123288300004,0.007322971019272422
591.0,62473,STARLINK-11464 [DTC],43.0006,A1_NE,2.0971961516124344,-0.012173640979301159,0.007381274994008506
592.0,62473,STARLINK-11464 [DTC],43.0006,A1_NE,1.3253023505325774,-0.011994696087631485,0.007433597933196758
593.0,62473,STARLINK-11464 [DTC],43.0006,A1_NE,0.6983222818390367,-0.011811697937454022,0.007479976799413347
594.0,62473,STARLINK-11464 [DTC],43.0006,A1_NE,0.7507217436638016,-0.011625054991447985,0.007520466268615105
595.0,62473,STARLINK-11464 [DTC],43.0006,A1_NE,1.3980468501592382,-0.011435172887090214,0.007555137786034971
596.0,62473,STARLINK-11464 [DTC],43.0006,A1_NE,2.1516541374554676,-0.011242452613604677,0.0075840785454495295
597.0,62473,STARLINK-11464 [DTC],43.0006,A1_NE,2.9252089384489595,-0.011047288774356316,0.007607390407251609
598.0,62473,STARLINK-11464 [DTC],43.0006,A1_NE,3.701828121745604,-0.010850060061432389,0.007625189375631169
599.0,62473,STARLINK-11464 [DTC],43.0006,A1_NE,4.476103125960402,-0.01065115962394816,0.007637601793118285
628.0,63761,STARLINK-11660 [DTC],43.0014,A1_NE,4.6678385261121305,-0.01032627575349169,-0.0025073968612283914
629.0,63761,STARLINK-11660 [DTC],43.0014,A1_NE,3.934207974562021,-0.01007061961514872,-0.00238725634135891
630.0,63761,STARLINK-11660 [DTC],43.0014,A1_NE,3.2168865363756822,-0.009819277619242039,-0.002271286182509409
631.0,63761,STARLINK-11660 [DTC],43.0014,A1_NE,2.518416951866958,-0.009572434560440617,-0.0021594334360056913
632.0,63761,STARLINK-11660 [DTC],43.0014,A1_NE,1.8451604249442002,-0.009330245637320185,-0.0020516353503164915
633.0,63761,STARLINK-11660 [DTC],43.0014,A1_NE,1.2170525871915903,-0.009092838492670905,-0.0019478206728118458
634.0,63761,STARLINK-11660 [DTC],43.0014,A1_NE,0.7213650359583677,-0.008860315240209773,-0.001847910868435315
635.0,63761,STARLINK-11660 [DTC],43.0014,A1_NE,0.6870935207937323,-0.008632745407332122,-0.0017518174630270125
636.0,63761,STARLINK-11660 [DTC],43.0014,A1_NE,1.1350276020891648,-0.008410204254858451,-0.0016594583934457438
637.0,63761,STARLINK-11660 [DTC],43.0014,A1_NE,1.7095756502560355,-0.008192719719188038,-0.0015707357794752473
638.0,63761,STARLINK-11660 [DTC],43.0014,A1_NE,2.3088405422812377,-0.0079803110008589,-0.0014855524110893644
639.0,63761,STARLINK-11660 [DTC],43.0014,A1_NE,2.910316918437032,-0.007772981004208106,-0.0014038086017050362
640.0,63761,STARLINK-11660 [DTC],43.0014,A1_NE,3.507049037486692,-0.0075707179429735354,-0.0013254029063879589
641.0,63761,STARLINK-11660 [DTC],43.0014,A1_NE,4.096336497492989,-0.00737349684735851,-0.0012502327661914224
642.0,63761,STARLINK-11660 [DTC],43.0014,A1_NE,4.67701634359876,-0.007181273364801685,-0.0011781922485064595
1121.0,60407,STARLINK-11136 [DTC],53.1595,A2_S,4.8525172245038535,-0.010802801273134348,-0.007155955359859815
1122.0,60407,STARLINK-11136 [DTC],53.1595,A2_S,4.0160974462275405,-0.010979196550412452,-0.007386893335934836
1123.0,60407,STARLINK-11136 [DTC],53.1595,A2_S,3.16778532012547,-0.011153072208598975,-0.007621274293179613
1124.0,60407,STARLINK-11136 [DTC],53.1595,A2_S,2.3078751539723696,-0.011323939241002065,-0.007858784098665406
1125.0,60407,STARLINK-11136 [DTC],53.1595,A2_S,1.4374272200021732,-0.011491267539637638,-0.008099044486695085
1126.0,60407,STARLINK-11136 [DTC],53.1595,A2_S,0.5631349187671779,-0.011654528906979886,-0.008341669840108094
1127.0,60407,STARLINK-11136 [DTC],53.1595,A2_S,0.3765829349541459,-0.011813171486920947,-0.008586228793470372
1128.0,60407,STARLINK-11136 [DTC],53.1595,A2_S,1.2660135054361328,-0.011966629121587696,-0.0088322537617452
1129.0,60407,STARLINK-11136 [DTC],53.1595,A2_S,2.182211357973678,-0.0121143241557593,-0.009079241366345327
1130.0,60407,STARLINK-11136 [DTC],53.1595,A2_S,3.111395685543855,-0.012255670580855577,-0.009326653237498176
1131.0,60407,STARLINK-11136 [DTC],53.1595,A2_S,4.052048736360561,-0.01239007754901397,-0.009573917265126998
1274.0,59715,STARLINK-11101 [DTC],53.1585,A2_S,4.538407250422868,-0.012421463214014251,0.009627482636861253
1275.0,59715,STARLINK-11101 [DTC],53.1585,A2_S,3.5996737396823897,-0.012293122383040258,0.009381702003831252
1276.0,59715,STARLINK-11101 [DTC],53.1585,A2_S,2.6740709241501563,-0.012157580968319337,0.009135543533015614
1277.0,59715,STARLINK-11101 [DTC],53.1585,A2_S,1.765655897637678,-0.012015419834893598,0.008889584835028008
1278.0,59715,STARLINK-11101 [DTC],53.1585,A2_S,0.8935655460358524,-0.011867217261125532,0.008644371055969217
1279.0,59715,STARLINK-11101 [DTC],53.1585,A2_S,0.364184040028413,-0.011713545343234487,0.008400413473664457
1280.0,59715,STARLINK-11101 [DTC],53.1585,A2_S,1.0289286443640624,-0.01155496024978177,0.00815817880217296
1281.0,59715,STARLINK-11101 [DTC],53.1585,A2_S,1.8747732110416244,-0.01139202503013991,0.007918127536859536
1282.0,59715,STARLINK-11101 [DTC],53.1585,A2_S,2.727445256918443,-0.011225268730152347,0.007680655248008247
1283.0,59715,STARLINK-11101 [DTC],53.1585,A2_S,3.573435692692318,-0.011055209520556086,0.007446131787727144
1284.0,59715,STARLINK-11101 [DTC],53.1585,A2_S,4.409622069879619,-0.01088234654070918,0.007214891951189425
1971.0,62462,STARLINK-11518 [DTC],43.0009,A3_NW,4.6675496580610725,-0.007141615558638546,0.0011807770029099085
1972.0,62462,STARLINK-11518 [DTC],43.0009,A3_NW,4.091135799431414,-0.007331611819530416,0.0012520997300540747
1973.0,62462,STARLINK-11518 [DTC],43.0009,A3_NW,3.506605584665752,-0.007526523188392408,0.001326497587148898
1974.0,62462,STARLINK-11518 [DTC],43.0009,A3_NW,2.9153847856499744,-0.007726385299318538,0.0014040708369382495
1975.0,62462,STARLINK-11518 [DTC],43.0009,A3_NW,2.320642957691629,-0.007931222370760889,0.0014849191919796701
1976.0,62462,STARLINK-11518 [DTC],43.0009,A3_NW,1.7303640027363543,-0.00814104581913862,0.0015691412567069131
1977.0,62462,STARLINK-11518 [DTC],43.0009,A3_NW,1.1694480501751339,-0.008355861560499214,0.0016568375061616217
1978.0,62462,STARLINK-11518 [DTC],43.0009,A3_NW,0.7412745012760271,-0.008575633679323779,0.0017480953402049752
1979.0,62462,STARLINK-11518 [DTC],43.0009,A3_NW,0.7649363636901122,-0.00880033465852708,0.0018430094812662322
1980.0,62462,STARLINK-11518 [DTC],43.0009,A3_NW,1.2335908924226833,-0.00902990930329281,0.0019416671635437924
1981.0,62462,STARLINK-11518 [DTC],43.0009,A3_NW,1.8461804038637137,-0.0092642814893227,0.002044150666962165
1982.0,62462,STARLINK-11518 [DTC],43.0009,A3_NW,2.5091623428419814,-0.009503352316501587,0.002150536313743544
1983.0,62462,STARLINK-11518 [DTC],43.0009,A3_NW,3.1995261360747143,-0.009746998199424563,0.0022608933810566623
1984.0,62462,STARLINK-11518 [DTC],43.0009,A3_NW,3.9097419540967184,-0.009995068914645572,0.002375282930395933
1985.0,62462,STARLINK-11518 [DTC],43.0009,A3_NW,4.636785176840222,-0.010247395862480732,0.002493761405604713
1992.0,63756,STARLINK-11688 [DTC],43.003,A3_NW,4.811420064761419,-0.010588355453867986,-0.007652317953191274
1993.0,63756,STARLINK-11688 [DTC],43.003,A3_NW,4.031657849995094,-0.010788565949686989,-0.007642788190485994
1994.0,63756,STARLINK-11688 [DTC],43.003,A3_NW,3.2456265990995545,-0.01098724025630528,-0.0076279175803039626
1995.0,63756,STARLINK-11688 [DTC],43.003,A3_NW,2.4542910982804997,-0.011184002391474566,-0.007607571782489718
1996.0,63756,STARLINK-11688 [DTC],43.003,A3_NW,1.6601654954271308,-0.011378466314102165,-0.0075816283673403855
1997.0,63756,STARLINK-11688 [DTC],43.003,A3_NW,0.8743726669199982,-0.011570237332872988,-0.00754997800495026
1998.0,63756,STARLINK-11688 [DTC],43.003,A3_NW,0.28330947487232,-0.011758913644440486,-0.007512525625132187
1999.0,63756,STARLINK-11688 [DTC],43.003,A3_NW,0.8566069440713299,-0.011944088020343656,-0.0074691915351874985
2000.0,63756,STARLINK-11688 [DTC],43.003,A3_NW,1.6596034277561509,-0.012125356814690541,-0.007419910379401403
2001.0,63756,STARLINK-11688 [DTC],43.003,A3_NW,2.4838084632513273,-0.012302292889588333,-0.007364640300670455
2002.0,63756,STARLINK-11688 [DTC],43.003,A3_NW,3.3173788947811067,-0.01247449143942044,-0.007303351953928131
2003.0,63756,STARLINK-11688 [DTC],43.003,A3_NW,4.157618707504235,-0.012641542762104614,-0.007236037005507209
2114.0,62835,STARLINK-11546 [DTC],43.0006,A2_S,4.61972570462542,-0.01377081759247421,-0.004837043546971829
2115.0,62835,STARLINK-11546 [DTC],43.0006,A2_S,3.8462269621548244,-0.013932252818620658,-0.005029830493637434
2116.0,62835,STARLINK-11546 [DTC],43.0006,A2_S,3.1250227731410463,-0.014086868524754641,-0.005224559251405412
2117.0,62835,STARLINK-11546 [DTC],43.0006,A2_S,2.5117937279853724,-0.01423409784184632,-0.005420874846972329
2118.0,62835,STARLINK-11546 [DTC],43.0006,A2_S,2.1148179987257163,-0.014373382362026574,-0.0056184059528931705
2119.0,62835,STARLINK-11546 [DTC],43.0006,A2_S,2.0744663361925446,-0.014504153807287552,-0.0058167340839457935
2120.0,62835,STARLINK-11546 [DTC],43.0006,A2_S,2.4181614251565025,-0.014625871643491608,-0.006015442646167349
2121.0,62835,STARLINK-11546 [DTC],43.0006,A2_S,3.0246167118004084,-0.014738004423338193,-0.00621408682504346
2122.0,62835,STARLINK-11546 [DTC],43.0006,A2_S,3.7745277821924863,-0.01484003975177587,-0.006412203433350926
2123.0,62835,STARLINK-11546 [DTC],43.0006,A2_S,4.602437858005845,-0.014931488547901646,-0.006609313159412887
2762.0,60927,STARLINK-11243 [DTC],53.1584,A1_NE,4.964478677475397,-0.010917585136473304,0.00911670475009949
2763.0,60927,STARLINK-11243 [DTC],53.1584,A1_NE,4.280351906358652,-0.010831854548136673,0.009230629744703086
2764.0,60927,STARLINK-11243 [DTC],53.1584,A1_NE,3.650585177141419,-0.010739848928218925,0.00933936330098164
2765.0,60927,STARLINK-11243 [DTC],53.1584,A1_NE,3.108806234463786,-0.010641731114440776,0.009442709926917769
2766.0,60927,STARLINK-11243 [DTC],53.1584,A1_NE,2.7083346660748204,-0.010537670334493281,0.009540502827815708
2767.0,60927,STARLINK-11243 [DTC],53.1584,A1_NE,2.517178790235473,-0.010427855908910672,0.009632586980956028
2768.0,60927,STARLINK-11243 [DTC],53.1584,A1_NE,2.581525934104332,-0.010312492722517662,0.00971882429468548
2769.0,60927,STARLINK-11243 [DTC],53.1584,A1_NE,2.8833431151258924,-0.010191800178598196,0.009799094171355285
2770.0,60927,STARLINK-11243 [DTC],53.1584,A1_NE,3.3580928646750707,-0.010066011052843011,0.009873293948835309
2771.0,60927,STARLINK-11243 [DTC],53.1584,A1_NE,3.9426373825193393,-0.009935364939994688,0.009941341832629126
2772.0,60927,STARLINK-11243 [DTC],53.1584,A1_NE,4.594002482794078,-0.009800128185283828,0.010003166384737618
3474.0,62472,STARLINK-11500 [DTC],43.0015,A2_S,4.71263395147926,-0.015408253896181195,0.006682983093531627
3475.0,62472,STARLINK-11500 [DTC],43.0015,A2_S,4.462702003999523,-0.015264864704040098,0.006482346799610443
3476.0,62472,STARLINK-11500 [DTC],43.0015,A2_S,4.421806798711507,-0.015110920847474747,0.006281059257914363
3477.0,62472,STARLINK-11500 [DTC],43.0015,A2_S,4.589812911238946,-0.014947124752313431,0.006079653440178924
3478.0,62472,STARLINK-11500 [DTC],43.0015,A2_S,4.939908905429476,-0.014774174263058068,0.0058786151519729084
3596.0,63108,STARLINK-11632 [DTC],43.0006,A1_NE,4.651106635600633,-0.011682022975243568,0.006946291974766489
3597.0,63108,STARLINK-11632 [DTC],43.0006,A1_NE,4.208196376504231,-0.011521322249312002,0.0070035578209264185
3598.0,63108,STARLINK-11632 [DTC],43.0006,A1_NE,3.8784539368880426,-0.011356971134296994,0.007055596060355575
3599.0,63108,STARLINK-11632 [DTC],43.0006,A1_NE,3.689163337034106,-0.011189303875544343,0.0071024343781990965
3600.0,63108,STARLINK-11632 [DTC],43.0006,A1_NE,3.6588226667051114,-0.011018653342596137,0.007144114476467578
3601.0,63108,STARLINK-11632 [DTC],43.0006,A1_NE,3.787877360758158,-0.010845349606213747,0.007180691372721429
3602.0,63108,STARLINK-11632 [DTC],43.0006,A1_NE,4.057906383676441,-0.010669711529514691,0.00721223381103975
3603.0,63108,STARLINK-11632 [DTC],43.0006,A1_NE,4.440179415129862,-0.010492073882034646,0.007238818588769793
3604.0,63108,STARLINK-11632 [DTC],43.0006,A1_NE,4.90567997463627,-0.010312743800976678,0.007260537329282108
4034.0,60935,STARLINK-11253 [DTC],53.159,A3_NW,4.9258474344404,-0.005685821681507569,0.004246025246400358
4035.0,60935,STARLINK-11253 [DTC],53.159,A3_NW,4.742612175615063,-0.005843924680792527,0.004388047850965108
4036.0,60935,STARLINK-11253 [DTC],53.159,A3_NW,4.627858951543434,-0.006006378547880125,0.004534701404574665
4037.0,60935,STARLINK-11253 [DTC],53.159,A3_NW,4.591196937121097,-0.0061732266979043484,0.0046860781219782805
4038.0,60935,STARLINK-11253 [DTC],53.159,A3_NW,4.639101789380185,-0.00634450279641951,0.004842263895834983
4039.0,60935,STARLINK-11253 [DTC],53.159,A3_NW,4.773725355208977,-0.006520236649435352,0.0050033437081723146
4040.0,60935,STARLINK-11253 [DTC],53.159,A3_NW,4.992723591907697,-0.006700424346583769,0.005169374233041871
4050.0,63109,STARLINK-11625 [DTC],43.0015,A1_NE,4.6920489969162045,-0.01311691695462506,0.007476937526359373
4051.0,63109,STARLINK-11625 [DTC],43.0015,A1_NE,3.924336699186478,-0.012942242779873008,0.007544586417483808
4052.0,63109,STARLINK-11625 [DTC],43.0015,A1_NE,3.2147133023903245,-0.012761688454177699,0.0076056840175507965
4053.0,63109,STARLINK-11625 [DTC],43.0015,A1_NE,2.6059125397602347,-0.012575718270474108,0.007660242508063367
4054.0,63109,STARLINK-11625 [DTC],43.0015,A1_NE,2.1774176126751312,-0.012384792745790534,0.007708298067985605
4055.0,63109,STARLINK-11625 [DTC],43.0015,A1_NE,2.038480690212077,-0.01218939690430633,0.007749902431001985
4056.0,63109,STARLINK-11625 [DTC],43.0015,A1_NE,2.236407168904821,-0.011989991632269787,0.007785133386344408
4057.0,63109,STARLINK-11625 [DTC],43.0015,A1_NE,2.691848960009295,-0.011787041844709245,0.00781408558506023
4058.0,63109,STARLINK-11625 [DTC],43.0015,A1_NE,3.2945724220794794,-0.01158100663267889,0.007836871317490468
4059.0,63109,STARLINK-11625 [DTC],43.0015,A1_NE,3.973661601264693,-0.011372337198609441,0.00785361915875367
4060.0,63109,STARLINK-11625 [DTC],43.0015,A1_NE,4.692157412048187,-0.01116147491699835,0.007864472563042861
4117.0,62840,STARLINK-11551 [DTC],43.0009,A1_NE,4.510151460022589,-0.00990398563638329,-0.0016289070079434373
4118.0,62840,STARLINK-11551 [DTC],43.0009,A1_NE,3.9981740756633077,-0.009670306829506412,-0.0015260841536409915
4119.0,62840,STARLINK-11551 [DTC],43.0009,A1_NE,3.557409761734755,-0.009440537890058906,-0.0014272711694906382
4120.0,62840,STARLINK-11551 [DTC],43.0009,A1_NE,3.2096078267002124,-0.009214818457439688,-0.0013323841641561304
4121.0,62840,STARLINK-11551 [DTC],43.0009,A1_NE,2.9794325195364406,-0.008993256402327015,-0.0012413299977463458
4122.0,62840,STARLINK-11551 [DTC],43.0009,A1_NE,2.8871435364590377,-0.00877596492335108,-0.001154021763439908
4123.0,62840,STARLINK-11551 [DTC],43.0009,A1_NE,2.938174226396104,-0.008563010620490768,-0.0010703577166889168
4124.0,62840,STARLINK-11551 [DTC],43.0009,A1_NE,3.1186622340288697,-0.00835445084981614,-0.0009902369064501107
4125.0,62840,STARLINK-11551 [DTC],43.0009,A1_NE,3.4020545991296522,-0.008150326202799192,-0.0009135561895852866
4126.0,62840,STARLINK-11551 [DTC],43.0009,A1_NE,3.759923692057926,-0.007950661913040502,-0.0008402109122215998
4127.0,62840,STARLINK-11551 [DTC],43.0009,A1_NE,4.168591373942083,-0.007755469234118748,-0.0007700955271878053
4128.0,62840,STARLINK-11551 [DTC],43.0009,A1_NE,4.610640191388786,-0.007564739123974355,-0.0007031015078011883
4968.0,63106,STARLINK-11584 [DTC],43.0011,A3_NW,4.9164935041231566,-0.007610744376978466,0.0006123603277459411
4969.0,63106,STARLINK-11584 [DTC],43.0011,A3_NW,4.528281813869749,-0.0078003084521690285,0.0006781590800735746
4970.0,63106,STARLINK-11584 [DTC],43.0011,A3_NW,4.18094435173245,-0.007994227235137315,0.0007470642158017662
4971.0,63106,STARLINK-11584 [DTC],43.0011,A3_NW,3.8901018579520628,-0.008192496995553793,0.0008191815594637441
4972.0,63106,STARLINK-11584 [DTC],43.0011,A3_NW,3.6743324269300564,-0.008395101344605188,0.0008946166489759471
4973.0,63106,STARLINK-11584 [DTC],43.0011,A3_NW,3.552868903694382,-0.008602009980634083,0.0009734741965113144
4974.0,63106,STARLINK-11584 [DTC],43.0011,A3_NW,3.541188348046194,-0.008813185969181346,0.0010558608753320179
4975.0,63106,STARLINK-11584 [DTC],43.0011,A3_NW,3.6461373730008795,-0.009028550204820176,0.001141871250623228
4976.0,59425,STARLINK-11085 [DTC],53.1592,A3_NW,4.890984596405788,-0.009726744653647484,-0.009953697723440914
4976.0,63106,STARLINK-11584 [DTC],43.0011,A3_NW,3.863871008051498,-0.009248030974534095,0.0012316069238977531
4977.0,63106,STARLINK-11584 [DTC],43.0011,A3_NW,4.182206281211216,-0.009471528689051595,0.0013251626142361602
4977.0,59425,STARLINK-11085 [DTC],53.1592,A3_NW,4.270647753729327,-0.009861666980508428,-0.009892837721412272
4978.0,59425,STARLINK-11085 [DTC],53.1592,A3_NW,3.7191406406276655,-0.009992114934285609,-0.009825848294214843
4978.0,63106,STARLINK-11584 [DTC],43.0011,A3_NW,4.58532565120748,-0.009698922778912078,0.0014226285156795635
4979.0,59425,STARLINK-11085 [DTC],53.1592,A3_NW,3.2731964683373875,-0.01011783593415452,-0.009752792070647765
4980.0,59425,STARLINK-11085 [DTC],53.1592,A3_NW,2.9821870002509536,-0.010238587749732752,-0.009673749656900146
4981.0,59425,STARLINK-11085 [DTC],53.1592,A3_NW,2.894589335355102,-0.010354144297668889,-0.009588815931947313
4982.0,59425,STARLINK-11085 [DTC],53.1592,A3_NW,3.029090011111952,-0.010464278432059725,-0.00949811366141539
4983.0,59425,STARLINK-11085 [DTC],53.1592,A3_NW,3.359706601394565,-0.010568790977452048,-0.009401772578055464
4984.0,59425,STARLINK-11085 [DTC],53.1592,A3_NW,3.836337727792612,-0.010667492947991374,-0.009299942289997781
4985.0,59425,STARLINK-11085 [DTC],53.1592,A3_NW,4.411933466078424,-0.010760211248316914,-0.009192788340635227
5001.0,62836,STARLINK-11533 [DTC],43.0029,A3_NW,4.560815370221998,-0.011607955452340368,-0.007972228510698173
5002.0,62836,STARLINK-11533 [DTC],43.0029,A3_NW,3.9834910112043684,-0.011822673104674383,-0.007956305042055354
5003.0,62836,STARLINK-11533 [DTC],43.0029,A3_NW,3.5091817349921324,-0.012034494939629803,-0.007934073248875195
5004.0,62836,STARLINK-11533 [DTC],43.0029,A3_NW,3.190158495144303,-0.012242944501361791,-0.00790539498533815
5005.0,62836,STARLINK-11533 [DTC],43.0029,A3_NW,3.081067506211803,-0.01244751225221482,-0.007870153401531878
5006.0,62836,STARLINK-11533 [DTC],43.0029,A3_NW,3.208844166575586,-0.012647708277889825,-0.007828247513237838
5007.0,62836,STARLINK-11533 [DTC],43.0029,A3_NW,3.552660411657593,-0.012843031114864163,-0.007779597958736629
5008.0,62836,STARLINK-11533 [DTC],43.0029,A3_NW,4.061829142508241,-0.013032978911560078,-0.007724147282846189
5009.0,62836,STARLINK-11533 [DTC],43.0029,A3_NW,4.685849690353503,-0.013217052265416548,-0.007661861123847251
5051.0,63105,STARLINK-11624 [DTC],43.0081,A3_NW,4.613361654234523,-0.0074091788540096995,0.0007510772844153296
5052.0,63105,STARLINK-11624 [DTC],43.0081,A3_NW,4.122392296265803,-0.007597054603195108,0.000817171807411693
5053.0,63105,STARLINK-11624 [DTC],43.0081,A3_NW,3.650158057206397,-0.007789426251113349,0.000886314713452048
5054.0,63105,STARLINK-11624 [DTC],43.0081,A3_NW,3.210513650422499,-0.007986304758122226,0.000958609845392024
5055.0,63105,STARLINK-11624 [DTC],43.0081,A3_NW,2.825341527535295,-0.008187689205036416,0.0010341608756860464
5056.0,63105,STARLINK-11624 [DTC],43.0081,A3_NW,2.5274152432476296,-0.008393573913520243,0.0011130740327519797
5057.0,63105,STARLINK-11624 [DTC],43.0081,A3_NW,2.3587438374015823,-0.008603913824924021,0.0011954446900425248
5058.0,63105,STARLINK-11624 [DTC],43.0081,A3_NW,2.3562532912411145,-0.008818672784274716,0.0012813757604449923
5059.0,63105,STARLINK-11624 [DTC],43.0081,A3_NW,2.5290568636428876,-0.009037789153688558,0.0013709644254811116
5060.0,63105,STARLINK-11624 [DTC],43.0081,A3_NW,2.853317100991083,-0.009261182495669538,0.001464304456269574
5061.0,63105,STARLINK-11624 [DTC],43.0081,A3_NW,3.291590769221577,-0.009488752000041109,0.0015614853508820236
5062.0,63105,STARLINK-11624 [DTC],43.0081,A3_NW,3.8110327322920856,-0.009720374913499292,0.0016625914029384918
5063.0,63105,STARLINK-11624 [DTC],43.0081,A3_NW,4.3886015773254,-0.0099559144282092,0.001767704991616293
5331.0,62226,STARLINK-11475 [DTC],53.1574,A1_NE,4.563735876748848,-0.006986360478299597,-0.006439921598644728
5332.0,62226,STARLINK-11475 [DTC],53.1574,A1_NE,3.8761225694223675,-0.006789036573603751,-0.00624721510100506
5333.0,62226,STARLINK-11475 [DTC],53.1574,A1_NE,3.2105795429284654,-0.006596486455187235,-0.006059479983681966
5334.0,62226,STARLINK-11475 [DTC],53.1574,A1_NE,2.573338457134641,-0.006408736789588995,-0.0058767202348554495
5335.0,62226,STARLINK-11475 [DTC],53.1574,A1_NE,1.9781601879613777,-0.006225796210993497,-0.005698923121540787
5336.0,62226,STARLINK-11475 [DTC],53.1574,A1_NE,1.4591533479395875,-0.00604765712048165,-0.005526060976277667
5337.0,62226,STARLINK-11475 [DTC],53.1574,A1_NE,1.104694642303897,-0.005874290526932246,-0.005358086222298665
5338.0,62226,STARLINK-11475 [DTC],53.1574,A1_NE,1.067327994533761,-0.005705675365773441,-0.005194959783519364
5339.0,62226,STARLINK-11475 [DTC],53.1574,A1_NE,1.356449267772783,-0.005541758143225957,-0.005036612004570385
5340.0,62226,STARLINK-11475 [DTC],53.1574,A1_NE,1.810799757498406,-0.005382482447683389,-0.0048829712407360065
5341.0,62226,STARLINK-11475 [DTC],53.1574,A1_NE,2.3269288971508786,-0.005227783174409087,-0.00473395825563564
5342.0,62226,STARLINK-11475 [DTC],53.1574,A1_NE,2.8647743640910845,-0.005077587716129554,-0.004589487372511971
5343.0,62226,STARLINK-11475 [DTC],53.1574,A1_NE,3.4085185493453936,-0.004931817083534152,-0.004449467531710603
5344.0,62226,STARLINK-11475 [DTC],53.1574,A1_NE,3.9511481772092205,-0.0047903868992794085,-0.004313803249013784
5345.0,62226,STARLINK-11475 [DTC],53.1574,A1_NE,4.489246521580002,-0.0046532028967977675,-0.00418239028667332
5454.0,63112,STARLINK-11590 [DTC],43.0083,A3_NW,4.764136765743072,-0.0076707778394361084,0.002096579419119365
5455.0,63112,STARLINK-11590 [DTC],43.0083,A3_NW,4.5059298203122795,-0.007882354733846774,0.002188357871940984
5456.0,63112,STARLINK-11590 [DTC],43.0083,A3_NW,4.322570943136332,-0.00809928623454568,0.002283544325608645
5457.0,63112,STARLINK-11590 [DTC],43.0083,A3_NW,4.229165690317203,-0.008321555425838765,0.0023822082263766867
5458.0,63112,STARLINK-11590 [DTC],43.0083,A3_NW,4.237210525402176,-0.008549154043621292,0.002484425868200934
5459.0,63112,STARLINK-11590 [DTC],43.0083,A3_NW,4.35176235249624,-0.008782045926476781,0.002590264302343795
5460.0,63112,STARLINK-11590 [DTC],43.0083,A3_NW,4.570373423783092,-0.00902017369277695,0.002699784106708657
5461.0,63112,STARLINK-11590 [DTC],43.0083,A3_NW,4.884481184546229,-0.009263456728006885,0.002813038317482469
5498.0,62841,STARLINK-11531 [DTC],43.0002,A3_NW,4.882207103272232,-0.010300872802045925,-0.00731902534892839
5499.0,62841,STARLINK-11531 [DTC],43.0002,A3_NW,4.343144877255681,-0.01048329797126565,-0.007300082569958838
5500.0,62841,STARLINK-11531 [DTC],43.0002,A3_NW,3.872194906796156,-0.010664131599556141,-0.007276235414775301
5501.0,62841,STARLINK-11531 [DTC],43.0002,A3_NW,3.501131405702171,-0.010843060930098618,-0.007247384277995527
5502.0,62841,STARLINK-11531 [DTC],43.0002,A3_NW,3.268574340262706,-0.011019744457489747,-0.00721344397260038
5503.0,62841,STARLINK-11531 [DTC],43.0002,A3_NW,3.209089724306423,-0.011193856283123067,-0.007174337657007541
5504.0,62841,STARLINK-11531 [DTC],43.0002,A3_NW,3.3359460598397295,-0.011365058479953812,-0.0071300021255436725
5505.0,62841,STARLINK-11531 [DTC],43.0002,A3_NW,3.6331726904525787,-0.011533009660426015,-0.007080387560878001
5506.0,62841,STARLINK-11531 [DTC],43.0002,A3_NW,4.066552758719912,-0.011697366405714298,-0.0070254582943314525
5507.0,62841,STARLINK-11531 [DTC],43.0002,A3_NW,4.6002575671658095,-0.01185778478683401,-0.006965193502989124
6472.0,61880,STARLINK-11328 [DTC],53.1587,A1_NE,4.655134706284676,-0.011585144943523643,0.009755935093499635
6473.0,61880,STARLINK-11328 [DTC],53.1587,A1_NE,3.838983709549149,-0.011497760416824997,0.009879852643481457
6474.0,61880,STARLINK-11328 [DTC],53.1587,A1_NE,3.0510953148033986,-0.011402761720729673,0.009997526043728219
6475.0,61880,STARLINK-11328 [DTC],53.1587,A1_NE,2.3212044090562873,-0.01130032637903702,0.01010872163122206
6476.0,61880,STARLINK-11328 [DTC],53.1587,A1_NE,1.7248870556614433,-0.011190656111362142,0.010213226669484212
6477.0,61880,STARLINK-11328 [DTC],53.1587,A1_NE,1.4385417567091543,-0.01107397571117187,0.010310850482384106
6478.0,61880,STARLINK-11328 [DTC],53.1587,A1_NE,1.6329275942298274,-0.010950531785558269,0.010401425417458357
6479.0,61880,STARLINK-11328 [DTC],53.1587,A1_NE,2.1817079056323796,-0.010820591311449107,0.01048480763128205
6480.0,61880,STARLINK-11328 [DTC],53.1587,A1_NE,2.8880389246314335,-0.010684434462323455,0.010560880600620685
6481.0,61880,STARLINK-11328 [DTC],53.1587,A1_NE,3.6602610256481065,-0.010542375074223556,0.010629543583582271
6482.0,61880,STARLINK-11328 [DTC],53.1587,A1_NE,4.462782063259858,-0.010394725946931412,0.010690730203703936
6603.0,62218,STARLINK-11394 [DTC],53.1583,A3_NW,4.837225035011946,-0.010082820534270166,-0.010531872263956321
6604.0,62218,STARLINK-11394 [DTC],53.1583,A3_NW,3.996448559294969,-0.010231597623863414,-0.010475925104154057
6605.0,62218,STARLINK-11394 [DTC],53.1583,A3_NW,3.1530619791207792,-0.010375376630055912,-0.010412849299135784
6606.0,62218,STARLINK-11394 [DTC],53.1583,A3_NW,2.307382144183318,-0.010513853050284142,-0.010342691841340236
6607.0,62218,STARLINK-11394 [DTC],53.1583,A3_NW,1.4599001854509523,-0.010646718088358277,-0.010265531287470547
6608.0,62218,STARLINK-11394 [DTC],53.1583,A3_NW,0.6115392815823885,-0.010773693799505327,-0.010181460749072951
6609.0,62218,STARLINK-11394 [DTC],53.1583,A3_NW,0.24553867615692565,-0.010894512190808302,-0.010090598661071608
6610.0,62218,STARLINK-11394 [DTC],53.1583,A3_NW,1.0937136989971585,-0.01100892244036478,-0.009993085694129008
6611.0,62218,STARLINK-11394 [DTC],53.1583,A3_NW,1.9456094543566198,-0.011116692317362238,-0.009889084179138035
6612.0,62218,STARLINK-11394 [DTC],53.1583,A3_NW,2.7980640345120515,-0.011217609485053726,-0.00977877736861701
6613.0,62218,STARLINK-11394 [DTC],53.1583,A3_NW,3.650578137086873,-0.011311486285325615,-0.009662363738611585
6614.0,62218,STARLINK-11394 [DTC],53.1583,A3_NW,4.502692564273313,-0.011398145931106015,-0.009540074926855498
6931.0,63104,STARLINK-11629 [DTC],43.0012,A2_S,4.712370285573259,-0.015247986506120649,0.006906131112689606
6932.0,63104,STARLINK-11629 [DTC],43.0012,A2_S,3.7403853989672733,-0.015156832386409611,0.006708895227058027
6933.0,63104,STARLINK-11629 [DTC],43.0012,A2_S,2.7757155460311638,-0.015054263852088495,0.006510071757295927
6934.0,63104,STARLINK-11629 [DTC],43.0012,A2_S,1.819191478890258,-0.014940791671152526,0.00631016875751708
6935.0,63104,STARLINK-11629 [DTC],43.0012,A2_S,0.8735938739690519,-0.014816957972991334,0.006109687493408685
6936.0,63104,STARLINK-11629 [DTC],43.0012,A2_S,0.1454170632832209,-0.014683328041613432,0.00590911184489816
6937.0,63104,STARLINK-11629 [DTC],43.0012,A2_S,1.0180481808470174,-0.014540485574737392,0.00570890593377713
6938.0,63104,STARLINK-11629 [DTC],43.0012,A2_S,1.9390463028081644,-0.014389028025306626,0.005509512061989134
6939.0,63104,STARLINK-11629 [DTC],43.0012,A2_S,2.853182148479463,-0.014229562096532974,0.005311348999766097
6940.0,63104,STARLINK-11629 [DTC],43.0012,A2_S,3.758515830975772,-0.014062692555322526,0.005114802704650742
6941.0,63104,STARLINK-11629 [DTC],43.0012,A2_S,4.654353349542244,-0.013889045309035336,0.004920256834082019
7050.0,63133,STARLINK-11604 [DTC],43.0002,A1_NE,4.581545193949837,-0.012261602632820832,0.007060425936367445
7051.0,63133,STARLINK-11604 [DTC],43.0002,A1_NE,3.885224921274987,-0.012099639605932421,0.0071266565605395136
7052.0,63133,STARLINK-11604 [DTC],43.0002,A1_NE,3.250370273072974,-0.011933102270187715,0.007187233144780187
7053.0,63133,STARLINK-11604 [DTC],43.0002,A1_NE,2.7160527861290635,-0.011762356071922154,0.0072421669313552685
7054.0,63133,STARLINK-11604 [DTC],43.0002,A1_NE,2.3465815409238404,-0.011587774169162079,0.007291483365610372
7055.0,63133,STARLINK-11604 [DTC],43.0002,A1_NE,2.2197766326734105,-0.011409729207820503,0.007335224159501517
7056.0,63133,STARLINK-11604 [DTC],43.0002,A1_NE,2.3690870474742924,-0.011228591629231753,0.007373446493963172
7057.0,63133,STARLINK-11604 [DTC],43.0002,A1_NE,2.744730128155814,-0.011044728030219485,0.00740622215421332
7058.0,63133,STARLINK-11604 [DTC],43.0002,A1_NE,3.2651264205515282,-0.01085849213426525,0.007433637601614711
7059.0,63133,STARLINK-11604 [DTC],43.0002,A1_NE,3.8684002250336955,-0.010670253439812007,0.007455788808494603
7060.0,63133,STARLINK-11604 [DTC],43.0002,A1_NE,4.518068577859393,-0.01048035097282998,0.007472786865034398
7101.0,63195,STARLINK-11631 [DTC],43.0,A1_NE,4.680882630715994,-0.00923869774200884,-0.0027702356912343014
7102.0,63195,STARLINK-11631 [DTC],43.0,A1_NE,4.397277950023952,-0.008994051580787903,-0.0026570733126469064
7103.0,63195,STARLINK-11631 [DTC],43.0,A1_NE,4.215813379684323,-0.008754687790954056,-0.0025477045306828735
7104.0,63195,STARLINK-11631 [DTC],43.0,A1_NE,4.1435260180783855,-0.00852069927071622,-0.0024420797320377865
7105.0,63195,STARLINK-11631 [DTC],43.0,A1_NE,4.179961658528591,-0.008292126691755471,-0.002340128712540155
7106.0,63195,STARLINK-11631 [DTC],43.0,A1_NE,4.316690418994097,-0.008068999308010126,-0.002241779508732514
7107.0,63195,STARLINK-11631 [DTC],43.0,A1_NE,4.539482625823583,-0.00785132721227657,-0.0021469549211173807
7108.0,63195,STARLINK-11631 [DTC],43.0,A1_NE,4.8317865550003445,-0.007639103208106412,-0.002055573428877453
7740.0,61877,STARLINK-11321 [DTC],53.1598,A3_NW,4.599455544872843,-0.004376050968939058,0.004366204068481323
7741.0,61877,STARLINK-11321 [DTC],53.1598,A3_NW,4.056995126168555,-0.004508521806030921,0.004498684449151182
7742.0,61877,STARLINK-11321 [DTC],53.1598,A3_NW,3.507036395479434,-0.004645206418064166,0.0046353323990424656
7743.0,61877,STARLINK-11321 [DTC],53.1598,A3_NW,2.9510774300569946,-0.0047862056802891705,0.004776245528780922
7744.0,61877,STARLINK-11321 [DTC],53.1598,A3_NW,2.392349052867858,-0.004931611577416744,0.004921512408400408
7745.0,61877,STARLINK-11321 [DTC],53.1598,A3_NW,1.8384600714098445,-0.005081511598921688,0.00507121695665506
7746.0,61877,STARLINK-11321 [DTC],53.1598,A3_NW,1.3105961446971592,-0.005235987774628692,0.005225437493127979
7747.0,61877,STARLINK-11321 [DTC],53.1598,A3_NW,0.8816833897177633,-0.005395115658039507,0.005384245706700388
7748.0,61877,STARLINK-11321 [DTC],53.1598,A3_NW,0.7757636064699021,-0.005558969862381983,0.005547712194147548
7749.0,61877,STARLINK-11321 [DTC],53.1598,A3_NW,1.1116275735295111,-0.005727596287338459,0.005715878743558489
7750.0,61877,STARLINK-11321 [DTC],53.1598,A3_NW,1.6509898881762426,-0.005901050321191255,0.005888796461005033
7751.0,61877,STARLINK-11321 [DTC],53.1598,A3_NW,2.262897776095195,-0.006079369233588838,0.006066498226683055
7752.0,61877,STARLINK-11321 [DTC],53.1598,A3_NW,2.9105575311106944,-0.006262577119550111,0.0062490036435035754
7753.0,61877,STARLINK-11321 [DTC],53.1598,A3_NW,3.5819820309598644,-0.006450683268096588,0.006436317406642385
7754.0,61877,STARLINK-11321 [DTC],53.1598,A3_NW,4.272409720237434,-0.006643680389971315,0.006628427564325382
7755.0,61877,STARLINK-11321 [DTC],53.1598,A3_NW,4.979675498334759,-0.006841542777770506,0.006825303689730912
8029.0,63137,STARLINK-11616 [DTC],42.9992,A3_NW,4.8638291388993435,-0.007993313409028568,0.0006153880353032999
8030.0,63137,STARLINK-11616 [DTC],42.9992,A3_NW,4.599039218137588,-0.008190798937842417,0.000685595060257229
8031.0,63137,STARLINK-11616 [DTC],42.9992,A3_NW,4.398998500384658,-0.008392590696592555,0.0007591206306027822
8032.0,63137,STARLINK-11616 [DTC],42.9992,A3_NW,4.277319577447669,-0.008598667704466654,0.0008360761026421184
8033.0,63137,STARLINK-11616 [DTC],42.9992,A3_NW,4.2454884597019396,-0.008808986143153997,0.0009165690030708966
8034.0,63137,STARLINK-11616 [DTC],42.9992,A3_NW,4.310340876343469,-0.00902348588919851,0.0010007051434631144
8035.0,63137,STARLINK-11616 [DTC],42.9992,A3_NW,4.472508270920515,-0.009242089084453856,0.0010885878982465388
8036.0,63137,STARLINK-11616 [DTC],42.9992,A3_NW,4.726718462050211,-0.009464698706572976,0.001180317416882232
8098.0,60730,STARLINK-11255 [DTC],53.1595,A2_S,4.231327297643955,-0.010931799850282574,-0.007261957033708396
8099.0,60730,STARLINK-11255 [DTC],53.1595,A2_S,3.394935889713032,-0.011104065684760368,-0.007494230968413929
8100.0,60730,STARLINK-11255 [DTC],53.1595,A2_S,2.5507940086614416,-0.011273402565892258,-0.007729731491828886
8101.0,60730,STARLINK-11255 [DTC],53.1595,A2_S,1.705471212249171,-0.011439305948389567,-0.007968115843330532
8102.0,60730,STARLINK-11255 [DTC],53.1595,A2_S,0.890924539865619,-0.011601252650096388,-0.008209005992112814
8103.0,60730,STARLINK-11255 [DTC],53.1595,A2_S,0.47315074339218927,-0.011758702801448015,-0.00845198824597638
8104.0,60730,STARLINK-11255 [DTC],53.1595,A2_S,1.1228915937897685,-0.011911108183141198,-0.00869662306216531
8105.0,60730,STARLINK-11255 [DTC],53.1595,A2_S,1.9915009847646372,-0.012057890554459638,-0.008942405888420987
8106.0,60730,STARLINK-11255 [DTC],53.1595,A2_S,2.898294615258452,-0.012198481482497617,-0.00918882690346104
8107.0,60730,STARLINK-11255 [DTC],53.1595,A2_S,3.8239573072127038,-0.012332300943535282,-0.009435332769794807
8108.0,60730,STARLINK-11255 [DTC],53.1595,A2_S,4.763616250200361,-0.012458767247003483,-0.009681337957654659
8410.0,63140,STARLINK-11607 [DTC],42.9999,A3_NW,4.998579963824311,-0.007080754274486357,0.001368209546255151
8411.0,63140,STARLINK-11607 [DTC],42.9999,A3_NW,4.457494727989646,-0.007272377879213004,0.001442425858930994
8412.0,63140,STARLINK-11607 [DTC],42.9999,A3_NW,3.9198649790305864,-0.007469072120674509,0.0015197492109851728
8413.0,63140,STARLINK-11607 [DTC],42.9999,A3_NW,3.3928712472311893,-0.007670879456776303,0.0016002776998639333
8414.0,63140,STARLINK-11607 [DTC],42.9999,A3_NW,2.8891526823641636,-0.007877830829533063,0.001684108537566928
8415.0,63140,STARLINK-11607 [DTC],42.9999,A3_NW,2.4317121373520187,-0.008089944252326845,0.001771337462879999
8416.0,63140,STARLINK-11607 [DTC],42.9999,A3_NW,2.0621298081316297,-0.0083072321288752,0.0018620618051898759
8417.0,63140,STARLINK-11607 [DTC],42.9999,A3_NW,1.8464626575144927,-0.00852966445292301,0.0019563650139590607
8418.0,63140,STARLINK-11607 [DTC],42.9999,A3_NW,1.8522285742054652,-0.008757219546985728,0.0020543377469808915
8419.0,63140,STARLINK-11607 [DTC],42.9999,A3_NW,2.0891885670304795,-0.008989847515594906,0.0021560625320036914
8420.0,63140,STARLINK-11607 [DTC],42.9999,A3_NW,2.5023068773917885,-0.009227476985208408,0.0022616163770075273
8421.0,63140,STARLINK-11607 [DTC],42.9999,A3_NW,3.028758868201725,-0.0094700131602396,0.0023710697218174035
8422.0,63140,STARLINK-11607 [DTC],42.9999,A3_NW,3.626880256104756,-0.009717335790304442,0.0024844853013775664
8423.0,63140,STARLINK-11607 [DTC],42.9999,A3_NW,4.2732092639258905,-0.009969307338906067,0.0026019217345645824
8424.0,63140,STARLINK-11607 [DTC],42.9999,A3_NW,4.954685035097621,-0.010225730131066731,0.002723413160187601
8487.0,63185,STARLINK-11618 [DTC],43.0009,A3_NW,4.771781342345088,-0.010570773151993966,-0.007645688219039334
8488.0,63185,STARLINK-11618 [DTC],43.0009,A3_NW,4.00992395413278,-0.010770117555403242,-0.007634555859176988
8489.0,63185,STARLINK-11618 [DTC],43.0009,A3_NW,3.249810885524952,-0.010967925414381755,-0.007618072197072768
8490.0,63185,STARLINK-11618 [DTC],43.0009,A3_NW,2.4998080761871235,-0.011163831815150694,-0.007596104958692462
8491.0,63185,STARLINK-11618 [DTC],43.0009,A3_NW,1.7822236669622147,-0.01135743835576277,-0.0075685366310160995
8492.0,63185,STARLINK-11618 [DTC],43.0009,A3_NW,1.172682987675776,-0.011548361838588221,-0.007535260337828826
8493.0,63185,STARLINK-11618 [DTC],43.0009,A3_NW,0.9364130119672333,-0.011736204172001052,-0.007496184289949915
8494.0,63185,STARLINK-11618 [DTC],43.0009,A3_NW,1.3082217951061637,-0.011920561959032001,-0.007451232110665838
8495.0,63185,STARLINK-11618 [DTC],43.0009,A3_NW,1.9767864927886407,-0.012101028270855236,-0.007400343877768351
8496.0,63185,STARLINK-11618 [DTC],43.0009,A3_NW,2.7373231820393102,-0.012277194574525757,-0.007343477092580571
8497.0,63185,STARLINK-11618 [DTC],43.0009,A3_NW,3.534575574232734,-0.012448659521769746,-0.007280604916456873
8498.0,63185,STARLINK-11618 [DTC],43.0009,A3_NW,4.351120364280179,-0.012615003654062354,-0.007211727316972504
8600.0,64127,STARLINK-11721 [DTC],43.0027,A2_S,4.271593777271647,-0.01411022497140074,-0.005153616933895033
8601.0,64127,STARLINK-11721 [DTC],43.0027,A2_S,3.3979866594361616,-0.014285141022897317,-0.005350622978565388
8602.0,64127,STARLINK-11721 [DTC],43.0027,A2_S,2.542416631112655,-0.014452737173527281,-0.005549283654234878
8603.0,64127,STARLINK-11721 [DTC],43.0027,A2_S,1.7474505346854579,-0.014612380729437257,-0.005749207436265529
8604.0,64127,STARLINK-11721 [DTC],43.0027,A2_S,1.1698501105713515,-0.014763435017648223,-0.0059499689848191515
8605.0,64127,STARLINK-11721 [DTC],43.0027,A2_S,1.2083429065823466,-0.014905271069309606,-0.006151118425022028
8606.0,64127,STARLINK-11721 [DTC],43.0027,A2_S,1.8377737452935738,-0.015037272358046128,-0.006352183099962476
8607.0,64127,STARLINK-11721 [DTC],43.0027,A2_S,2.6771812065925356,-0.015158839696822553,-0.006552669640891019
8608.0,64127,STARLINK-11721 [DTC],43.0027,A2_S,3.5880135421507746,-0.015269396272687488,-0.006752066417800369
8609.0,64127,STARLINK-11721 [DTC],43.0027,A2_S,4.5319401051318895,-0.015368396468701303,-0.0069498542145581986
9739.0,61950,STARLINK-11423 [DTC],53.1572,A1_NE,4.9625592643952485,-0.010495495779719264,0.009065917032366016
9740.0,61950,STARLINK-11423 [DTC],53.1572,A1_NE,4.565465972821725,-0.01040033049509213,0.009166864577914914
9741.0,61950,STARLINK-11423 [DTC],53.1572,A1_NE,4.280885915368206,-0.010299655077685438,0.009262687516411154
9742.0,61950,STARLINK-11423 [DTC],53.1572,A1_NE,4.131941791665405,-0.01019364321125295,0.00935324131652181
9743.0,61950,STARLINK-11423 [DTC],53.1572,A1_NE,4.132920275902604,-0.01008248227502138,0.00943839630114615
9744.0,61950,STARLINK-11423 [DTC],53.1572,A1_NE,4.283135785988313,-0.00996636767007206,0.009518041245044058
9745.0,61950,STARLINK-11423 [DTC],53.1572,A1_NE,4.567134638803142,-0.009845520719687773,0.009592071184326577
9746.0,61950,STARLINK-11423 [DTC],53.1572,A1_NE,4.961146882086358,-0.009720159577412082,0.009660406948970862
10044.0,63317,STARLINK-11633 [DTC],43.0008,A1_NE,4.63499146875411,-0.011982384909654906,0.0069904991515721574
10045.0,63317,STARLINK-11633 [DTC],43.0008,A1_NE,4.052167653995319,-0.011821647570561141,0.007052876102337673
10046.0,63317,STARLINK-11633 [DTC],43.0008,A1_NE,3.5593237220299794,-0.011656774225739734,0.007109822857387526
10047.0,63317,STARLINK-11633 [DTC],43.0008,A1_NE,3.194721336078382,-0.011488116889103391,0.007161355935393282
10048.0,63317,STARLINK-11633 [DTC],43.0008,A1_NE,3.001336208531927,-0.011316020638260465,0.007207509098013292
10049.0,63317,STARLINK-11633 [DTC],43.0008,A1_NE,3.0080866915405746,-0.01114084984658561,0.007248325440470603
10050.0,63317,STARLINK-11633 [DTC],43.0008,A1_NE,3.2095385855894865,-0.010962945098180526,0.007283867761346411
10051.0,63317,STARLINK-11633 [DTC],43.0008,A1_NE,3.569024908626998,-0.01078264935757385,0.007314210094159629
10052.0,63317,STARLINK-11633 [DTC],43.0008,A1_NE,4.041083294928827,-0.010600299780108536,0.007339438800335205
10053.0,63317,STARLINK-11633 [DTC],43.0008,A1_NE,4.587914662375599,-0.010416226499135572,0.007359651660295794
10321.0,60725,STARLINK-11263 [DTC],53.16,A3_NW,4.690233405292684,-0.009770970620202372,-0.009783108211293742
10322.0,60725,STARLINK-11263 [DTC],53.16,A3_NW,4.21390556989282,-0.009899471118554161,-0.009716137953817811
10323.0,60725,STARLINK-11263 [DTC],53.16,A3_NW,3.844270768749454,-0.010023381972854604,-0.009643285472357575
10324.0,60725,STARLINK-11263 [DTC],53.16,A3_NW,3.6154650591716067,-0.01014247484120948,-0.009564627657832725
10325.0,60725,STARLINK-11263 [DTC],53.16,A3_NW,3.5558408468325915,-0.010256527117581729,-0.00948026090876922
10326.0,60725,STARLINK-11263 [DTC],53.16,A3_NW,3.6744224112106134,-0.010365328331669236,-0.009390298274967459
10327.0,60725,STARLINK-11263 [DTC],53.16,A3_NW,3.9557072102350537,-0.01046868119294787,-0.009294869062823483
10328.0,60725,STARLINK-11263 [DTC],53.16,A3_NW,4.368615141874428,-0.010566402580766616,-0.009194118332950167
10329.0,60725,STARLINK-11263 [DTC],53.16,A3_NW,4.879894223739016,-0.010658328023905535,-0.009088201928798665
10409.0,63144,STARLINK-11581 [DTC],43.0002,A2_S,4.712416018321557,-0.014620818409931152,0.006245041124929655
10410.0,63144,STARLINK-11581 [DTC],43.0002,A2_S,4.167656061379607,-0.014522831898933697,0.00604831654951446
10411.0,63144,STARLINK-11581 [DTC],43.0002,A2_S,3.777593151044597,-0.014415189916584787,0.005851299082219202
10412.0,63144,STARLINK-11581 [DTC],43.0002,A2_S,3.5874650912327515,-0.014298383114018926,0.005654443407632665
10413.0,63144,STARLINK-11581 [DTC],43.0002,A2_S,3.623033336734604,-0.01417290684824548,0.005458162264391397
10414.0,63144,STARLINK-11581 [DTC],43.0002,A2_S,3.8724382269512416,-0.01403927430469531,0.005262856435046045
10415.0,63144,STARLINK-11581 [DTC],43.0002,A2_S,4.293323325933368,-0.013898008623926197,0.0050689053893509155
10416.0,63144,STARLINK-11581 [DTC],43.0002,A2_S,4.836317613166577,-0.013749639294818485,0.004876666112400251
10528.0,63307,STARLINK-11568 [DTC],42.9982,A1_NE,4.787190980804844,-0.013221652057865126,0.007676508833513057
10529.0,63307,STARLINK-11568 [DTC],42.9982,A1_NE,4.197128430794911,-0.013036674899618673,0.007737628499266968
10530.0,63307,STARLINK-11568 [DTC],42.9982,A1_NE,3.727978247971135,-0.012845830104884378,0.0077919021363477906
10531.0,63307,STARLINK-11568 [DTC],42.9982,A1_NE,3.425439596156224,-0.012649635568935539,0.00783936325701782
10532.0,63307,STARLINK-11568 [DTC],42.9982,A1_NE,3.33038784980513,-0.012448588465495247,0.007880075125449382
10533.0,63307,STARLINK-11568 [DTC],42.9982,A1_NE,3.4551211902711843,-0.012243192898427416,0.007914120536686647
10534.0,63307,STARLINK-11568 [DTC],42.9982,A1_NE,3.7732761568906263,-0.012033949631577912,0.00794160280687332
10535.0,63307,STARLINK-11568 [DTC],42.9982,A1_NE,4.2372261755549285,-0.011821353537381143,0.0079626443444864
10536.0,63307,STARLINK-11568 [DTC],42.9982,A1_NE,4.800970370661975,-0.011605891249489849,0.007977385145472986
10600.0,64128,STARLINK-11722 [DTC],43.0007,A1_NE,4.832703248205372,-0.010267075592957094,-0.0020416902127408263
10601.0,64128,STARLINK-11722 [DTC],43.0007,A1_NE,4.156415222969454,-0.010023088316856475,-0.001929265791138823
10602.0,64128,STARLINK-11722 [DTC],43.0007,A1_NE,3.510318013191649,-0.009782953019988253,-0.0018209569559295483
10603.0,64128,STARLINK-11722 [DTC],43.0007,A1_NE,2.905409584794498,-0.009546848544031332,-0.0017166976463471669
10604.0,64128,STARLINK-11722 [DTC],43.0007,A1_NE,2.3624765115007746,-0.009314917944094983,-0.0016164098055080778
10605.0,64128,STARLINK-11722 [DTC],43.0007,A1_NE,1.9215307930932894,-0.009087307376132114,-0.0015200205108609757
10606.0,64128,STARLINK-11722 [DTC],43.0007,A1_NE,1.6510455709454832,-0.008864111825232415,-0.0014274388444419867
10607.0,64128,STARLINK-11722 [DTC],43.0007,A1_NE,1.6234893583864083,-0.008645414322543857,-0.00133857318610568
10608.0,64128,STARLINK-11722 [DTC],43.0007,A1_NE,1.837571893771977,-0.008431278157133102,-0.001253328010236639
10609.0,64128,STARLINK-11722 [DTC],43.0007,A1_NE,2.2148528493316864,-0.008221748494039477,-0.0011716047258883066
10610.0,64128,STARLINK-11722 [DTC],43.0007,A1_NE,2.6797099430312166,-0.008016853900556654,-0.001093302437065389
10611.0,64128,STARLINK-11722 [DTC],43.0007,A1_NE,3.187895114299745,-0.007816599871024841,-0.0010183156829717205
10612.0,64128,STARLINK-11722 [DTC],43.0007,A1_NE,3.716515112625763,-0.007621002257744274,-0.0009465469907395169
10613.0,64128,STARLINK-11722 [DTC],43.0007,A1_NE,4.253659677833759,-0.007430040257575307,-0.0008778893361549778
10614.0,64128,STARLINK-11722 [DTC],43.0007,A1_NE,4.792793441647468,-0.007243690092010498,-0.0008122388351668166
11443.0,63309,STARLINK-11585 [DTC],43.0015,A3_NW,4.9368048326233716,-0.007292572254591474,0.0007235638327247933
11444.0,63309,STARLINK-11585 [DTC],43.0015,A3_NW,4.429611121660779,-0.007478532224504011,0.0007881520552185585
11445.0,63309,STARLINK-11585 [DTC],43.0015,A3_NW,3.93299915960857,-0.007669029700221413,0.0008557442703335178
11446.0,63309,STARLINK-11585 [DTC],43.0015,A3_NW,3.4566066269441076,-0.007864084190172572,0.0009264452862042382
11447.0,63309,STARLINK-11585 [DTC],43.0015,A3_NW,3.016109990401119,-0.008063704011059403,0.0010003600542656372
11448.0,63309,STARLINK-11585 [DTC],43.0015,A3_NW,2.636840638323685,-0.008267885032911313,0.0010775931801769157
11449.0,63309,STARLINK-11585 [DTC],43.0015,A3_NW,2.3570772369646877,-0.00847660939226903,0.0011582483781421282
11450.0,63309,STARLINK-11585 [DTC],43.0015,A3_NW,2.2241463261691985,-0.008689852771811791,0.001242431316004804
11451.0,63309,STARLINK-11585 [DTC],43.0015,A3_NW,2.2735230938801347,-0.008907548462731863,0.0013302352465002336
11452.0,63309,STARLINK-11585 [DTC],43.0015,A3_NW,2.5033058017974845,-0.009129637348665448,0.0014217605718102623
11453.0,63309,STARLINK-11585 [DTC],43.0015,A3_NW,2.8785236238156586,-0.009356032184535188,0.0015171006126592727
11454.0,63309,STARLINK-11585 [DTC],43.0015,A3_NW,3.357797398077267,-0.009586624500434631,0.001616344024148633
11455.0,63309,STARLINK-11585 [DTC],43.0015,A3_NW,3.9093115146473036,-0.009821282937145974,0.0017195738111480633
11456.0,63309,STARLINK-11585 [DTC],43.0015,A3_NW,4.512285724813822,-0.010059851578648128,0.0018268662681521295
11491.0,64125,STARLINK-11725 [DTC],43.001,A3_NW,4.7879664891185,-0.012128875902331443,-0.008044560080802706
11492.0,64125,STARLINK-11725 [DTC],43.001,A3_NW,4.47164709338122,-0.01234421840348531,-0.008021028288439553
11493.0,64125,STARLINK-11725 [DTC],43.001,A3_NW,4.306482433032662,-0.01255568798045864,-0.007990771675330249
11494.0,64125,STARLINK-11725 [DTC],43.001,A3_NW,4.314192497350128,-0.012762766607176708,-0.007953670049347928
11495.0,64125,STARLINK-11725 [DTC],43.001,A3_NW,4.49782538049354,-0.012964907097054919,-0.007909628970341528
11496.0,64125,STARLINK-11725 [DTC],43.001,A3_NW,4.840849076999951,-0.013161585997385733,-0.007858572280687858
11810.0,60907,STARLINK-11226 [DTC],53.1615,A2_S,4.945034866247708,-0.01087839903385506,-0.0074247712920833195
11811.0,60907,STARLINK-11226 [DTC],53.1615,A2_S,4.160926024463341,-0.011060809857704638,-0.0076609875003909676
11812.0,60907,STARLINK-11226 [DTC],53.1615,A2_S,3.398398780797484,-0.011240656290232642,-0.00790049476502294
11813.0,60907,STARLINK-11226 [DTC],53.1615,A2_S,2.6879913780333435,-0.01141742180467735,-0.008142945219261172
11814.0,60907,STARLINK-11226 [DTC],53.1615,A2_S,2.0993480160696416,-0.01159054666009154,-0.00838792419189785
11815.0,60907,STARLINK-11226 [DTC],53.1615,A2_S,1.7776492703107871,-0.011759472503277748,-0.00863500830069708
11816.0,60907,STARLINK-11226 [DTC],53.1615,A2_S,1.883819392162454,-0.011923616064039733,-0.00888372642630756
11817.0,60907,STARLINK-11226 [DTC],53.1615,A2_S,2.374505626281471,-0.01208237899894624,-0.009133569659906957
11818.0,60907,STARLINK-11226 [DTC],53.1615,A2_S,3.0810212538656874,-0.012235150977856196,-0.009383991989105596
11819.0,60907,STARLINK-11226 [DTC],53.1615,A2_S,3.8955373149839714,-0.012381313155810541,-0.009634411423600267
11820.0,60907,STARLINK-11226 [DTC],53.1615,A2_S,4.76949470123405,-0.012520247463171668,-0.00988422162396183
11959.0,61943,STARLINK-11425 [DTC],53.1568,A2_S,4.3078515675748985,-0.012444817499966874,0.009687650111229943
11960.0,61943,STARLINK-11425 [DTC],53.1568,A2_S,3.3707774420591323,-0.012310178256877094,0.00943967245112463
11961.0,61943,STARLINK-11425 [DTC],53.1568,A2_S,2.452117630892997,-0.012168433303493686,0.00919133964735619
11962.0,61943,STARLINK-11425 [DTC],53.1568,A2_S,1.5651844860290451,-0.012020194091429553,0.008943259934653452
11963.0,61943,STARLINK-11425 [DTC],53.1568,A2_S,0.7816845478236785,-0.011866050793885372,0.008695977815029883
11964.0,61943,STARLINK-11425 [DTC],53.1568,A2_S,0.6588343920000234,-0.011706591203518418,0.008450012630828556
11965.0,61943,STARLINK-11425 [DTC],53.1568,A2_S,1.362281490272671,-0.01154239187850207,0.00820584762621461
11966.0,61943,STARLINK-11425 [DTC],53.1568,A2_S,2.193827868513806,-0.011374015236881235,0.007963929428294814
11967.0,64126,STARLINK-11717 [DTC],43.0008,A3_NW,4.7266406582909815,-0.010448044030068594,-0.007496374483280575
11967.0,61943,STARLINK-11425 [DTC],53.1568,A2_S,3.0400381347376944,-0.011202006999220457,0.007724667888100058
11968.0,61943,STARLINK-11425 [DTC],53.1568,A2_S,3.883222746280601,-0.011026894025164127,0.007488436295825924
11968.0,64126,STARLINK-11717 [DTC],43.0008,A3_NW,4.070381492539534,-0.010639194064042538,-0.007480650328754356
11969.0,64126,STARLINK-11717 [DTC],43.0008,A3_NW,3.4548273756543173,-0.010828772662553133,-0.0074597666376622854
11969.0,61943,STARLINK-11425 [DTC],53.1568,A2_S,4.718382080166548,-0.010849175288798665,0.0072555625875675225
11970.0,64126,STARLINK-11717 [DTC],43.0008,A3_NW,2.911442326476893,-0.0110164174729722,-0.007433611194769476
11971.0,64126,STARLINK-11717 [DTC],43.0008,A3_NW,2.494099933474791,-0.011201780611576444,-0.0074020809378036855
11972.0,64126,STARLINK-11717 [DTC],43.0008,A3_NW,2.279870914154306,-0.011384499352523472,-0.007365086131218087
11973.0,64126,STARLINK-11717 [DTC],43.0008,A3_NW,2.3317791934236403,-0.011564205157076998,-0.007322550624812122
11974.0,64126,STARLINK-11717 [DTC],43.0008,A3_NW,2.6394002531797667,-0.01174052520002981,-0.007274412803365732
11975.0,64126,STARLINK-11717 [DTC],43.0008,A3_NW,3.1324185980628596,-0.011913083961588784,-0.007220626481837122
11976.0,64126,STARLINK-11717 [DTC],43.0008,A3_NW,3.7415762004876276,-0.012081511643567647,-0.007161159223911309
11977.0,64126,STARLINK-11717 [DTC],43.0008,A3_NW,4.421745518966495,-0.012245419014560475,-0.00709600288891808
12324.0,60906,STARLINK-11264 [DTC],53.1599,A1_NE,4.924567979155451,-0.005329172418609956,-0.006416383706354062
12325.0,60906,STARLINK-11264 [DTC],53.1599,A1_NE,4.747904076322658,-0.005162254543132543,-0.006239906226925193
12326.0,60906,STARLINK-11264 [DTC],53.1599,A1_NE,4.6568920938539495,-0.005000300210338724,-0.006067919410911991
12327.0,60906,STARLINK-11264 [DTC],53.1599,A1_NE,4.651593135809667,-0.00484323261836413,-0.005900395606982877
12328.0,60906,STARLINK-11264 [DTC],53.1599,A1_NE,4.727626939509723,-0.004690973132535053,-0.005737302848590246
12329.0,60906,STARLINK-11264 [DTC],53.1599,A1_NE,4.876864761094972,-0.004543435725158598,-0.005578598992868669
13417.0,63314,STARLINK-11640 [DTC],42.9994,A2_S,4.560972894885089,-0.015561655863516448,0.006982985995619401
13418.0,63314,STARLINK-11640 [DTC],42.9994,A2_S,3.778589016159363,-0.015448714571494316,0.006782280811723982
13419.0,63314,STARLINK-11640 [DTC],42.9994,A2_S,3.122801443294243,-0.015324033796733224,0.0065800512753187695
13420.0,63314,STARLINK-11640 [DTC],42.9994,A2_S,2.679493896231854,-0.015188226643684364,0.006376844423961602
13421.0,63314,STARLINK-11640 [DTC],42.9994,A2_S,2.5520322303465277,-0.015041932065685949,0.006173189575766434
13422.0,63314,STARLINK-11640 [DTC],42.9994,A2_S,2.7749728545339156,-0.014885809246815979,0.005969595478085427
13423.0,63314,STARLINK-11640 [DTC],42.9994,A2_S,3.269454140247018,-0.014720525279943997,0.005766539689005122
13424.0,63314,STARLINK-11640 [DTC],42.9994,A2_S,3.9273160596318624,-0.01454677682460232,0.005564499150178514
13425.0,63314,STARLINK-11640 [DTC],42.9994,A2_S,4.674064987233016,-0.014365245091877367,0.005363899437586556
13447.0,61690,STARLINK-11340 [DTC],53.1591,A1_NE,4.669230778414721,-0.011095059861401507,0.00926572282300846
13448.0,61690,STARLINK-11340 [DTC],53.1591,A1_NE,3.898754930850254,-0.011009226908097266,0.009382839607483496
13449.0,61690,STARLINK-11340 [DTC],53.1591,A1_NE,3.15783731341603,-0.01091678481198586,0.009494527925111095
13450.0,61690,STARLINK-11340 [DTC],53.1591,A1_NE,2.473724753441689,-0.010817893249723829,0.009600588074810266
13451.0,61690,STARLINK-11340 [DTC],53.1591,A1_NE,1.908659573636673,-0.010712730902452774,0.00970083698778969
13452.0,61690,STARLINK-11340 [DTC],53.1591,A1_NE,1.5941708861190407,-0.010601489955472545,0.009795112778060987
13453.0,61690,STARLINK-11340 [DTC],53.1591,A1_NE,1.67659538623749,-0.010484393234082526,0.009883260567440608
13454.0,61690,STARLINK-11340 [DTC],53.1591,A1_NE,2.108550676481752,-0.010361666202253251,0.0099651558791758
13455.0,61690,STARLINK-11340 [DTC],53.1591,A1_NE,2.727395444823928,-0.010233553398702126,0.010040689711100313
13456.0,61690,STARLINK-11340 [DTC],53.1591,A1_NE,3.432103453867817,-0.010100312765571932,0.01010977280456747
13457.0,61690,STARLINK-11340 [DTC],53.1591,A1_NE,4.178066306258002,-0.00996221424778363,0.010172335858039538
13458.0,61690,STARLINK-11340 [DTC],53.1591,A1_NE,4.94528104304093,-0.009819538357870031,0.010228329604629237
13524.0,63664,STARLINK-11651 [DTC],42.9996,A1_NE,4.213509657863532,-0.012626273802709352,0.0072196474400270435
13525.0,63664,STARLINK-11651 [DTC],42.9996,A1_NE,3.377858234528433,-0.012459798252158299,0.007287311608349915
13526.0,63664,STARLINK-11651 [DTC],42.9996,A1_NE,2.5509212138613093,-0.012288185575119653,0.007348975047407821
13527.0,63664,STARLINK-11651 [DTC],42.9996,A1_NE,1.7382846449068332,-0.012111856652051596,0.007404639985751462
13528.0,63664,STARLINK-11651 [DTC],42.9996,A1_NE,0.9628464716832139,-0.011931214240420132,0.00745433526575457
13529.0,63664,STARLINK-11651 [DTC],42.9996,A1_NE,0.44275053595203423,-0.01174666830406917,0.007498105380405076
13530.0,63664,STARLINK-11651 [DTC],42.9996,A1_NE,0.8941907046758492,-0.011558627170447235,0.007536012181182439
13531.0,63664,STARLINK-11651 [DTC],42.9996,A1_NE,1.6454486511424469,-0.01136749562909134,0.007568133898054083
13532.0,63664,STARLINK-11651 [DTC],42.9996,A1_NE,2.426605792847628,-0.011173673123204102,0.007594564090579555
13533.0,63664,STARLINK-11651 [DTC],42.9996,A1_NE,3.2109034344784035,-0.010977552091281687,0.007615410542455362
13534.0,63664,STARLINK-11651 [DTC],42.9996,A1_NE,3.9923532314452754,-0.010779508424716934,0.007630794624397337
13535.0,63664,STARLINK-11651 [DTC],42.9996,A1_NE,4.7687329883604,-0.010579932037898584,0.00764084786301027
13579.0,62918,STARLINK-11562 [DTC],43.0016,A1_NE,4.913041125434485,-0.009945711326788242,-0.002762205127040581
13580.0,62918,STARLINK-11562 [DTC],43.0016,A1_NE,4.3035597331786635,-0.009695651899135323,-0.002644079572112998
13581.0,62918,STARLINK-11562 [DTC],43.0016,A1_NE,3.7466528106289974,-0.009450107883938975,-0.0025298243022410273
13582.0,62918,STARLINK-11562 [DTC],43.0016,A1_NE,3.2607954799341683,-0.009209231612616237,-0.0024193974782154184
13583.0,62918,STARLINK-11562 [DTC],43.0016,A1_NE,2.872813072912769,-0.008973148089677519,-0.002312747864333371
13584.0,62918,STARLINK-11562 [DTC],43.0016,A1_NE,2.6165503424764873,-0.008741957026150987,-0.0022098160280419918
13585.0,62918,STARLINK-11562 [DTC],43.0016,A1_NE,2.522419090805673,-0.008515734790401056,-0.002110535455682834
13586.0,62918,STARLINK-11562 [DTC],43.0016,A1_NE,2.5987853428322034,-0.008294527520414496,-0.0020148298136299834
13587.0,62918,STARLINK-11562 [DTC],43.0016,A1_NE,2.823686643270866,-0.008078388360069133,-0.0019226291676257116
13588.0,60904,STARLINK-11256 [DTC],53.1575,A3_NW,4.379363640174739,-0.010234950562608685,-0.010561592979528467
13588.0,62918,STARLINK-11562 [DTC],43.0016,A1_NE,3.1585780884654957,-0.007867325815678188,-0.0018338477696929055
13589.0,62918,STARLINK-11562 [DTC],43.0016,A1_NE,3.5666733466227805,-0.0076613412542806325,-0.0017484004127056045
13589.0,60904,STARLINK-11256 [DTC],53.1575,A3_NW,3.5395220158328713,-0.0103814617889587,-0.010501642500753763
13590.0,60904,STARLINK-11256 [DTC],53.1575,A3_NW,2.701961871105435,-0.010522677839672841,-0.010434474276991486
13590.0,62918,STARLINK-11562 [DTC],43.0016,A1_NE,4.020676815305372,-0.00746042147125309,-0.0016661992439909277
13591.0,60904,STARLINK-11256 [DTC],53.1575,A3_NW,1.8734227728683437,-0.010658290760014105,-0.010360152237848934
13591.0,62918,STARLINK-11562 [DTC],43.0016,A1_NE,4.50237685767425,-0.007264540214242617,-0.0015871544366977855
13592.0,60904,STARLINK-11256 [DTC],53.1575,A3_NW,1.0803151377912104,-0.010788006443235375,-0.010278763878281093
13593.0,60904,STARLINK-11256 [DTC],53.1575,A3_NW,0.5309761616163907,-0.010911551184294668,-0.01019041639312377
13594.0,60904,STARLINK-11256 [DTC],53.1575,A3_NW,0.9280418664068668,-0.011028653649641474,-0.010095250825200745
13595.0,60904,STARLINK-11256 [DTC],53.1575,A3_NW,1.705737954097289,-0.011139076225725294,-0.009993420206718801
13596.0,60904,STARLINK-11256 [DTC],53.1575,A3_NW,2.5355342918073394,-0.011242596261631214,-0.009885102806013011
13597.0,60904,STARLINK-11256 [DTC],53.1575,A3_NW,3.379229313398747,-0.01133901239781524,-0.00977049785063243
13598.0,60904,STARLINK-11256 [DTC],53.1575,A3_NW,4.228197792917857,-0.011428145672628894,-0.009649824506477073
14720.0,61687,STARLINK-11335 [DTC],53.1588,A3_NW,4.672647329055878,-0.005112849397422138,0.004082133262225881
14721.0,61687,STARLINK-11335 [DTC],53.1588,A3_NW,4.272702418232839,-0.005258187907592229,0.004215158799913641
14722.0,61687,STARLINK-11335 [DTC],53.1588,A3_NW,3.908294181921775,-0.005407783370403209,0.004352549543095608
14723.0,61687,STARLINK-11335 [DTC],53.1588,A3_NW,3.595319036348012,-0.0055617123106517265,0.004494410475906294
14724.0,61687,STARLINK-11335 [DTC],53.1588,A3_NW,3.3539409555880475,-0.00572003910153719,0.004640837188097865
14725.0,61687,STARLINK-11335 [DTC],53.1588,A3_NW,3.206656478987498,-0.005882820683545249,0.004791920194118225
14726.0,61687,STARLINK-11335 [DTC],53.1588,A3_NW,3.1732380367984527,-0.00605010542690754,0.0049477438928766755
14727.0,61687,STARLINK-11335 [DTC],53.1588,A3_NW,3.263917365607869,-0.006221931894181261,0.005108385428183112
14728.0,61687,STARLINK-11335 [DTC],53.1588,A3_NW,3.475583883479264,-0.006398334721546661,0.005273920211071356
14729.0,61687,STARLINK-11335 [DTC],53.1588,A3_NW,3.7943002990384063,-0.006579314607169772,0.005444393735902339
14730.0,61687,STARLINK-11335 [DTC],53.1588,A3_NW,4.201681754080878,-0.006764879385729437,0.005619860085341332
14731.0,61687,STARLINK-11335 [DTC],53.1588,A3_NW,4.680152188874738,-0.0069550142194346075,0.005800353932141517
14903.0,63674,STARLINK-11656 [DTC],43.0025,A3_NW,4.7789427594666805,-0.007157254067336972,0.001179792362917625
14904.0,63674,STARLINK-11656 [DTC],43.0025,A3_NW,4.1998575735385835,-0.007349246183408621,0.0012517191952407139
14905.0,63674,STARLINK-11656 [DTC],43.0025,A3_NW,3.612373907071322,-0.007546261831091783,0.0013267762403014886
14906.0,63674,STARLINK-11656 [DTC],43.0025,A3_NW,3.017749820455653,-0.007748348041562059,0.0014050701745843613
14907.0,63674,STARLINK-11656 [DTC],43.0025,A3_NW,2.418857533549243,-0.007955515716232093,0.001486697676646937
14908.0,63674,STARLINK-11656 [DTC],43.0025,A3_NW,1.8226446934439453,-0.008167787004446382,0.0015717637500042936
14909.0,63674,STARLINK-11656 [DTC],43.0025,A3_NW,1.2501470740857978,-0.008385161445994637,0.001660368614185133
14910.0,63674,STARLINK-11656 [DTC],43.0025,A3_NW,0.7859739809192465,-0.008607622418587877,0.0017526100770312249
14911.0,63674,STARLINK-11656 [DTC],43.0025,A3_NW,0.7300122095070459,-0.00883513542432174,0.0018485827407492814
14912.0,63674,STARLINK-11656 [DTC],43.0025,A3_NW,1.1646628583148102,-0.009067646320612553,0.0019483771309292306
14913.0,63674,STARLINK-11656 [DTC],43.0025,A3_NW,1.7715190316437592,-0.009305079449053125,0.002052078738831428
14914.0,63674,STARLINK-11656 [DTC],43.0025,A3_NW,2.435243760132721,-0.009547345549112804,0.0021597713933811822
14915.0,63674,STARLINK-11656 [DTC],43.0025,A3_NW,3.1283114755765036,-0.009794300588212375,0.0022715186416836586
14916.0,63674,STARLINK-11656 [DTC],43.0025,A3_NW,3.842097731073401,-0.010045802193976147,0.002387388520205017
14917.0,63674,STARLINK-11656 [DTC],43.0025,A3_NW,4.57318040218957,-0.01030166879811385,0.002507435085780764
14961.0,62911,STARLINK-11537 [DTC],42.9997,A3_NW,4.468740986470036,-0.01094136704910806,-0.007794519517022084
14962.0,62911,STARLINK-11537 [DTC],42.9997,A3_NW,3.680343298838891,-0.011148414455119882,-0.007783201981038795
14963.0,62911,STARLINK-11537 [DTC],42.9997,A3_NW,2.8926267962686087,-0.011353535268860786,-0.0077661713458525424
14964.0,62911,STARLINK-11537 [DTC],42.9997,A3_NW,2.114879964760458,-0.011556313503357988,-0.007743288457784136
14965.0,62911,STARLINK-11537 [DTC],42.9997,A3_NW,1.377044581021337,-0.011756323177522886,-0.007714428005762455
14966.0,62911,STARLINK-11537 [DTC],42.9997,A3_NW,0.8196514202328863,-0.011953137891892307,-0.007679478313806624
14967.0,62911,STARLINK-11537 [DTC],42.9997,A3_NW,0.9122886957041649,-0.012146301126357574,-0.007638348489290344
14968.0,62911,STARLINK-11537 [DTC],42.9997,A3_NW,1.5520452027931826,-0.01233537580741615,-0.0075909612134740095
14969.0,62911,STARLINK-11537 [DTC],42.9997,A3_NW,2.330528505269299,-0.012519914644817672,-0.007537259262172709
14970.0,62911,STARLINK-11537 [DTC],42.9997,A3_NW,3.150867444497897,-0.01269947040431798,-0.007477205277453913
14971.0,62911,STARLINK-11537 [DTC],42.9997,A3_NW,3.9906104635423207,-0.012873598311899947,-0.007410782713241199
14972.0,62911,STARLINK-11537 [DTC],42.9997,A3_NW,4.842183686350927,-0.013041858527442109,-0.00733799665966499
15080.0,60308,STARLINK-11192 [DTC],53.1603,A2_S,4.880897620610741,-0.011265433479000225,-0.007447090071203485
15081.0,60308,STARLINK-11192 [DTC],53.1603,A2_S,4.703414476870516,-0.011408368249084156,-0.007675560125757424
15082.0,60308,STARLINK-11192 [DTC],53.1603,A2_S,4.674896071700246,-0.011546810558646977,-0.007906305444000962
15083.0,60308,STARLINK-11192 [DTC],53.1603,A2_S,4.803707481581763,-0.011680280595940862,-0.008138947816148313
15088.0,62993,STARLINK-11576 [DTC],43.0016,A2_S,4.635827376570718,-0.013740689485635236,-0.004824720125198856
15089.0,62993,STARLINK-11576 [DTC],43.0016,A2_S,3.8219933302738163,-0.01390433066438359,-0.005016613650760727
15090.0,62993,STARLINK-11576 [DTC],43.0016,A2_S,3.039420706853944,-0.014061270871203808,-0.005210475347424343
15091.0,62993,STARLINK-11576 [DTC],43.0016,A2_S,2.3308700179379604,-0.014210940359850998,-0.005405953974214642
15092.0,62993,STARLINK-11576 [DTC],43.0016,A2_S,1.8004615928206762,-0.014352777118563143,-0.005602681817750006
15093.0,62993,STARLINK-11576 [DTC],43.0016,A2_S,1.646909647155856,-0.014486208105279426,-0.005800243979177734
15094.0,62993,STARLINK-11576 [DTC],43.0016,A2_S,1.9725476873084584,-0.014610687466368734,-0.005998227187281855
15095.0,62993,STARLINK-11576 [DTC],43.0016,A2_S,2.611837377192478,-0.014725677470534958,-0.006196189771906016
15096.0,62993,STARLINK-11576 [DTC],43.0016,A2_S,3.398000895019495,-0.014830658585775532,-0.006393671442759832
15097.0,62993,STARLINK-11576 [DTC],43.0016,A2_S,4.25492656095871,-0.014925133760782831,-0.006590195493150517
16028.0,60305,STARLINK-11115 [DTC],53.1603,A1_NE,4.519153263700073,-0.006973818500358125,-0.00604224892003956
16029.0,60305,STARLINK-11115 [DTC],53.1603,A1_NE,3.9459598644042244,-0.006781008965534468,-0.0058570787441701334
16030.0,60305,STARLINK-11115 [DTC],53.1603,A1_NE,3.427376998912399,-0.006592835538431504,-0.005676920101480776
16031.0,60305,STARLINK-11115 [DTC],53.1603,A1_NE,2.982986516428239,-0.006409318124017634,-0.0055017525292816285
16032.0,60305,STARLINK-11115 [DTC],53.1603,A1_NE,2.6406618248932423,-0.006230460062220463,-0.005331541273686638
16033.0,60305,STARLINK-11115 [DTC],53.1603,A1_NE,2.43356658152722,-0.006056249804183751,-0.005166238935387624
16034.0,60305,STARLINK-11115 [DTC],53.1603,A1_NE,2.3871276874014757,-0.005886655770376221,-0.005005780650733871
16035.0,60305,STARLINK-11115 [DTC],53.1603,A1_NE,2.501242599368183,-0.005721654948229966,-0.004850111150241619
16036.0,60305,STARLINK-11115 [DTC],53.1603,A1_NE,2.7481612636067085,-0.005561193336915755,-0.004699147353191874
16037.0,60305,STARLINK-11115 [DTC],53.1603,A1_NE,3.089575407373613,-0.005405214737645405,-0.004552805606854333
16038.0,60305,STARLINK-11115 [DTC],53.1603,A1_NE,3.4922629698315997,-0.005253655014671689,-0.004410996250738536
16039.0,60305,STARLINK-11115 [DTC],53.1603,A1_NE,3.932670531649528,-0.00510644321355612,-0.004273624642862622
16040.0,60305,STARLINK-11115 [DTC],53.1603,A1_NE,4.39538970239294,-0.004963502569755466,-0.004140592090228407
16041.0,60305,STARLINK-11115 [DTC],53.1603,A1_NE,4.870567201511409,-0.004824745938519498,-0.004011791594920666
16521.0,63757,STARLINK-11676 [DTC],43.0008,A1_NE,4.645088330518092,-0.011787522353661747,0.006983976011501552
16522.0,63757,STARLINK-11676 [DTC],43.0008,A1_NE,4.170762848023302,-0.011625673782566966,0.007042815740906078
16523.0,63757,STARLINK-11676 [DTC],43.0008,A1_NE,3.8067876684324555,-0.011460023368776131,0.007096326871620743
16524.0,63757,STARLINK-11676 [DTC],43.0008,A1_NE,3.583666297208025,-0.01129092740668094,0.007144530747742849
16525.0,63757,STARLINK-11676 [DTC],43.0008,A1_NE,3.524695004316868,-0.011118721152589812,0.007187469877514058
16526.0,63757,STARLINK-11676 [DTC],43.0008,A1_NE,3.6343101342646347,-0.010943743874174596,0.0072251983900376415
16527.0,63757,STARLINK-11676 [DTC],43.0008,A1_NE,3.8948692973438135,-0.010766330855197697,0.0072577835190461735
16528.0,63757,STARLINK-11676 [DTC],43.0008,A1_NE,4.275640013516575,-0.010586812122756252,0.00728530477738827
16529.0,63757,STARLINK-11676 [DTC],43.0008,A1_NE,4.744777635943276,-0.010405511227413422,0.007307853094107401
16897.0,63670,STARLINK-11599 [DTC],43.0006,A2_S,4.815467896498671,-0.014945422664358114,0.0066499003260230855
16898.0,63670,STARLINK-11599 [DTC],43.0006,A2_S,3.9784514617393563,-0.014856543979671342,0.006453126307267001
16899.0,63670,STARLINK-11599 [DTC],43.0006,A2_S,3.2110722696482705,-0.0147569830869511,0.006255241278476734
16900.0,63670,STARLINK-11599 [DTC],43.0006,A2_S,2.5689381497721056,-0.014647222463994499,0.006056727241195045
16901.0,63670,STARLINK-11599 [DTC],43.0006,A2_S,2.1570265109393105,-0.014527763824913411,0.005858042618232634
16902.0,63670,STARLINK-11599 [DTC],43.0006,A2_S,2.104300383588907,-0.014399143486854886,0.005659651946968415
16903.0,63670,STARLINK-11599 [DTC],43.0006,A2_S,2.424899236068665,-0.014261899289558977,0.005461975888260802
16904.0,63670,STARLINK-11599 [DTC],43.0006,A2_S,2.99364664897658,-0.014116585338622055,0.00526542152259125
16905.0,63670,STARLINK-11599 [DTC],43.0006,A2_S,3.691179338777383,-0.013963763404346647,0.005070372946863979
16906.0,63670,STARLINK-11599 [DTC],43.0006,A2_S,4.451830769261964,-0.013803999109517203,0.004877190162826993
17003.0,63760,STARLINK-11701 [DTC],43.0022,A1_NE,4.6199256847430075,-0.013144296784648752,0.007579284078525739
17004.0,63760,STARLINK-11701 [DTC],43.0022,A1_NE,3.9422109274478236,-0.012964192165731383,0.007642964316716661
17005.0,63760,STARLINK-11701 [DTC],43.0022,A1_NE,3.361532412951125,-0.012778262736842532,0.007699961209368168
17006.0,63760,STARLINK-11701 [DTC],43.0022,A1_NE,2.931298743051577,-0.012587005786748347,0.007750297019571595
17007.0,63760,STARLINK-11701 [DTC],43.0022,A1_NE,2.718184541381912,-0.012390899150687334,0.007794023495711296
17008.0,63760,STARLINK-11701 [DTC],43.0022,A1_NE,2.7669471537363415,-0.012190428174278227,0.007831211334729015
17009.0,63760,STARLINK-11701 [DTC],43.0022,A1_NE,3.059627688967228,-0.011986075781359467,0.007861951392019258
17010.0,63760,STARLINK-11701 [DTC],43.0022,A1_NE,3.531206220286372,-0.011778320001670672,0.007886353366753278
17011.0,63760,STARLINK-11701 [DTC],43.0022,A1_NE,4.116294163115854,-0.011567631704809317,0.007904544406344194
17012.0,63760,STARLINK-11701 [DTC],43.0022,A1_NE,4.769396069327138,-0.011354472481382053,0.007916667650370518
17072.0,62983,STARLINK-11417 [DTC],43.0003,A1_NE,4.545325763628945,-0.010230642497800056,-0.0024715900285745577
17073.0,62983,STARLINK-11417 [DTC],43.0003,A1_NE,3.8180413126676584,-0.009978484182652741,-0.0023534744921116565
17074.0,62983,STARLINK-11417 [DTC],43.0003,A1_NE,3.107133615873296,-0.009730594755627977,-0.0022394513456293176
17075.0,62983,STARLINK-11417 [DTC],43.0003,A1_NE,2.41543879575152,-0.009487150613640737,-0.002129467309524932
17076.0,62983,STARLINK-11417 [DTC],43.0003,A1_NE,1.7502168256735526,-0.009248299653837876,-0.0020234597646996695
17077.0,62983,STARLINK-11417 [DTC],43.0003,A1_NE,1.1351018009376235,-0.009014163280852229,-0.0019213580056417023
17078.0,62983,STARLINK-11417 [DTC],43.0003,A1_NE,0.6776379286627768,-0.008784838332919303,-0.001823084401511788
17079.0,62983,STARLINK-11417 [DTC],43.0003,A1_NE,0.725654515857933,-0.008560390076883903,-0.0017285517521181998
17080.0,62983,STARLINK-11417 [DTC],43.0003,A1_NE,1.2014570567166227,-0.00834088997459097,-0.0016376793468652613
17081.0,62983,STARLINK-11417 [DTC],43.0003,A1_NE,1.7789509571277002,-0.008126363284885021,-0.001550371067842193
17082.0,62983,STARLINK-11417 [DTC],43.0003,A1_NE,2.376253318991849,-0.007916827093363206,-0.001466531586544398
17083.0,62983,STARLINK-11417 [DTC],43.0003,A1_NE,2.974475513034401,-0.007712282798565981,-0.0013860632446287679
17084.0,62983,STARLINK-11417 [DTC],43.0003,A1_NE,3.5675534034550607,-0.007512717676009127,-0.001308866742802395
17085.0,62983,STARLINK-11417 [DTC],43.0003,A1_NE,4.153079627541824,-0.0073181063087308,-0.0012348417547911798
17086.0,62983,STARLINK-11417 [DTC],43.0003,A1_NE,4.729984441236251,-0.007128411968578544,-0.0011638874795004987
17137.0,62010,STARLINK-11326 [DTC],53.1585,A1_NE,4.991609214513279,-0.011770748389266106,0.009937140198915072
17138.0,62010,STARLINK-11326 [DTC],53.1585,A1_NE,4.2260575379584155,-0.011682435600403081,0.010064006183622923
17139.0,62010,STARLINK-11326 [DTC],53.1585,A1_NE,3.515265633407391,-0.01158610270684301,0.010184304831288227
17140.0,62010,STARLINK-11326 [DTC],53.1585,A1_NE,2.900532117836412,-0.01148194282648926,0.010297778399647838
17141.0,62010,STARLINK-11326 [DTC],53.1585,A1_NE,2.4552944263571725,-0.011370164005990011,0.010404206579784765
17142.0,62010,STARLINK-11326 [DTC],53.1585,A1_NE,2.280725801810702,-0.011251003197208198,0.01050338810587886
17143.0,62010,STARLINK-11326 [DTC],53.1585,A1_NE,2.4348654023188443,-0.011124721167713854,0.010595146783550311
17144.0,62010,STARLINK-11326 [DTC],53.1585,A1_NE,2.8639375757946826,-0.010991600912135923,0.010679332343053889
17145.0,62010,STARLINK-11326 [DTC],53.1585,A1_NE,3.465958952399437,-0.01085194593342126,0.010755821083645518
17146.0,62010,STARLINK-11326 [DTC],53.1585,A1_NE,4.165199360812183,-0.010706072374423843,0.010824518908670195
17147.0,62010,STARLINK-11326 [DTC],53.1585,A1_NE,4.918852076921406,-0.010554330763580396,0.010885350798353744
17300.0,60302,STARLINK-11128 [DTC],53.1589,A3_NW,4.259352769252093,-0.010024700186437424,-0.010302776659088651
17301.0,60302,STARLINK-11128 [DTC],53.1589,A3_NW,3.458710094389664,-0.010166246648363051,-0.010241848258755168
17302.0,60302,STARLINK-11128 [DTC],53.1589,A3_NW,2.6728535048488737,-0.010302852290238855,-0.010174174493058215
17303.0,60302,STARLINK-11128 [DTC],53.1589,A3_NW,1.9234073438463506,-0.010434222757972565,-0.010099825749881088
17304.0,60302,STARLINK-11128 [DTC],53.1589,A3_NW,1.2802686161815242,-0.010560092615444898,-0.010018885439039645
17305.0,60302,STARLINK-11128 [DTC],53.1589,A3_NW,0.9856100012539005,-0.010680204648234017,-0.009931460432028996
17306.0,60302,STARLINK-11128 [DTC],53.1589,A3_NW,1.3049516789167497,-0.010794316878176244,-0.0098376781413302
17307.0,60302,STARLINK-11128 [DTC],53.1589,A3_NW,1.959013760183873,-0.010902203895198978,-0.009737686038062557
17308.0,60302,STARLINK-11128 [DTC],53.1589,A3_NW,2.716245649053328,-0.011003658074626428,-0.009631651023521533
17309.0,60302,STARLINK-11128 [DTC],53.1589,A3_NW,3.51052106568347,-0.011098494369769599,-0.009519754042660514
17310.0,60302,STARLINK-11128 [DTC],53.1589,A3_NW,4.321147121793305,-0.011186536287527997,-0.009402207425378135
17906.0,63761,STARLINK-11660 [DTC],43.0014,A3_NW,4.745592726143183,-0.007631428243968548,0.00067031300196619
17907.0,63761,STARLINK-11660 [DTC],43.0014,A3_NW,4.322443922305022,-0.007824382284135277,0.0007377580414109901
17908.0,63761,STARLINK-11660 [DTC],43.0014,A3_NW,3.936452720390103,-0.008021860271046193,0.000808389431842958
17909.0,63761,STARLINK-11660 [DTC],43.0014,A3_NW,3.6047479875382447,-0.008223861860988724,0.0008823163285141516
17910.0,63761,STARLINK-11660 [DTC],43.0014,A3_NW,3.3492996059128477,-0.008430381959942324,0.0009596507449944346
17911.0,63761,STARLINK-11660 [DTC],43.0014,A3_NW,3.1948216350438807,-0.008641375980863232,0.0010404944022969647
17912.0,63761,STARLINK-11660 [DTC],43.0014,A3_NW,3.1627899879519585,-0.008856808296691256,0.001124956752689013
17913.0,63761,STARLINK-11660 [DTC],43.0014,A3_NW,3.2634922429885145,-0.00907661772121495,0.0012131419678917165
17914.0,63761,STARLINK-11660 [DTC],43.0014,A3_NW,3.4919119827240364,-0.009300724219316402,0.001305151200669658
17915.0,63761,STARLINK-11660 [DTC],43.0014,A3_NW,3.8313470976221984,-0.009529027312944858,0.0014010817212888106
17916.0,63761,STARLINK-11660 [DTC],43.0014,A3_NW,4.260998205578815,-0.009761404493184635,0.0015010259823794191
17917.0,63761,STARLINK-11660 [DTC],43.0014,A3_NW,4.761736632799025,-0.009997709561755257,0.0016050705959449892
17965.0,62981,STARLINK-11543 [DTC],43.0006,A3_NW,4.403834323575409,-0.011655593143353805,-0.007948944671320466
17966.0,62981,STARLINK-11543 [DTC],43.0006,A3_NW,3.8600856910002252,-0.011868631200202259,-0.00793123379448661
17967.0,62981,STARLINK-11543 [DTC],43.0006,A3_NW,3.434006039356219,-0.01207863975761188,-0.007907211574039147
17968.0,62981,STARLINK-11543 [DTC],43.0006,A3_NW,3.1791867778291523,-0.012285135028099683,-0.007876747380407024
17969.0,62981,STARLINK-11543 [DTC],43.0006,A3_NW,3.143318569284729,-0.012487626011369986,-0.007839728561418778
17970.0,62981,STARLINK-11543 [DTC],43.0006,A3_NW,3.338608582455229,-0.01268562476309241,-0.007796059997455993
17971.0,62981,STARLINK-11543 [DTC],43.0006,A3_NW,3.7332487522180475,-0.012878617261026177,-0.007745672759455034
17972.0,62981,STARLINK-11543 [DTC],43.0006,A3_NW,4.2759285162247,-0.013066113940752208,-0.007688514831287584
17973.0,62981,STARLINK-11543 [DTC],43.0006,A3_NW,4.920782159910763,-0.013247620481459024,-0.007624558998784394
18090.0,63055,STARLINK-11558 [DTC],43.0018,A2_S,4.840306773952212,-0.013878253337749547,-0.005252484192124276
18091.0,63055,STARLINK-11558 [DTC],43.0018,A2_S,4.763090296495869,-0.014000090555959896,-0.005443935540631434
18092.0,63055,STARLINK-11558 [DTC],43.0018,A2_S,4.85019924832686,-0.014113864602618835,-0.005636181748132099
18404.0,63759,STARLINK-11703 [DTC],43.0015,A3_NW,4.994903922423197,-0.008487545481647353,0.002614200499354484
18416.0,62011,STARLINK-11330 [DTC],53.1571,A3_NW,4.600453453971491,-0.004303214854889616,0.0046876490143236416
18417.0,62011,STARLINK-11330 [DTC],53.1571,A3_NW,4.1236935618869195,-0.004437244865262798,0.004826477282386889
18418.0,62011,STARLINK-11330 [DTC],53.1571,A3_NW,3.6624224210219825,-0.004575612280964081,0.004969540877391276
18419.0,62011,STARLINK-11330 [DTC],53.1571,A3_NW,3.228778564240977,-0.00471841548426653,0.00511692272895434
18420.0,62011,STARLINK-11330 [DTC],53.1571,A3_NW,2.842002015726566,-0.0048657488787790465,0.005268700713801889
18421.0,62011,STARLINK-11330 [DTC],53.1571,A3_NW,2.531429095092569,-0.0050177019515639755,0.00542494669238683
18422.0,62011,STARLINK-11330 [DTC],53.1571,A3_NW,2.3364956480530794,-0.005174364678037999,0.005585732023105462
18423.0,62011,STARLINK-11330 [DTC],53.1571,A3_NW,2.296288573067383,-0.005335800999680867,0.005751100360627932
18424.0,62011,STARLINK-11330 [DTC],53.1571,A3_NW,2.4277295441327498,-0.005502085431758301,0.005921105226842079
18425.0,62011,STARLINK-11330 [DTC],53.1571,A3_NW,2.7145162893007626,-0.005673276730137229,0.006095782984156554
18426.0,62011,STARLINK-11330 [DTC],53.1571,A3_NW,3.1218198489759517,-0.0058494226757892925,0.0062751577749344855
18427.0,62011,STARLINK-11330 [DTC],53.1571,A3_NW,3.6160830453199657,-0.006030558556931882,0.006459239986619726
18428.0,62011,STARLINK-11330 [DTC],53.1571,A3_NW,4.172803988578258,-0.006216705510261894,0.006648024610205235
18429.0,62011,STARLINK-11330 [DTC],53.1571,A3_NW,4.77594254967599,-0.006407876590154366,0.006841497389497635
18443.0,62988,STARLINK-11542 [DTC],43.0013,A3_NW,4.848696934771261,-0.010399207891994914,-0.007382205350008179
18444.0,62988,STARLINK-11542 [DTC],43.0013,A3_NW,4.31695374588665,-0.010584249021665717,-0.007362254268605131
18445.0,62988,STARLINK-11542 [DTC],43.0013,A3_NW,3.85843298467087,-0.010767608768465026,-0.00733726355382072
18446.0,62988,STARLINK-11542 [DTC],43.0013,A3_NW,3.506217306168916,-0.010948963538940065,-0.007307132635191517
18447.0,62988,STARLINK-11542 [DTC],43.0013,A3_NW,3.2989613478278574,-0.011127974987949957,-0.007271773069608001
18448.0,62988,STARLINK-11542 [DTC],43.0013,A3_NW,3.268680241490158,-0.011304298691227312,-0.00723110876227916
18449.0,62988,STARLINK-11542 [DTC],43.0013,A3_NW,3.4240247978249676,-0.011477585474074055,-0.007185076854765851
18450.0,62988,STARLINK-11542 [DTC],43.0013,A3_NW,3.745407912166876,-0.011647482821420684,-0.0071336285674155914
18451.0,62988,STARLINK-11542 [DTC],43.0013,A3_NW,4.197781565448104,-0.011813636401024575,-0.0070767299840133815
18452.0,62988,STARLINK-11542 [DTC],43.0013,A3_NW,4.746305263833483,-0.01197569808051476,-0.007014360151911526
18788.0,60188,STARLINK-11189 [DTC],53.1582,A2_S,4.89208327646024,-0.01092805466103449,-0.007034034416041824
18789.0,60188,STARLINK-11189 [DTC],53.1582,A2_S,4.306494126388154,-0.011086639240960913,-0.007259439507720916
18790.0,60188,STARLINK-11189 [DTC],53.1582,A2_S,3.805696091541876,-0.011241958021608326,-0.007487954307532418
18791.0,60188,STARLINK-11189 [DTC],53.1582,A2_S,3.435392954710352,-0.01139354038192718,-0.007719260278023864
18792.0,60188,STARLINK-11189 [DTC],53.1582,A2_S,3.2494633583443995,-0.011540901007347344,-0.007953006896857687
18793.0,60188,STARLINK-11189 [DTC],53.1582,A2_S,3.288145039786298,-0.01168354746294661,-0.008188820888592902
18794.0,60188,STARLINK-11189 [DTC],53.1582,A2_S,3.5521223767824117,-0.011820959641499398,-0.008426268161905885
18795.0,60188,STARLINK-11189 [DTC],53.1582,A2_S,4.004064467502493,-0.01195262673757122,-0.008664911032262163
18796.0,60188,STARLINK-11189 [DTC],53.1582,A2_S,4.594838798338031,-0.012078026880069212,-0.008904270944924814
19299.0,60187,STARLINK-11194 [DTC],53.1598,A1_NE,4.60179702372194,-0.005705653066133107,-0.006574443974373191
19300.0,60187,STARLINK-11194 [DTC],53.1598,A1_NE,4.267304252240779,-0.005529899667761286,-0.006391856404766613
19301.0,60187,STARLINK-11194 [DTC],53.1598,A1_NE,4.020972592149653,-0.005359162604654026,-0.006213830974703965
19302.0,60187,STARLINK-11194 [DTC],53.1598,A1_NE,3.8732783379165316,-0.00519339160028066,-0.00604036110901519
19303.0,60187,STARLINK-11194 [DTC],53.1598,A1_NE,3.8294710169798862,-0.005032525335476176,-0.005871426829466918
19304.0,60187,STARLINK-11194 [DTC],53.1598,A1_NE,3.8872443050416154,-0.004876492877178375,-0.0057069962262600304
19305.0,60187,STARLINK-11194 [DTC],53.1598,A1_NE,4.036893882865961,-0.004725209035870965,-0.005547020493051339
19306.0,60187,STARLINK-11194 [DTC],53.1598,A1_NE,4.263905434363218,-0.004578599730409077,-0.005391460771449554
19307.0,60187,STARLINK-11194 [DTC],53.1598,A1_NE,4.552394010854593,-0.004436566601730615,-0.005240250727964322
19308.0,60187,STARLINK-11194 [DTC],53.1598,A1_NE,4.887634799507553,-0.004299012577652525,-0.005093323575138813
19902.0,63754,STARLINK-11662 [DTC],43.001,A2_S,4.385780636038262,-0.015471366246696008,0.006815726968617604
19903.0,63754,STARLINK-11662 [DTC],43.001,A2_S,3.8699455553030764,-0.015342554535897258,0.0066152059803468955
19904.0,63754,STARLINK-11662 [DTC],43.001,A2_S,3.5606308744456627,-0.015202639179086775,0.00641363696440527
19905.0,63754,STARLINK-11662 [DTC],43.001,A2_S,3.5058338764091146,-0.015052273285480757,0.006211550012345932
19906.0,63754,STARLINK-11662 [DTC],43.001,A2_S,3.7098752149708445,-0.014892122861825197,0.006009446644249737
19907.0,63754,STARLINK-11662 [DTC],43.001,A2_S,4.12804740620554,-0.014722887381235535,0.005807829825170734
19908.0,63754,STARLINK-11662 [DTC],43.001,A2_S,4.697610972751066,-0.014545255705965718,0.005607153065102403
20002.0,62829,STARLINK-11548 [DTC],43.0006,A1_NE,4.508427268712727,-0.012601031129496237,0.007158517797636168
20003.0,62829,STARLINK-11548 [DTC],43.0006,A1_NE,3.6856608244568974,-0.012437483562988697,0.007227816766736526
20004.0,62829,STARLINK-11548 [DTC],43.0006,A1_NE,2.876488777321297,-0.012268792019411561,0.0072911982688929015
20005.0,62829,STARLINK-11548 [DTC],43.0006,A1_NE,2.0911256168801735,-0.012095354056101217,0.0073486632194546195
20006.0,62829,STARLINK-11548 [DTC],43.0006,A1_NE,1.361940615766741,-0.011917570197901503,0.007400231333944425
20007.0,62829,STARLINK-11548 [DTC],43.0006,A1_NE,0.832937966507905,-0.011735841854933057,0.007445940388124154
20008.0,62829,STARLINK-11548 [DTC],43.0006,A1_NE,0.9281448501799126,-0.011550569354977381,0.007485845376551571
20009.0,62829,STARLINK-11548 [DTC],43.0006,A1_NE,1.5259746516273958,-0.011362142410771173,0.007520018848599075
20010.0,62829,STARLINK-11548 [DTC],43.0006,A1_NE,2.2504568943511094,-0.01117096880860079,0.0075485446430370645
20011.0,62829,STARLINK-11548 [DTC],43.0006,A1_NE,3.0062870565239006,-0.01097742724644178,0.007571525076509978
20012.0,62829,STARLINK-11548 [DTC],43.0006,A1_NE,3.770370960492139,-0.010781896023907335,0.007589074116024332
20013.0,62829,STARLINK-11548 [DTC],43.0006,A1_NE,4.53487022061466,-0.010584744151849412,0.007601317736354347
20061.0,63053,STARLINK-11563 [DTC],43.0008,A1_NE,4.939152334686414,-0.009712399382304823,-0.0028283286589397168
20062.0,63053,STARLINK-11563 [DTC],43.0008,A1_NE,4.434501603425879,-0.009463561842846824,-0.0027112451789577554
20063.0,63053,STARLINK-11563 [DTC],43.0008,A1_NE,4.004211237548454,-0.009219515582673388,-0.0025979802829118413
20064.0,63053,STARLINK-11563 [DTC],43.0008,A1_NE,3.6670121578958623,-0.008980387835359616,-0.0024884898888739605
20065.0,63053,STARLINK-11563 [DTC],43.0008,A1_NE,3.4426067652565706,-0.008746279641084752,-0.0023827209996682883
20066.0,63053,STARLINK-11563 [DTC],43.0008,A1_NE,3.346074373603558,-0.0085172679179049,-0.002280612870006242
20067.0,63053,STARLINK-11563 [DTC],43.0008,A1_NE,3.3810800316658813,-0.008293407425763934,-0.0021820980880042245
20068.0,63053,STARLINK-11563 [DTC],43.0008,A1_NE,3.5370317909284004,-0.00807473271517703,-0.0020871035862960667
20069.0,63053,STARLINK-11563 [DTC],43.0008,A1_NE,3.7930765282890238,-0.007861251470130717,-0.0019955479537026484
20070.0,63053,STARLINK-11563 [DTC],43.0008,A1_NE,4.1253296874466505,-0.007652980387304338,-0.0019073568804098935
20071.0,63053,STARLINK-11563 [DTC],43.0008,A1_NE,4.512371464280808,-0.0074498953371694085,-0.0018224418445812764
20072.0,63053,STARLINK-11563 [DTC],43.0008,A1_NE,4.937281881861048,-0.007251967467286864,-0.001740715684884464
20424.0,61245,STARLINK-11280 [DTC],53.1586,A1_NE,4.378900348351401,-0.010921603480193139,0.00925288649699163
20425.0,61245,STARLINK-11280 [DTC],53.1586,A1_NE,3.7038946183849197,-0.010830979798897548,0.009364374264060603
20426.0,61245,STARLINK-11280 [DTC],53.1586,A1_NE,3.100118196971489,-0.010734078640339298,0.009470438034343727
20427.0,61245,STARLINK-11280 [DTC],53.1586,A1_NE,2.6174565464980075,-0.010631066939922933,0.00957090210777163
20428.0,61245,STARLINK-11280 [DTC],53.1586,A1_NE,2.3321071841826897,-0.010522132488930006,0.009665602680451635
20429.0,61245,STARLINK-11280 [DTC],53.1586,A1_NE,2.3174369009634126,-0.010407479455165503,0.009754393177770151
20430.0,61245,STARLINK-11280 [DTC],53.1586,A1_NE,2.5770731759958827,-0.010287327333274823,0.009837144874910747
20431.0,61245,STARLINK-11280 [DTC],53.1586,A1_NE,3.0403942236429957,-0.010161909796481175,0.00991374739333582
20432.0,61245,STARLINK-11280 [DTC],53.1586,A1_NE,3.629013605233045,-0.010031468110743229,0.009984111772254835
20433.0,61245,STARLINK-11280 [DTC],53.1586,A1_NE,4.290373168144434,-0.009896271041285543,0.010048159635619412
20434.0,61245,STARLINK-11280 [DTC],53.1586,A1_NE,4.994403272362753,-0.009756581982442288,0.010105840289161915
20470.0,63057,STARLINK-11406 [DTC],43.0004,A1_NE,4.591404920295334,-0.009833948261353684,-0.0014918314622253761
20471.0,63057,STARLINK-11406 [DTC],43.0004,A1_NE,4.153709672555622,-0.009601388744505904,-0.0013912978295840975
20472.0,63057,STARLINK-11406 [DTC],43.0004,A1_NE,3.798492171105709,-0.009372810728589824,-0.001294795034993359
20473.0,63057,STARLINK-11406 [DTC],43.0004,A1_NE,3.54374824517298,-0.00914834421986034,-0.001202231868971947
20474.0,63057,STARLINK-11406 [DTC],43.0004,A1_NE,3.4051692640047477,-0.008928096890356712,-0.0011135120978261299
20475.0,63057,STARLINK-11406 [DTC],43.0004,A1_NE,3.39032231543772,-0.00871215567452647,-0.0010285354162389237
20476.0,63057,STARLINK-11406 [DTC],43.0004,A1_NE,3.4945321387216746,-0.008500588328856758,-0.0009471983206139065
20477.0,63057,STARLINK-11406 [DTC],43.0004,A1_NE,3.7021006129063436,-0.008293436700426902,-0.0008693918446323767
20478.0,63057,STARLINK-11406 [DTC],43.0004,A1_NE,3.991870087462183,-0.008090751346514704,-0.0007950146595734086
20479.0,63057,STARLINK-11406 [DTC],43.0004,A1_NE,4.342958338773056,-0.007892542916059233,-0.0007239549483794354
20480.0,63057,STARLINK-11406 [DTC],43.0004,A1_NE,4.73781939581708,-0.007698817022275267,-0.0006561036494775301
20571.0,60184,STARLINK-11187 [DTC],53.1607,A3_NW,4.505235529115258,-0.011104450998762252,-0.010946042896179698
20572.0,60184,STARLINK-11187 [DTC],53.1607,A3_NW,4.107848373443005,-0.011243889715306732,-0.010867107946621664
20573.0,60184,STARLINK-11187 [DTC],53.1607,A3_NW,3.8793908137967925,-0.011376269354579312,-0.010780081502394089
20574.0,60184,STARLINK-11187 [DTC],53.1607,A3_NW,3.851237167144038,-0.011501266985764522,-0.010685108687322793
20575.0,60184,STARLINK-11187 [DTC],53.1607,A3_NW,4.028335207360813,-0.01161859928565195,-0.010582353156419644
20576.0,60184,STARLINK-11187 [DTC],53.1607,A3_NW,4.386257373019614,-0.011728002761297948,-0.010472009996669203
20577.0,60184,STARLINK-11187 [DTC],53.1607,A3_NW,4.885450402808942,-0.011829240849533735,-0.010354301368934074
21395.0,62840,STARLINK-11551 [DTC],43.0009,A3_NW,4.528984416918401,-0.007192875772121862,0.0011768467047473569
21396.0,62840,STARLINK-11551 [DTC],43.0009,A3_NW,3.9482509998505932,-0.0073840826346298506,0.0012486357921121197
21397.0,62840,STARLINK-11551 [DTC],43.0009,A3_NW,3.3587275230879414,-0.007580220260687988,0.0013235300281517893
21398.0,62840,STARLINK-11551 [DTC],43.0009,A3_NW,2.761573638139324,-0.007781305772487264,0.001401624239487795
21399.0,62840,STARLINK-11551 [DTC],43.0009,A3_NW,2.1594048920995426,-0.007987368126329471,0.001483021598706867
21400.0,62840,STARLINK-11551 [DTC],43.0009,A3_NW,1.5594202008158475,-0.008198415355030535,0.0015678211316215698
21401.0,62840,STARLINK-11551 [DTC],43.0009,A3_NW,0.987336247897733,-0.008414440872010733,0.001656120029460854
21402.0,62840,STARLINK-11551 [DTC],43.0009,A3_NW,0.5798109680185446,-0.008635421917346623,0.0017480129423584514
21403.0,62840,STARLINK-11551 [DTC],43.0009,A3_NW,0.7494361374003485,-0.008861317890101968,0.0018435911943614554
21404.0,62840,STARLINK-11551 [DTC],43.0009,A3_NW,1.30343736105179,-0.00909207802655014,0.0019429460009213271
21405.0,62840,STARLINK-11551 [DTC],43.0009,A3_NW,1.9486984303803734,-0.009327602237005,0.002046151383444506
21406.0,62840,STARLINK-11551 [DTC],43.0009,A3_NW,2.6283810021995127,-0.009567794967771033,0.002153287127054096
21407.0,62840,STARLINK-11551 [DTC],43.0009,A3_NW,3.3294030527114944,-0.009812526336138815,0.0022644218403814437
21408.0,62840,STARLINK-11551 [DTC],43.0009,A3_NW,4.047459923218211,-0.010061639349278074,0.002379615684176559
21409.0,62840,STARLINK-11551 [DTC],43.0009,A3_NW,4.78080242410665,-0.010314947935956385,0.00249891910102152
21441.0,63060,STARLINK-11403 [DTC],43.0011,A3_NW,4.967005138713084,-0.010988379108397095,-0.007898209493890217
21442.0,63060,STARLINK-11403 [DTC],43.0011,A3_NW,4.1874383382050056,-0.01120134272383331,-0.007890226688328032
21443.0,63060,STARLINK-11403 [DTC],43.0011,A3_NW,3.4148000518038266,-0.011412474453302733,-0.007876399322915152
21444.0,63060,STARLINK-11403 [DTC],43.0011,A3_NW,2.662255609298807,-0.011621340950931924,-0.00785657399934797
21445.0,63060,STARLINK-11403 [DTC],43.0011,A3_NW,1.9625889026937284,-0.011827497556618835,-0.007830611363688216
21446.0,63060,STARLINK-11403 [DTC],43.0011,A3_NW,1.410356995715283,-0.012030490067810545,-0.007798387548865795
21447.0,63060,STARLINK-11403 [DTC],43.0011,A3_NW,1.2386353543093527,-0.012229856693086261,-0.007759795579036262
21448.0,63060,STARLINK-11403 [DTC],43.0011,A3_NW,1.5875506115591456,-0.012425137944121666,-0.0077147447746410466
21449.0,63060,STARLINK-11403 [DTC],43.0011,A3_NW,2.2313521199399955,-0.012615847662926876,-0.007663169535852305
21450.0,63060,STARLINK-11403 [DTC],43.0011,A3_NW,2.989977812812615,-0.012801522604054196,-0.007605019654423975
21451.0,63060,STARLINK-11403 [DTC],43.0011,A3_NW,3.7988746998110843,-0.012981693401864046,-0.007540268368424851
21452.0,63060,STARLINK-11403 [DTC],43.0011,A3_NW,4.634585918788599,-0.013155895153596725,-0.007468911623458954
21553.0,64329,STARLINK-11734 [DTC],43.0021,A2_S,4.35155938866858,-0.013938637895365957,-0.004976720125033917
21554.0,64329,STARLINK-11734 [DTC],43.0021,A2_S,3.454542907763837,-0.01410952323447233,-0.005171887762550846
21555.0,64329,STARLINK-11734 [DTC],43.0021,A2_S,2.5491558569702324,-0.014273427410112225,-0.005368933486468444
21556.0,64329,STARLINK-11734 [DTC],43.0021,A2_S,1.6377665530566163,-0.014429740312440847,-0.005567481790777414
21557.0,64329,STARLINK-11734 [DTC],43.0021,A2_S,0.7334585865032128,-0.014577854066000404,-0.005767131558586866
21558.0,64329,STARLINK-11734 [DTC],43.0021,A2_S,0.3397582113767007,-0.014717167170665978,-0.00596745721915625
21559.0,64329,STARLINK-11734 [DTC],43.0021,A2_S,1.20953251004087,-0.014847088873818567,-0.006168010251648843
21560.0,64329,STARLINK-11734 [DTC],43.0021,A2_S,2.1509970632743953,-0.014967048326803761,-0.00636832905536193
21561.0,64329,STARLINK-11734 [DTC],43.0021,A2_S,3.106480392743871,-0.01507648033949516,-0.006567908863963353
21562.0,64329,STARLINK-11734 [DTC],43.0021,A2_S,4.071139398769164,-0.015174859107327665,-0.006766252614046079
21695.0,61243,STARLINK-11300 [DTC],53.1603,A3_NW,4.760718690282736,-0.0055189706273961305,0.0041976395237038385
21696.0,61243,STARLINK-11300 [DTC],53.1603,A3_NW,4.5114146256815895,-0.005673391868079141,0.004336996084379951
21697.0,61243,STARLINK-11300 [DTC],53.1603,A3_NW,4.32526265752529,-0.0058321450335950325,0.004480907594784886
21698.0,61243,STARLINK-11300 [DTC],53.1603,A3_NW,4.215355572011801,-0.0059952821798359875,0.004629468741579764
21699.0,61243,STARLINK-11300 [DTC],53.1603,A3_NW,4.192654704992914,-0.00616284663473881,0.004782768565974028
21700.0,61243,STARLINK-11300 [DTC],53.1603,A3_NW,4.263647795954782,-0.006334871781054214,0.004940889359659211
21701.0,61243,STARLINK-11300 [DTC],53.1603,A3_NW,4.428955869599661,-0.00651138695045397,0.005103912120299054
21702.0,61243,STARLINK-11300 [DTC],53.1603,A3_NW,4.683633052440423,-0.006692387421417962,0.005271888808337124
21927.0,63056,STARLINK-11392 [DTC],43.0006,A3_NW,4.718606285746772,-0.01060249384829349,-0.007145442129155282
21928.0,63056,STARLINK-11392 [DTC],43.0006,A3_NW,4.527212703067974,-0.010774960242472147,-0.007112164569760451
21929.0,63056,STARLINK-11392 [DTC],43.0006,A3_NW,4.45725765634787,-0.010945126082901047,-0.007073940558031929
21930.0,63056,STARLINK-11392 [DTC],43.0006,A3_NW,4.5172286214219515,-0.011112676261900946,-0.00703070806201715
21931.0,63056,STARLINK-11392 [DTC],43.0006,A3_NW,4.704792086405243,-0.011277298443382105,-0.006982415250803286
22646.0,61254,STARLINK-11306 [DTC],53.1589,A2_S,4.658624868056054,-0.012196164027246527,0.009125890226480297
22647.0,61254,STARLINK-11306 [DTC],53.1589,A2_S,3.9498904237125605,-0.012072137400516669,0.008884500343381615
22648.0,61254,STARLINK-11306 [DTC],53.1589,A2_S,3.3493523118911592,-0.011941478682195443,0.008643477239059099
22649.0,61254,STARLINK-11306 [DTC],53.1589,A2_S,2.9148146906067582,-0.011804723942129116,0.008403329789848922
22650.0,61254,STARLINK-11306 [DTC],53.1589,A2_S,2.71632734658655,-0.011662399606386152,0.008164525706564691
22651.0,61254,STARLINK-11306 [DTC],53.1589,A2_S,2.7941591904945047,-0.01151504252753509,0.00792752904295449
22652.0,61254,STARLINK-11306 [DTC],53.1589,A2_S,3.1184203946495392,-0.011363162845097148,0.007692742029546457
22653.0,61254,STARLINK-11306 [DTC],53.1589,A2_S,3.615484684784132,-0.011207264232870329,0.00746054340511502
22654.0,61254,STARLINK-11306 [DTC],53.1589,A2_S,4.217885948896528,-0.011047836130078852,0.00723127891046215
22655.0,61254,STARLINK-11306 [DTC],53.1589,A2_S,4.880879182631482,-0.010885351905356805,0.007005261706646766
23005.0,61206,STARLINK-11279 [DTC],53.1595,A1_NE,4.380108354411725,-0.006855786082971349,-0.006505726682514605
23006.0,61206,STARLINK-11279 [DTC],53.1595,A1_NE,3.6764236266126176,-0.006660420099673456,-0.0063136026596596565
23007.0,61206,STARLINK-11279 [DTC],53.1595,A1_NE,2.987284249620449,-0.006469861822297193,-0.006126374286852876
23008.0,61206,STARLINK-11279 [DTC],53.1595,A1_NE,2.3136293516496442,-0.006284123040719359,-0.005944041048530953
23009.0,61206,STARLINK-11279 [DTC],53.1595,A1_NE,1.6582238026792362,-0.006103206073140018,-0.005766593624763762
23010.0,61206,STARLINK-11279 [DTC],53.1595,A1_NE,1.0310303166774308,-0.005927097591182932,-0.005594007822414928
23011.0,61206,STARLINK-11279 [DTC],53.1595,A1_NE,0.49355136815612133,-0.005755770288071549,-0.005426246228277905
23012.0,61206,STARLINK-11279 [DTC],53.1595,A1_NE,0.49418856443023595,-0.005589184476317949,-0.005263259763861729
23013.0,61206,STARLINK-11279 [DTC],53.1595,A1_NE,1.0098159866631455,-0.005427289539327874,-0.005104989126019466
23014.0,61206,STARLINK-11279 [DTC],53.1595,A1_NE,1.5896437866493296,-0.005270019081268093,-0.004951360042115522
23015.0,61206,STARLINK-11279 [DTC],53.1595,A1_NE,2.173595011319689,-0.005117317313132816,-0.004802309042489199
23016.0,61206,STARLINK-11279 [DTC],53.1595,A1_NE,2.7519051522855666,-0.004969102259009054,-0.004657747518342813
23017.0,61206,STARLINK-11279 [DTC],53.1595,A1_NE,3.3218582053646597,-0.004825292335671886,-0.004517587673110258
23018.0,61206,STARLINK-11279 [DTC],53.1595,A1_NE,3.8825151977566246,-0.004685800894475367,-0.004381737196418781
23019.0,61206,STARLINK-11279 [DTC],53.1595,A1_NE,4.433548746980717,-0.0045505371395839125,-0.004250100131278774
23020.0,61206,STARLINK-11279 [DTC],53.1595,A1_NE,4.974886545440637,-0.00441940691993574,-0.004122577652628213
23360.0,62832,STARLINK-11549 [DTC],43.0037,A2_S,4.823448120178564,-0.015067965196197885,0.006802468975230526
23361.0,62832,STARLINK-11549 [DTC],43.0037,A2_S,3.891034205191024,-0.01498058355013635,0.006606989931971966
23362.0,62832,STARLINK-11549 [DTC],43.0037,A2_S,2.982899551987154,-0.014882155435515056,0.006410057405111092
23363.0,62832,STARLINK-11549 [DTC],43.0037,A2_S,2.1216023037250853,-0.014773175719132114,0.0062121831090330175
23364.0,62832,STARLINK-11549 [DTC],43.0037,A2_S,1.3820227636325468,-0.014654154129127305,0.0060138406098489555
23365.0,62832,STARLINK-11549 [DTC],43.0037,A2_S,1.0397696203876923,-0.014525626241912849,0.005815494472853148
23366.0,62832,STARLINK-11549 [DTC],43.0037,A2_S,1.4033425083245472,-0.014388145335458652,0.005617590155079477
23367.0,62832,STARLINK-11549 [DTC],43.0037,A2_S,2.127788286937834,-0.014242278062639564,0.005420552100046682
23368.0,62832,STARLINK-11549 [DTC],43.0037,A2_S,2.9506687412236,-0.014088600245625698,0.005224782130426114
23369.0,62832,STARLINK-11549 [DTC],43.0037,A2_S,3.802070998361978,-0.013927692854646576,0.005030658170150394
23370.0,62832,STARLINK-11549 [DTC],43.0037,A2_S,4.6608943138241266,-0.013760131307690396,0.004838525550306132
23496.0,63183,STARLINK-11602 [DTC],42.9972,A1_NE,4.152153832352729,-0.012780721827757777,0.00731544407244813
23497.0,63183,STARLINK-11602 [DTC],42.9972,A1_NE,3.301110651117869,-0.012610678537290693,0.007383324793949939
23498.0,63183,STARLINK-11602 [DTC],42.9972,A1_NE,2.455716728849504,-0.012435296694166474,0.007445001241143428
23499.0,63183,STARLINK-11602 [DTC],42.9972,A1_NE,1.617055412472171,-0.012255003263839074,0.0075004830210900954
23500.0,63183,STARLINK-11602 [DTC],42.9972,A1_NE,0.7895415418127094,-0.012070227954151979,0.0075497998495392135
23501.0,63183,STARLINK-11602 [DTC],42.9972,A1_NE,0.16584097707428322,-0.011881400941295018,0.007593000688154057
23502.0,63183,STARLINK-11602 [DTC],42.9972,A1_NE,0.8928530302295801,-0.01168895067594601,0.007630152776836321
23503.0,63183,STARLINK-11602 [DTC],42.9972,A1_NE,1.7032656023352526,-0.011493293918221147,0.007661341710153004
23504.0,63183,STARLINK-11602 [DTC],42.9972,A1_NE,2.5112691473279507,-0.011294865400024457,0.007686665526738188
23505.0,63183,STARLINK-11602 [DTC],42.9972,A1_NE,3.3135481985081574,-0.011094068794391426,0.007706241039046135
23506.0,63183,STARLINK-11602 [DTC],42.9972,A1_NE,4.109238526843325,-0.010891306446652767,0.007720197341960003
23507.0,63183,STARLINK-11602 [DTC],42.9972,A1_NE,4.89793118979377,-0.010686970073664882,0.007728675920208956
23541.0,64319,STARLINK-11671 [DTC],43.0011,A1_NE,4.875745089275834,-0.010367310657117634,-0.0023020645119730147
23542.0,64319,STARLINK-11671 [DTC],43.0011,A1_NE,4.145007410047979,-0.010117248105715416,-0.002184933917004623
23543.0,64319,STARLINK-11671 [DTC],43.0011,A1_NE,3.428872979808891,-0.009871163318038768,-0.0020719432326833875
23544.0,64319,STARLINK-11671 [DTC],43.0011,A1_NE,2.7286659566483547,-0.00962924703535329,-0.00196303615012782
23545.0,64319,STARLINK-11671 [DTC],43.0011,A1_NE,2.0475858116032923,-0.009391661580459407,-0.0018581471368764126
23546.0,64319,STARLINK-11671 [DTC],43.0011,A1_NE,1.3950079473915358,-0.00915854276001413,-0.001757202682859662
23547.0,64319,STARLINK-11671 [DTC],43.0011,A1_NE,0.8096874441859732,-0.008930001699525401,-0.001660122454942766
23548.0,64319,STARLINK-11671 [DTC],43.0011,A1_NE,0.5221735110623063,-0.008706117758457805,-0.0015668166947502497
23549.0,64319,STARLINK-11671 [DTC],43.0011,A1_NE,0.8662934432674906,-0.008486976157426553,-0.0014772020762687658
23550.0,64319,STARLINK-11671 [DTC],43.0011,A1_NE,1.4296437924418541,-0.008272615648205113,-0.0013911801002074286
23551.0,64319,STARLINK-11671 [DTC],43.0011,A1_NE,2.0272085062847984,-0.0080630663935278,-0.001308653091351494
23552.0,64319,STARLINK-11671 [DTC],43.0011,A1_NE,2.6279106265636294,-0.007858342454683725,-0.0012295211271971293
23553.0,64319,STARLINK-11671 [DTC],43.0011,A1_NE,3.22381120185625,-0.007658443290013674,-0.0011536827212054329
23554.0,64319,STARLINK-11671 [DTC],43.0011,A1_NE,3.8121411108097893,-0.0074633552073398,-0.001081035440168176
23555.0,64319,STARLINK-11671 [DTC],43.0011,A1_NE,4.391791584987422,-0.007273045129193917,-0.0010114737133307087
23556.0,64319,STARLINK-11671 [DTC],43.0011,A1_NE,4.962230242939505,-0.00708749230766893,-0.0009449003910450601
23626.0,64325,STARLINK-11698 [DTC],43.0008,A1_NE,4.63857914718268,-0.01019232775911405,-0.0019480535706474314
23627.0,64325,STARLINK-11698 [DTC],43.0008,A1_NE,3.9903833792793124,-0.00994940814061644,-0.001837422608907856
23628.0,64325,STARLINK-11698 [DTC],43.0008,A1_NE,3.3815026713917846,-0.009710419134832948,-0.0017309209242640782
23629.0,64325,STARLINK-11698 [DTC],43.0008,A1_NE,2.8280387636130944,-0.009475520223820295,-0.0016284722802789719
23630.0,64325,STARLINK-11698 [DTC],43.0008,A1_NE,2.358414883861564,-0.009244873199945719,-0.0015300052362726595
23631.0,64325,STARLINK-11698 [DTC],43.0008,A1_NE,2.019402864694431,-0.009018587196580342,-0.001435429550869492
23632.0,64325,STARLINK-11698 [DTC],43.0008,A1_NE,1.8702210524148237,-0.008796758401587666,-0.0013446538789470993
23633.0,64325,STARLINK-11698 [DTC],43.0008,A1_NE,1.9430258454818248,-0.008579462191709273,-0.0012575825321541017
23634.0,64325,STARLINK-11698 [DTC],43.0008,A1_NE,2.20602646331848,-0.008366754789619306,-0.001174116368158292
23635.0,64325,STARLINK-11698 [DTC],43.0008,A1_NE,2.5939749281828575,-0.008158674835612457,-0.0010941535975534157
23636.0,64325,STARLINK-11698 [DTC],43.0008,A1_NE,3.053003760808541,-0.007955244918825098,-0.0010175905189570053
23637.0,64325,STARLINK-11698 [DTC],43.0008,A1_NE,3.550173156473232,-0.007756465115078001,-0.0009443192965452557
23638.0,64325,STARLINK-11698 [DTC],43.0008,A1_NE,4.066864623159203,-0.007562346175411021,-0.0008742402126029439
23639.0,64325,STARLINK-11698 [DTC],43.0008,A1_NE,4.59257554819568,-0.007372862848799147,-0.0008072445160497468
24109.0,62059,STARLINK-11454 [DTC],53.158,A1_NE,4.9425232115268445,-0.011358294179656577,0.009399698687439496
24110.0,62059,STARLINK-11454 [DTC],53.158,A1_NE,4.105991838070406,-0.011275030625488241,0.009523716447947526
24111.0,62059,STARLINK-11454 [DTC],53.158,A1_NE,3.273571768522507,-0.011184641802441256,0.00964209940880059
24112.0,62059,STARLINK-11454 [DTC],53.158,A1_NE,2.4504368779284245,-0.011087291538821086,0.009754612764354319
24113.0,62059,STARLINK-11454 [DTC],53.158,A1_NE,1.651067590777627,-0.010983154520866543,0.009861053895103231
24114.0,62059,STARLINK-11454 [DTC],53.158,A1_NE,0.9381708912861266,-0.01087242963875902,0.009961234145669694
24115.0,62059,STARLINK-11454 [DTC],53.158,A1_NE,0.6815629377802356,-0.010755335444749107,0.010054984631567567
24116.0,62059,STARLINK-11454 [DTC],53.158,A1_NE,1.214215509627506,-0.010632108962097243,0.010142157024111862
24117.0,62059,STARLINK-11454 [DTC],53.158,A1_NE,1.9754768353363485,-0.010503004356786349,0.010222624181888932
24118.0,62059,STARLINK-11454 [DTC],53.158,A1_NE,2.7820619172515677,-0.010368291526434998,0.010296280626273172
24119.0,62059,STARLINK-11454 [DTC],53.158,A1_NE,3.6021185074346747,-0.010228248835545755,0.01036304540225954
24120.0,62059,STARLINK-11454 [DTC],53.158,A1_NE,4.426599080546388,-0.010083184267353924,0.010422851764510282
24275.0,61204,STARLINK-11302 [DTC],53.1598,A3_NW,4.471015040667084,-0.010232866316009382,-0.010583122819810768
24276.0,61204,STARLINK-11302 [DTC],53.1598,A3_NW,3.630722076162535,-0.01038025519229,-0.010523792826878514
24277.0,61204,STARLINK-11302 [DTC],53.1598,A3_NW,2.7927964726841545,-0.010522358120144177,-0.010457209375850398
24278.0,61204,STARLINK-11302 [DTC],53.1598,A3_NW,1.9638481752986827,-0.010658864222324668,-0.010383434314878452
24279.0,61204,STARLINK-11302 [DTC],53.1598,A3_NW,1.168286615558761,-0.010789476403212261,-0.010302553231500717
24280.0,61204,STARLINK-11302 [DTC],53.1598,A3_NW,0.5777499854739878,-0.010913913063392384,-0.010214675294116324
24281.0,61204,STARLINK-11302 [DTC],53.1598,A3_NW,0.8778202798623543,-0.011031909744892062,-0.01011993291779079
24282.0,61204,STARLINK-11302 [DTC],53.1598,A3_NW,1.6371041469811471,-0.011143225000270988,-0.010018477037187225
24283.0,61204,STARLINK-11302 [DTC],53.1598,A3_NW,2.4626517692888723,-0.011247624148173579,-0.009910493019279041
24284.0,61204,STARLINK-11302 [DTC],53.1598,A3_NW,3.305180285095459,-0.011344907426272133,-0.0097961753084721
24285.0,61204,STARLINK-11302 [DTC],53.1598,A3_NW,4.154075965973985,-0.011434892913525082,-0.009675742476917822
24926.0,64322,STARLINK-11747 [DTC],43.0001,A3_NW,4.885291836926006,-0.010481430256769451,-0.007590568697031054
24927.0,64322,STARLINK-11747 [DTC],43.0001,A3_NW,4.169504634391595,-0.010677656029102851,-0.007578017389180572
24928.0,64322,STARLINK-11747 [DTC],43.0001,A3_NW,3.472314591424749,-0.010872387573089498,-0.007560205298582696
24929.0,64322,STARLINK-11747 [DTC],43.0001,A3_NW,2.8134355872577888,-0.01106527281641849,-0.007537006444757212
24930.0,64322,STARLINK-11747 [DTC],43.0001,A3_NW,2.234368103119519,-0.011255942251520558,-0.00750830692056317
24931.0,64322,STARLINK-11747 [DTC],43.0001,A3_NW,1.821899474473199,-0.011444018185045902,-0.007474005606395973
24932.0,64322,STARLINK-11747 [DTC],43.0001,A3_NW,1.7107250177853608,-0.011629116163331659,-0.007434015254935013
24933.0,64322,STARLINK-11747 [DTC],43.0001,A3_NW,1.960478445243997,-0.011810846554277651,-0.00738826353444511
24934.0,64322,STARLINK-11747 [DTC],43.0001,A3_NW,2.4694219468261047,-0.01198881622245213,-0.007336694018356759
24935.0,64322,STARLINK-11747 [DTC],43.0001,A3_NW,3.1172307916499356,-0.012162637257112675,-0.007279264676383398
24936.0,64322,STARLINK-11747 [DTC],43.0001,A3_NW,3.837395614089448,-0.012331901047545727,-0.007215958194170194
24937.0,64322,STARLINK-11747 [DTC],43.0001,A3_NW,4.598602704642029,-0.012496222259255929,-0.007146768858820869
25029.0,62093,STARLINK-11345 [DTC],43.0001,A2_S,4.941144032224861,-0.014166603139427518,-0.005211329332604164
25030.0,62093,STARLINK-11345 [DTC],43.0001,A2_S,4.147330701915673,-0.01434857193577221,-0.005408704400805059
25031.0,62093,STARLINK-11345 [DTC],43.0001,A2_S,3.4086872889500697,-0.01452327207205463,-0.005607739136957038
25032.0,62093,STARLINK-11345 [DTC],43.0001,A2_S,2.779986708995263,-0.014690022910344403,-0.00580801061094466
25033.0,62093,STARLINK-11345 [DTC],43.0001,A2_S,2.3627698562772648,-0.014848166902602088,-0.006009093199391628
25034.0,62093,STARLINK-11345 [DTC],43.0001,A2_S,2.288109793423922,-0.014997045847444778,-0.006210528020379887
25035.0,62093,STARLINK-11345 [DTC],43.0001,A2_S,2.5957120894800174,-0.015136013031331509,-0.006411832707716409
25036.0,62093,STARLINK-11345 [DTC],43.0001,A2_S,3.1840485596756483,-0.015264438382212323,-0.006612503554910906
25037.0,62093,STARLINK-11345 [DTC],43.0001,A2_S,3.934804668475578,-0.015381713778742655,-0.006812018038190294
25038.0,62093,STARLINK-11345 [DTC],43.0001,A2_S,4.776415266710717,-0.015487258434695401,-0.007009837687367816
25376.0,62069,STARLINK-11460 [DTC],53.158,A3_NW,4.823700610944201,-0.004724443855690424,0.004057354162794373
25377.0,62069,STARLINK-11460 [DTC],53.158,A3_NW,4.3158088273263155,-0.004862138429196053,0.004186794694001091
25378.0,62069,STARLINK-11460 [DTC],53.158,A3_NW,3.811302669289301,-0.005004064334264231,0.004320490970028803
25379.0,62069,STARLINK-11460 [DTC],53.158,A3_NW,3.3168929080219143,-0.005150308737997713,0.004458545948019525
25380.0,62069,STARLINK-11460 [DTC],53.158,A3_NW,2.84416678891867,-0.005300960461843995,0.004601065255976675
25381.0,62069,STARLINK-11460 [DTC],53.158,A3_NW,2.4138102806232404,-0.005456084625187843,0.0047481332298160055
25382.0,62069,STARLINK-11460 [DTC],53.158,A3_NW,2.062221242539297,-0.005615758010243861,0.0048998463766108885
25383.0,62069,STARLINK-11460 [DTC],53.158,A3_NW,1.8464870649307126,-0.005780043898568719,0.005056289594190432
25384.0,62069,STARLINK-11460 [DTC],53.158,A3_NW,1.8275903654144368,-0.005948996847402754,0.0052175406871724
25385.0,62069,STARLINK-11460 [DTC],53.158,A3_NW,2.0223219904394334,-0.006122661402037104,0.0053836691382717775
25386.0,62069,STARLINK-11460 [DTC],53.158,A3_NW,2.3887137293916676,-0.006301070686018567,0.005554734769513916
25387.0,62069,STARLINK-11460 [DTC],53.158,A3_NW,2.870211632077172,-0.006484252390913616,0.005730793485897637
25388.0,62069,STARLINK-11460 [DTC],53.158,A3_NW,3.426014435681247,-0.006672197483580067,0.005911867182806756
25389.0,62069,STARLINK-11460 [DTC],53.158,A3_NW,4.032127163448189,-0.006864902732809757,0.00609798457918443
25390.0,62069,STARLINK-11460 [DTC],53.158,A3_NW,4.674966940385967,-0.007062339620105961,0.006289151312203233
26378.0,63191,STARLINK-11647 [DTC],43.0006,A2_S,4.24408217216311,-0.015490400724786812,0.006861598835287029
26379.0,63191,STARLINK-11647 [DTC],43.0006,A2_S,3.5931321780415635,-0.015368183292913526,0.006660719678837133
26380.0,63191,STARLINK-11647 [DTC],43.0006,A2_S,3.127189055725206,-0.01523464948924573,0.006458650117603332
26381.0,63191,STARLINK-11647 [DTC],43.0006,A2_S,2.927604085503882,-0.01509042835750372,0.006255916962157579
26382.0,63191,STARLINK-11647 [DTC],43.0006,A2_S,3.038924394520557,-0.014936188413233574,0.006053051981068164
26383.0,63191,STARLINK-11647 [DTC],43.0006,A2_S,3.4233080201499173,-0.014772597226630754,0.005850540337317506
26384.0,63191,STARLINK-11647 [DTC],43.0006,A2_S,3.9959811469364888,-0.014600338827207673,0.005648850985388583
26385.0,63191,STARLINK-11647 [DTC],43.0006,A2_S,4.682390269872909,-0.014420102943887519,0.005448426695275546
26471.0,64129,STARLINK-11679 [DTC],43.001,A1_NE,4.492198762566654,-0.012292117414805402,0.007087661728041262
26472.0,64129,STARLINK-11679 [DTC],43.001,A1_NE,3.7869686511737357,-0.012129071010329803,0.007153839757224912
26473.0,64129,STARLINK-11679 [DTC],43.001,A1_NE,3.1424646644229535,-0.011961413167469948,0.0072143172318919506
26474.0,64129,STARLINK-11679 [DTC],43.001,A1_NE,2.599669604303538,-0.011789520349264048,0.0072691036997136246
26475.0,64129,STARLINK-11679 [DTC],43.001,A1_NE,2.228407886503493,-0.011613770279817784,0.007318225906145359
26476.0,64129,STARLINK-11679 [DTC],43.001,A1_NE,2.1145536676613,-0.011434540100903801,0.00736172706363182
26477.0,64129,STARLINK-11679 [DTC],43.001,A1_NE,2.2907024933918088,-0.011252204642965927,0.007399666035514323
26478.0,64129,STARLINK-11679 [DTC],43.001,A1_NE,2.6953909964821774,-0.011067127287997261,0.0074321176474034314
26479.0,64129,STARLINK-11679 [DTC],43.001,A1_NE,3.2395792579428417,-0.010879688307370723,0.007459166742787648
26480.0,64129,STARLINK-11679 [DTC],43.001,A1_NE,3.8608216767772268,-0.010690238771789711,0.0074809150205980045
26481.0,64129,STARLINK-11679 [DTC],43.001,A1_NE,4.524035493475633,-0.010499128925629746,0.007497474570963851
26975.0,64131,STARLINK-11720 [DTC],43.0009,A1_NE,4.892971233536965,-0.012915867088543906,0.007960887508796774
26976.0,64131,STARLINK-11720 [DTC],43.0009,A1_NE,4.816188693883783,-0.012709835081328356,0.008000105041668273
26977.0,64131,STARLINK-11720 [DTC],43.0009,A1_NE,4.898483381549511,-0.012499078543613694,0.008032383575297258
27023.0,62089,STARLINK-11379 [DTC],43.0002,A1_NE,4.588213305729004,-0.010100015165259232,-0.0018118911017332975
27024.0,62089,STARLINK-11379 [DTC],43.0002,A1_NE,3.991990915400693,-0.009860031333190264,-0.001704076442337332
27025.0,62089,STARLINK-11379 [DTC],43.0002,A1_NE,3.4491643450321106,-0.00962398382832713,-0.0016003722216102866
27026.0,62089,STARLINK-11379 [DTC],43.0002,A1_NE,2.9803196489886403,-0.009392021659295625,-0.0015006963653818287
27027.0,62089,STARLINK-11379 [DTC],43.0002,A1_NE,2.6159245888037685,-0.009164296823625477,-0.0014049719779600104
27028.0,62089,STARLINK-11379 [DTC],43.0002,A1_NE,2.3938751367417557,-0.008940910010203345,-0.0013131043673247926
27029.0,62089,STARLINK-11379 [DTC],43.0002,A1_NE,2.3448833530284117,-0.008721949763141319,-0.001224998241370051
27030.0,62089,STARLINK-11379 [DTC],43.0002,A1_NE,2.470159745215484,-0.008507484718087027,-0.0011405545385978016
27031.0,62089,STARLINK-11379 [DTC],43.0002,A1_NE,2.738071948279481,-0.008297565177290096,-0.001059671266377517
27032.0,62089,STARLINK-11379 [DTC],43.0002,A1_NE,3.105307371410706,-0.008092224650412434,-0.0009822442664702846
27033.0,62089,STARLINK-11379 [DTC],43.0002,A1_NE,3.5354503866772924,-0.007891481309229884,-0.0009081679043025359
27034.0,62089,STARLINK-11379 [DTC],43.0002,A1_NE,4.003529744214231,-0.007695331601314054,-0.000837332905770778
27035.0,62089,STARLINK-11379 [DTC],43.0002,A1_NE,4.49359224651603,-0.007503782945745797,-0.0007696381789328519
27036.0,62089,STARLINK-11379 [DTC],43.0002,A1_NE,4.99566177362861,-0.0073168076405675155,-0.0007049742148690033
27403.0,60400,STARLINK-11234 [DTC],53.1597,A1_NE,4.598246031960223,-0.010439173383050513,0.009154042819647054
27404.0,60400,STARLINK-11234 [DTC],53.1597,A1_NE,4.276561026483771,-0.010339813706209821,0.009251426568449022
27405.0,60400,STARLINK-11234 [DTC],53.1597,A1_NE,4.086866045248095,-0.010235042903266833,0.00934356117965699
27406.0,60400,STARLINK-11234 [DTC],53.1597,A1_NE,4.047423283011961,-0.010125053969406673,0.00943030490254862
27407.0,60400,STARLINK-11234 [DTC],53.1597,A1_NE,4.161940832236985,-0.01001004049605023,0.009511542552575188
27408.0,60400,STARLINK-11234 [DTC],53.1597,A1_NE,4.41774492540728,-0.009890212332729685,0.009587170901079694
27409.0,60400,STARLINK-11234 [DTC],53.1597,A1_NE,4.79142271429635,-0.009765790464009385,0.009657102821665476
27883.0,64128,STARLINK-11722 [DTC],43.0007,A3_NW,4.987845650153688,-0.007076950952541662,0.0009175071924169616
27884.0,64128,STARLINK-11722 [DTC],43.0007,A3_NW,4.4214277931883785,-0.007261390148680881,0.0009833791433102883
27885.0,64128,STARLINK-11722 [DTC],43.0007,A3_NW,3.8466165154346377,-0.007450525611895639,0.0010522103241273652
27886.0,64128,STARLINK-11722 [DTC],43.0007,A3_NW,3.2642976201404146,-0.007644392316127433,0.0011241027093743907
27887.0,64128,STARLINK-11722 [DTC],43.0007,A3_NW,2.6763271207188715,-0.007843022913004021,0.0011991614847540921
27888.0,64128,STARLINK-11722 [DTC],43.0007,A3_NW,2.0870769472694644,-0.008046414345270977,0.0012774823659652736
27889.0,64128,STARLINK-11722 [DTC],43.0007,A3_NW,1.5081417731794535,-0.008254574471344828,0.001359169174206009
27890.0,64128,STARLINK-11722 [DTC],43.0007,A3_NW,0.9796475332236022,-0.008467488884383628,0.0014443212872733114
27891.0,64128,STARLINK-11722 [DTC],43.0007,A3_NW,0.6740988144691913,-0.008685127340421706,0.001533035927224038
27892.0,64128,STARLINK-11722 [DTC],43.0007,A3_NW,0.896195426615606,-0.00890744219548695,0.0016254074184180517
27893.0,64128,STARLINK-11722 [DTC],43.0007,A3_NW,1.4325777937407416,-0.00913436679634457,0.0017215263740998194
27894.0,64128,STARLINK-11722 [DTC],43.0007,A3_NW,2.061525334303529,-0.00936582318197689,0.0018214829011829205
27895.0,64128,STARLINK-11722 [DTC],43.0007,A3_NW,2.72865840598854,-0.009601682926124065,0.0019253493907122026
27896.0,64128,STARLINK-11722 [DTC],43.0007,A3_NW,3.4191965061034195,-0.0098418212310173,0.002033203589034668
27897.0,64128,STARLINK-11722 [DTC],43.0007,A3_NW,4.127839947308598,-0.010086078037830501,0.0021451115358637686
27898.0,64128,STARLINK-11722 [DTC],43.0007,A3_NW,4.852310551698039,-0.010334265416622546,0.002261130293838867
27916.0,62099,STARLINK-11380 [DTC],42.9998,A3_NW,4.479884940953506,-0.010852540945775997,-0.007748506161628566
27917.0,62099,STARLINK-11380 [DTC],42.9998,A3_NW,3.688691978023124,-0.011057328474832356,-0.007737287028693885
27918.0,62099,STARLINK-11380 [DTC],42.9998,A3_NW,2.89343262339869,-0.011260266552371279,-0.007720460578552086
27919.0,62099,STARLINK-11380 [DTC],42.9998,A3_NW,2.097852550017998,-0.011460959011343202,-0.007697889927026837
27920.0,62099,STARLINK-11380 [DTC],42.9998,A3_NW,1.3145477970230568,-0.011658991551325852,-0.007669451869125431
27921.0,62099,STARLINK-11380 [DTC],42.9998,A3_NW,0.6217327064157392,-0.011853941609231257,-0.00763503781434206
27922.0,62099,STARLINK-11380 [DTC],42.9998,A3_NW,0.6393714909124802,-0.012045380141264135,-0.0075945550249811545
27923.0,62099,STARLINK-11380 [DTC],42.9998,A3_NW,1.3511866719159935,-0.012232873557578123,-0.007547927799039314
27924.0,62099,STARLINK-11380 [DTC],42.9998,A3_NW,2.160298499283944,-0.012415993044639476,-0.007495096332741662
27925.0,62099,STARLINK-11380 [DTC],42.9998,A3_NW,2.9933216708174504,-0.01259428746051762,-0.007436026499386332
27926.0,62099,STARLINK-11380 [DTC],42.9998,A3_NW,3.838117773505156,-0.012767329862665832,-0.0073706980232393455
27927.0,62099,STARLINK-11380 [DTC],42.9998,A3_NW,4.690908632153412,-0.012934690210772188,-0.007299113539936231
27987.0,60063,STARLINK-11165 [DTC],53.1601,A3_NW,4.956386799698044,-0.00970366753232163,-0.00981809845053792
27988.0,60063,STARLINK-11165 [DTC],53.1601,A3_NW,4.434149082588325,-0.009834496075160976,-0.009754263119771607
27989.0,60063,STARLINK-11165 [DTC],53.1601,A3_NW,4.0018849858764405,-0.009960863821935914,-0.00968450467115586
27990.0,60063,STARLINK-11165 [DTC],53.1601,A3_NW,3.6927138199541636,-0.010082531712091513,-0.009608893602148033
27991.0,60063,STARLINK-11165 [DTC],53.1601,A3_NW,3.540231141546413,-0.01019927568615991,-0.009527514074958665
27992.0,60063,STARLINK-11165 [DTC],53.1601,A3_NW,3.5655478433274923,-0.010310869245157948,-0.009440477021619586
27993.0,60063,STARLINK-11165 [DTC],53.1601,A3_NW,3.765714861984787,-0.010417112747043064,-0.009347900157870072
27994.0,60063,STARLINK-11165 [DTC],53.1601,A3_NW,4.115665871416163,-0.010517815425522443,-0.00924992040521677
27995.0,60063,STARLINK-11165 [DTC],53.1601,A3_NW,4.5813343205546495,-0.01061280113814851,-0.009146690178633107
28025.0,62273,STARLINK-11333 [DTC],42.9975,A2_S,4.900356257551022,-0.013834414099016477,-0.00505893439267453
28026.0,62273,STARLINK-11333 [DTC],42.9975,A2_S,4.612695122326301,-0.013968734619408509,-0.005251663177283561
28027.0,62273,STARLINK-11333 [DTC],42.9975,A2_S,4.482615486493479,-0.01409540477311979,-0.0054456604846905765
28028.0,62273,STARLINK-11333 [DTC],42.9975,A2_S,4.52854777678432,-0.014213931052515344,-0.005640560112151696
28029.0,62273,STARLINK-11333 [DTC],42.9975,A2_S,4.749788569848609,-0.014323816800156106,-0.005835952061106151
29476.0,59424,STARLINK-11083 [DTC],53.1587,A1_NE,4.28247921104721,-0.0113973524413372,0.009598310174806267
29477.0,59424,STARLINK-11083 [DTC],53.1587,A1_NE,3.430181987756328,-0.011308988747415583,0.009719094523681512
29478.0,59424,STARLINK-11083 [DTC],53.1587,A1_NE,2.578757736062514,-0.01121340745354732,0.00983389950808212
29479.0,59424,STARLINK-11083 [DTC],53.1587,A1_NE,1.7303108458439347,-0.01111078395768861,0.00994250667845982
29479.0,62912,STARLINK-11565 [DTC],43.0012,A1_NE,4.980078328863075,-0.01132360805766145,0.0069311317198108785
29480.0,62912,STARLINK-11565 [DTC],43.0012,A1_NE,4.736426759175816,-0.011161601103547717,0.006981953244575563
29480.0,59424,STARLINK-11083 [DTC],53.1587,A1_NE,0.8936146022533026,-0.011001315714647214,0.010044717060780322
29481.0,59424,STARLINK-11083 [DTC],53.1587,A1_NE,0.2485590064907938,-0.010885221174823176,0.010140352170762024
29481.0,62912,STARLINK-11565 [DTC],43.0012,A1_NE,4.611089381478724,-0.010996528795815856,0.00702774121517424
29482.0,59424,STARLINK-11083 [DTC],53.1587,A1_NE,0.8828681564905457,-0.010762733538210409,0.010229258315379247
29482.0,62912,STARLINK-11565 [DTC],43.0012,A1_NE,4.611126760992849,-0.010828700547957966,0.007068539602865686
29483.0,59424,STARLINK-11083 [DTC],53.1587,A1_NE,1.7160708816898311,-0.01063411936462669,0.010311293256827824
29483.0,62912,STARLINK-11565 [DTC],43.0012,A1_NE,4.733905306412655,-0.010658442956845501,0.007104399988263696
29484.0,62912,STARLINK-11565 [DTC],43.0012,A1_NE,4.967739393197242,-0.010486058090889287,0.007135390688200232
29484.0,59424,STARLINK-11083 [DTC],53.1587,A1_NE,2.5591404273067746,-0.01049964753515853,0.010386348216224429
29485.0,59424,STARLINK-11083 [DTC],53.1587,A1_NE,3.403115573361784,-0.010359607140767772,0.01045433365193376
29486.0,59424,STARLINK-11083 [DTC],53.1587,A1_NE,4.24588387189811,-0.010214301020394887,0.010515183164693473
29622.0,60408,STARLINK-11196 [DTC],53.1589,A2_S,4.822150629799122,-0.01250305047817573,0.009799876278655643
29623.0,60408,STARLINK-11196 [DTC],53.1589,A2_S,3.8740277805547443,-0.012373595369725971,0.009552803919398703
29624.0,60408,STARLINK-11196 [DTC],53.1589,A2_S,2.9387861086177973,-0.012236723571321988,0.009305079824107942
29625.0,60408,STARLINK-11196 [DTC],53.1589,A2_S,2.0195500027214437,-0.012093026298905836,0.009057296177536317
29626.0,60408,STARLINK-11196 [DTC],53.1589,A2_S,1.1286196857254946,-0.011943097865481218,0.008810022505369696
29627.0,60408,STARLINK-11196 [DTC],53.1589,A2_S,0.4004424856242119,-0.011787526821172954,0.008563794126218816
29628.0,60408,STARLINK-11196 [DTC],53.1589,A2_S,0.822096599591234,-0.011626892490501363,0.008319110975383712
29629.0,60408,STARLINK-11196 [DTC],53.1589,A2_S,1.6605223492753287,-0.011461761863956605,0.008076436851628302
29630.0,60408,STARLINK-11196 [DTC],53.1589,A2_S,2.5183125177260353,-0.011292679999485397,0.007836189469569198
29631.0,60408,STARLINK-11196 [DTC],53.1589,A2_S,3.3713790956044334,-0.011120195017095325,0.007598779033462128
29632.0,60408,STARLINK-11196 [DTC],53.1589,A2_S,4.215162024026551,-0.010944815244748152,0.007364550567353403
29852.0,64133,STARLINK-11716 [DTC],43.0012,A2_S,4.090170900488667,-0.015308954019019655,0.006845300021659529
29853.0,64133,STARLINK-11716 [DTC],43.0012,A2_S,3.1230622886458566,-0.015207399962727014,0.006645672966727947
29854.0,64133,STARLINK-11716 [DTC],43.0012,A2_S,2.170974832222441,-0.015094523056899343,0.006444707663458303
29855.0,64133,STARLINK-11716 [DTC],43.0012,A2_S,1.2514263022008276,-0.014970872577981022,0.006242916509833236
29856.0,64133,STARLINK-11716 [DTC],43.0012,A2_S,0.5172158742843092,-0.014837027220294166,0.006040803096131088
29857.0,64133,STARLINK-11716 [DTC],43.0012,A2_S,0.8775405521951429,-0.014693586241487006,0.005838851597005571
29858.0,64133,STARLINK-11716 [DTC],43.0012,A2_S,1.7389921148380896,-0.014541164535393359,0.005637524497917319
29859.0,64133,STARLINK-11716 [DTC],43.0012,A2_S,2.641571598692737,-0.01438038784161298,0.005437260667876147
29860.0,64133,STARLINK-11716 [DTC],43.0012,A2_S,3.5466031518295793,-0.014211881215052779,0.005238465812109776
29861.0,64133,STARLINK-11716 [DTC],43.0012,A2_S,4.446385151843218,-0.014036292089571422,0.005041543166385838
29959.0,62919,STARLINK-11457 [DTC],43.0008,A1_NE,4.919240886815509,-0.013080941228801414,0.0073629227581579505
29960.0,62919,STARLINK-11457 [DTC],43.0008,A1_NE,4.092856245109515,-0.012912083797067798,0.007434452292396468
29961.0,62919,STARLINK-11457 [DTC],43.0008,A1_NE,3.2920061971882704,-0.012737296528399708,0.007499588218741473
29962.0,62919,STARLINK-11457 [DTC],43.0008,A1_NE,2.536099984102601,-0.012557024109634992,0.007558328075719771
29963.0,62919,STARLINK-11457 [DTC],43.0008,A1_NE,1.873061920132804,-0.01237171629770551,0.007610691183710729
29964.0,62919,STARLINK-11457 [DTC],43.0008,A1_NE,1.427761383063323,-0.012181817638135755,0.007656719527278564
29965.0,62919,STARLINK-11457 [DTC],43.0008,A1_NE,1.4114556142805452,-0.01198779579171284,0.007696469631914163
29966.0,62919,STARLINK-11457 [DTC],43.0008,A1_NE,1.8269382115664545,-0.011790093326651693,0.007730022593723928
29967.0,62919,STARLINK-11457 [DTC],43.0008,A1_NE,2.4580305980070385,-0.011589155917826619,0.007757475249052055
29968.0,62919,STARLINK-11457 [DTC],43.0008,A1_NE,3.1734082096331186,-0.011385422741619904,0.007778940908433969
29969.0,62919,STARLINK-11457 [DTC],43.0008,A1_NE,3.922767390982501,-0.011179324570319197,0.0077945480533437705
29970.0,62919,STARLINK-11457 [DTC],43.0008,A1_NE,4.685969068468088,-0.010971282054185549,0.007804438992689643
30014.0,62269,STARLINK-11491 [DTC],42.9986,A1_NE,4.387115850285373,-0.010217293194551239,-0.002116269217905447
30015.0,62269,STARLINK-11491 [DTC],42.9986,A1_NE,3.6857708785995777,-0.009970048293693686,-0.0020028110791022167
30016.0,62269,STARLINK-11491 [DTC],42.9986,A1_NE,3.0079157682184685,-0.009726893200673638,-0.0018935054001075781
30017.0,62269,STARLINK-11491 [DTC],42.9986,A1_NE,2.3623898745893808,-0.009488018420838847,-0.0017882928320398829
30018.0,62269,STARLINK-11491 [DTC],42.9986,A1_NE,1.769801842412385,-0.00925355796091158,-0.0016870926661092089
30019.0,62269,STARLINK-11491 [DTC],42.9986,A1_NE,1.2848157945316547,-0.009023630512778867,-0.0015898217761562894
30020.0,62269,STARLINK-11491 [DTC],42.9986,A1_NE,1.0428606747613867,-0.008798331404903452,-0.0014963912349987404
30021.0,62269,STARLINK-11491 [DTC],42.9986,A1_NE,1.1812666194514565,-0.008577734397553605,-0.001406707330715738
30022.0,62269,STARLINK-11491 [DTC],42.9986,A1_NE,1.5902116812075489,-0.008361893407041788,-0.0013206724972974978
30023.0,62269,STARLINK-11491 [DTC],42.9986,A1_NE,2.1080940460701827,-0.00815083580607018,-0.001238182920288726
30024.0,62269,STARLINK-11491 [DTC],42.9986,A1_NE,2.6644095988512713,-0.007944597788759679,-0.0011591424395353041
30025.0,62269,STARLINK-11491 [DTC],42.9986,A1_NE,3.2331970360844737,-0.007743174941912017,-0.0010834433405453709
30026.0,62269,STARLINK-11491 [DTC],42.9986,A1_NE,3.8037942833278353,-0.007546557873437396,-0.0010109803964741901
30027.0,62269,STARLINK-11491 [DTC],42.9986,A1_NE,4.371259205330952,-0.00735472498920728,-0.0009416480376422874
30028.0,62269,STARLINK-11491 [DTC],42.9986,A1_NE,4.933080877304825,-0.007167643771591425,-0.0008753408472730957
30859.0,62918,STARLINK-11562 [DTC],43.0016,A3_NW,4.809750745112221,-0.008083350070081806,0.000633274594594672
30860.0,62918,STARLINK-11562 [DTC],43.0016,A3_NW,4.619052083019471,-0.008279121870516045,0.0007040934260558222
30861.0,62918,STARLINK-11562 [DTC],43.0016,A3_NW,4.500973564337598,-0.008478987955628367,0.0007781961653379519
30862.0,62918,STARLINK-11562 [DTC],43.0016,A3_NW,4.465586892991445,-0.008682890929866268,0.0008556792042626785
30863.0,62918,STARLINK-11562 [DTC],43.0016,A3_NW,4.519231143238909,-0.008890782355027414,0.0009366463156575917
30864.0,62918,STARLINK-11562 [DTC],43.0016,A3_NW,4.663252465536392,-0.00910258949090934,0.001021196217817386
30865.0,62918,STARLINK-11562 [DTC],43.0016,A3_NW,4.894032325741817,-0.009318221917758931,0.0011094247705164156
30907.0,62276,STARLINK-11498 [DTC],43.0008,A3_NW,4.914812929961737,-0.012581713313510302,-0.0080468266642661
30908.0,62276,STARLINK-11498 [DTC],43.0008,A3_NW,4.8687380995456815,-0.01279242667510287,-0.00801284838730012
30909.0,62276,STARLINK-11498 [DTC],43.0008,A3_NW,4.981498071501901,-0.01299824431825036,-0.00797185524729077
31090.0,62220,STARLINK-11466 [DTC],53.1575,A1_NE,4.99865192976193,-0.010847087216090753,0.009124075382136124
31091.0,62220,STARLINK-11466 [DTC],53.1575,A1_NE,4.38598521038466,-0.010758337338754571,0.009235830795447857
31092.0,62220,STARLINK-11466 [DTC],53.1575,A1_NE,3.8482575532655465,-0.010663453142686394,0.00934236215547754
31093.0,62220,STARLINK-11466 [DTC],53.1575,A1_NE,3.4211355266238774,-0.010562593606936203,0.009443495230523345
31094.0,62220,STARLINK-11466 [DTC],53.1575,A1_NE,3.1498285657004557,-0.010455937837586138,0.009539066730070085
31095.0,62220,STARLINK-11466 [DTC],53.1575,A1_NE,3.075421540181482,-0.010343680740440075,0.009628929634578341
31096.0,62220,STARLINK-11466 [DTC],53.1575,A1_NE,3.2109221703181223,-0.010226032050783627,0.009712953817102346
31097.0,62220,STARLINK-11466 [DTC],53.1575,A1_NE,3.531344968738965,-0.010103215243190524,0.00979102654878636
31098.0,62220,STARLINK-11466 [DTC],53.1575,A1_NE,3.9913719488494923,-0.009975466393884273,0.009863052886103745
31099.0,62220,STARLINK-11466 [DTC],53.1575,A1_NE,4.5477551475438025,-0.009843027521578882,0.00992895846158776
31253.0,59763,STARLINK-11104 [DTC],53.1578,A3_NW,4.508729886340983,-0.01051708105666505,-0.010777914596778012
31254.0,59763,STARLINK-11104 [DTC],53.1578,A3_NW,3.7425420713401096,-0.010665404182723649,-0.010715039145029649
31255.0,59763,STARLINK-11104 [DTC],53.1578,A3_NW,3.029199123718501,-0.010807898526602628,-0.010644504434239498
31256.0,59763,STARLINK-11104 [DTC],53.1578,A3_NW,2.4187298767779675,-0.010944245270345826,-0.010566384128916568
31257.0,59763,STARLINK-11104 [DTC],53.1578,A3_NW,2.010074810474849,-0.011074136002747235,-0.010480780387929673
31258.0,59763,STARLINK-11104 [DTC],53.1578,A3_NW,1.9378160121442338,-0.011197280668771048,-0.010387821222766195
31259.0,59763,STARLINK-11104 [DTC],53.1578,A3_NW,2.2361856722427373,-0.011313409319436583,-0.010287660026804382
31260.0,59763,STARLINK-11104 [DTC],53.1578,A3_NW,2.7892780105182293,-0.011422273739210781,-0.010180474903560704
31261.0,59763,STARLINK-11104 [DTC],53.1578,A3_NW,3.4777338578550654,-0.011523648898039621,-0.010066467798477969
31262.0,59763,STARLINK-11104 [DTC],53.1578,A3_NW,4.235884007723394,-0.011617337871702093,-0.009945858459958322
31339.0,62910,STARLINK-11569 [DTC],43.0013,A3_NW,4.91911022568723,-0.007270058596414781,0.001661445306680628
31340.0,62910,STARLINK-11569 [DTC],43.0013,A3_NW,4.451739783149908,-0.007470264814910999,0.0017428798529913433
31341.0,62910,STARLINK-11569 [DTC],43.0013,A3_NW,4.013334518544323,-0.007675771046353217,0.001827584639271495
31342.0,62910,STARLINK-11569 [DTC],43.0013,A3_NW,3.620070488042662,-0.007886611681101864,0.0019156537885292467
31343.0,62910,STARLINK-11569 [DTC],43.0013,A3_NW,3.294640297826291,-0.008102807536174098,0.002007179334228959
31344.0,62910,STARLINK-11569 [DTC],43.0013,A3_NW,3.0660098092128565,-0.008324373273464804,0.0021022544000103226
31345.0,62910,STARLINK-11569 [DTC],43.0013,A3_NW,2.9645558467456454,-0.008551279775465142,0.0022009569583094153
31346.0,62910,STARLINK-11569 [DTC],43.0013,A3_NW,3.0111988891566464,-0.00878350580416497,0.0023033718995244027
31347.0,62910,STARLINK-11569 [DTC],43.0013,A3_NW,3.2072991712016976,-0.00902100064615735,0.002409574921583418
31348.0,62910,STARLINK-11569 [DTC],43.0013,A3_NW,3.535403636619867,-0.009263690888551463,0.002519635237664617
31349.0,62910,STARLINK-11569 [DTC],43.0013,A3_NW,3.969680837090375,-0.009511478329789708,0.0026336144476699777
31350.0,62910,STARLINK-11569 [DTC],43.0013,A3_NW,4.485611744872874,-0.0097642378129695,0.0027515653222095985
31396.0,62270,STARLINK-11479 [DTC],42.9999,A3_NW,4.572076997075335,-0.010483782732376884,-0.007508305756138553
31397.0,62270,STARLINK-11479 [DTC],42.9999,A3_NW,3.884314411236665,-0.010675726363952271,-0.007493036954337974
31398.0,62270,STARLINK-11479 [DTC],42.9999,A3_NW,3.227982212383229,-0.010866058345677134,-0.007472587431089615
31399.0,62270,STARLINK-11479 [DTC],42.9999,A3_NW,2.6327839119671936,-0.011054427578224009,-0.007446842034086651
31400.0,62270,STARLINK-11479 [DTC],42.9999,A3_NW,2.1572941042031273,-0.011240474467088169,-0.007415697283846467
31401.0,62270,STARLINK-11479 [DTC],42.9999,A3_NW,1.9018537601939975,-0.011423832227496447,-0.007379062413719202
31402.0,62270,STARLINK-11479 [DTC],42.9999,A3_NW,1.9621430115594105,-0.011604128283531669,-0.007336860377114995
31403.0,62270,STARLINK-11479 [DTC],42.9999,A3_NW,2.319657066129222,-0.011780992861624246,-0.00728902677124879
31404.0,62270,STARLINK-11479 [DTC],42.9999,A3_NW,2.8698455737348585,-0.011954032294845379,-0.007235518667496103
31405.0,62270,STARLINK-11479 [DTC],42.9999,A3_NW,3.5271743932300477,-0.012122873486591917,-0.007176303904523127
31406.0,62270,STARLINK-11479 [DTC],42.9999,A3_NW,4.244933538966834,-0.012287137133526199,-0.007111369311393985
31407.0,62270,STARLINK-11479 [DTC],42.9999,A3_NW,4.999372855595115,-0.01244644680077176,-0.007040719562576894
31523.0,62523,STARLINK-11527 [DTC],43.0014,A2_S,4.528082845921786,-0.014554392859981615,-0.005589512136327088
31524.0,62523,STARLINK-11527 [DTC],43.0014,A2_S,3.930576865079598,-0.014732043998549804,-0.005791007052909934
31525.0,62523,STARLINK-11527 [DTC],43.0014,A2_S,3.4849290495488425,-0.014901290078879172,-0.005993494858143335
31526.0,62523,STARLINK-11527 [DTC],43.0014,A2_S,3.2627799817166143,-0.015061434707963475,-0.006196513423182929
31527.0,62523,STARLINK-11527 [DTC],43.0014,A2_S,3.317637490695868,-0.015211789977087798,-0.006399575243334046
31528.0,62523,STARLINK-11527 [DTC],43.0014,A2_S,3.644118642438638,-0.015351681860718096,-0.006602169525052954
31529.0,62523,STARLINK-11527 [DTC],43.0014,A2_S,4.184950973416311,-0.015480460771686263,-0.006803772756898896
31530.0,62523,STARLINK-11527 [DTC],43.0014,A2_S,4.873933676869008,-0.01559748701050429,-0.007003819150108048
32373.0,62230,STARLINK-11481 [DTC],53.157,A3_NW,4.989593748004749,-0.0059258394833581725,0.004385032726876712
32374.0,62230,STARLINK-11481 [DTC],53.157,A3_NW,4.898510988793558,-0.006090224671091594,0.004532758304874262
32375.0,62230,STARLINK-11481 [DTC],53.157,A3_NW,4.883006200774946,-0.0062590344232033935,0.004685270222960329
32376.0,62230,STARLINK-11481 [DTC],53.157,A3_NW,4.948189357069848,-0.006432285488547273,0.004842642979065081
32954.0,62989,STARLINK-11573 [DTC],42.9993,A1_NE,4.974017269993343,-0.011871335162880862,0.006954894055577114
32955.0,62989,STARLINK-11573 [DTC],42.9993,A1_NE,4.460460140185052,-0.011711364101427216,0.007016618288975949
32956.0,62989,STARLINK-11573 [DTC],42.9993,A1_NE,4.0423792052936856,-0.011547422745030502,0.0070729957299932224
32957.0,62989,STARLINK-11573 [DTC],42.9993,A1_NE,3.74877682917967,-0.01137985457498188,0.00712404430243296
32958.0,62989,STARLINK-11573 [DTC],42.9993,A1_NE,3.606803647016252,-0.011209002717310361,0.00716979690829511
32959.0,62989,STARLINK-11573 [DTC],42.9993,A1_NE,3.6307864611283867,-0.011035208432852685,0.007210300739663508
32960.0,62989,STARLINK-11573 [DTC],42.9993,A1_NE,3.8141503541703616,-0.010858802541224547,0.007245617845661062
32961.0,62989,STARLINK-11573 [DTC],42.9993,A1_NE,4.132428466778092,-0.01068013256623672,0.007275818855074968
32962.0,62989,STARLINK-11573 [DTC],42.9993,A1_NE,4.554349577963342,-0.01049951887785926,0.007300990649642631
33332.0,62913,STARLINK-11564 [DTC],43.0013,A2_S,4.863666155636714,-0.014132743828781054,0.005613784099742824
33333.0,62913,STARLINK-11564 [DTC],43.0013,A2_S,4.803390506994546,-0.0140170210882731,0.005420595318974875
33334.0,62913,STARLINK-11564 [DTC],43.0013,A2_S,4.90607580015967,-0.013893252855140809,0.005228278731112331
33436.0,62991,STARLINK-11583 [DTC],43.001,A1_NE,4.3569020902018245,-0.01311617528068039,0.007610181035915275
33437.0,62991,STARLINK-11583 [DTC],43.001,A1_NE,3.6836638595831577,-0.012933817969434195,0.007672688106233936
33438.0,62991,STARLINK-11583 [DTC],43.001,A1_NE,3.1169687149314735,-0.012745747738274115,0.007728474158391589
33439.0,62991,STARLINK-11583 [DTC],43.001,A1_NE,2.7188437932641465,-0.012552451065907428,0.007777571739656563
33440.0,62991,STARLINK-11583 [DTC],43.001,A1_NE,2.5629008057149485,-0.012354416565179237,0.007820035816805534
33441.0,62991,STARLINK-11583 [DTC],43.001,A1_NE,2.6855144506678723,-0.012152132290761732,0.007855942634028753
33442.0,62991,STARLINK-11583 [DTC],43.001,A1_NE,3.0477079509889315,-0.011946083134061921,0.007885388457958449
33443.0,62991,STARLINK-11583 [DTC],43.001,A1_NE,3.5724802533323627,-0.011736739937001637,0.007908489029066655
33444.0,62991,STARLINK-11583 [DTC],43.001,A1_NE,4.194886910226568,-0.01152459103950042,0.007925374673420901
33445.0,62991,STARLINK-11583 [DTC],43.001,A1_NE,4.873806895340395,-0.011310089658768164,0.00793619438746957
33500.0,62518,STARLINK-11450 [DTC],42.9998,A1_NE,4.887725093022126,-0.010115623496652243,-0.0017449439731041494
33501.0,62518,STARLINK-11450 [DTC],42.9998,A1_NE,4.318139158395532,-0.009877419641723489,-0.0016380433813199772
33502.0,62518,STARLINK-11450 [DTC],42.9998,A1_NE,3.8047081921135444,-0.00964303418415673,-0.00153523712935137
33503.0,62518,STARLINK-11450 [DTC],42.9998,A1_NE,3.3656608887957673,-0.009412646463002824,-0.0014364548395394206
33504.0,62518,STARLINK-11450 [DTC],42.9998,A1_NE,3.025292217406247,-0.009186382846451803,-0.0013416070074923525
33505.0,62518,STARLINK-11450 [DTC],42.9998,A1_NE,2.8110913589289184,-0.00896435626382218,-0.00125060277126938
33506.0,62518,STARLINK-11450 [DTC],42.9998,A1_NE,2.7442847357777715,-0.008746658310722844,-0.0011633466746975463
33507.0,62518,STARLINK-11450 [DTC],42.9998,A1_NE,2.8274576279000585,-0.008533360862399407,-0.0010797395755730512
33508.0,62518,STARLINK-11450 [DTC],42.9998,A1_NE,3.0413227121306337,-0.008324517594363541,-0.0009996794691565004
33509.0,62518,STARLINK-11450 [DTC],42.9998,A1_NE,3.354898248946706,-0.008120157366766275,-0.0009230592294507702
33510.0,62518,STARLINK-11450 [DTC],42.9998,A1_NE,3.737888241442113,-0.007920318352667476,-0.000849779479309278
33511.0,62518,STARLINK-11450 [DTC],42.9998,A1_NE,4.166657771377675,-0.007725000071105956,-0.0007797307133749378
33512.0,62518,STARLINK-11450 [DTC],42.9998,A1_NE,4.624553779089093,-0.007534197770447265,-0.0007128063107050765
33691.0,60117,STARLINK-11203 [DTC],53.159,A1_NE,4.621700946813447,-0.00689159452360962,-0.006617164184115995
33692.0,60117,STARLINK-11203 [DTC],53.159,A1_NE,3.9101166155886147,-0.0066946243565705775,-0.006422889764981574
33693.0,60117,STARLINK-11203 [DTC],53.159,A1_NE,3.2118477014068785,-0.006502469682412519,-0.006233479778516062
33694.0,60117,STARLINK-11203 [DTC],53.159,A1_NE,2.5267772795468977,-0.006315154998266321,-0.006048949986834736
33695.0,60117,STARLINK-11203 [DTC],53.159,A1_NE,1.8548794700182876,-0.0061326795294644,-0.005869291601018027
33696.0,60117,STARLINK-11203 [DTC],53.159,A1_NE,1.1966586158623205,-0.005955048219512665,-0.005694501795209873
33697.0,60117,STARLINK-11203 [DTC],53.159,A1_NE,0.5555795828658466,-0.005782229402756754,-0.005524542037403658
33698.0,60117,STARLINK-11203 [DTC],53.159,A1_NE,0.15044209617306936,-0.005614185974610007,-0.005359368789240013
33699.0,60117,STARLINK-11203 [DTC],53.159,A1_NE,0.726591616298709,-0.0054508694792349205,-0.005198927670899693
33700.0,60117,STARLINK-11203 [DTC],53.159,A1_NE,1.334395644362205,-0.005292221496254553,-0.005043154840263163
33701.0,60117,STARLINK-11203 [DTC],53.159,A1_NE,1.9335549609093077,-0.005138174965968975,-0.004891978276777402
33702.0,60117,STARLINK-11203 [DTC],53.159,A1_NE,2.522297110563408,-0.00498864945775964,-0.004745313147971404
33703.0,60117,STARLINK-11203 [DTC],53.159,A1_NE,3.1003445455991527,-0.004843576159409513,-0.004603086311841491
33704.0,60117,STARLINK-11203 [DTC],53.159,A1_NE,3.6677866130078756,-0.00470286280263423,-0.004465201907315189
33705.0,60117,STARLINK-11203 [DTC],53.159,A1_NE,4.224776970654741,-0.004566418823059601,-0.004331566033528051
33706.0,60117,STARLINK-11203 [DTC],53.159,A1_NE,4.77150224629394,-0.004434150105517793,-0.004202081576083512
34353.0,62983,STARLINK-11417 [DTC],43.0003,A3_NW,4.610828485129199,-0.007605074425336702,0.0006990851530335789
34354.0,62983,STARLINK-11417 [DTC],43.0003,A3_NW,4.176422959121761,-0.007797101699569284,0.0007665501289338887
34355.0,62983,STARLINK-11417 [DTC],43.0003,A3_NW,3.7778435379414774,-0.007993634164817168,0.0008371759157828044
34356.0,62983,STARLINK-11417 [DTC],43.0003,A3_NW,3.433028818034241,-0.008194655987855988,0.0009110640147007085
34357.0,62983,STARLINK-11417 [DTC],43.0003,A3_NW,3.1656876327129027,-0.008400161991112135,0.0009883240040647339
34358.0,62983,STARLINK-11417 [DTC],43.0003,A3_NW,3.0032981841913085,-0.008610124878325054,0.0010690617407085963
34359.0,62983,STARLINK-11417 [DTC],43.0003,A3_NW,2.970179677657182,-0.008824501683260327,0.0011533815091195356
34360.0,62983,STARLINK-11417 [DTC],43.0003,A3_NW,3.0775481464191183,-0.009043232309679456,0.0012413853198414931
34361.0,62983,STARLINK-11417 [DTC],43.0003,A3_NW,3.3185307711217726,-0.00926623805570835,0.0013331721413560793
34362.0,62983,STARLINK-11417 [DTC],43.0003,A3_NW,3.673224888924797,-0.009493429265137422,0.001428840977613448
34363.0,62983,STARLINK-11417 [DTC],43.0003,A3_NW,4.11812942599264,-0.009724667009167604,0.0015284743919512095
34364.0,62983,STARLINK-11417 [DTC],43.0003,A3_NW,4.632671198405753,-0.00995981633173416,0.001632160594346217
34400.0,62513,STARLINK-11440 [DTC],42.9999,A3_NW,4.811032090891864,-0.011507298497800165,-0.007967502100257175
34401.0,62513,STARLINK-11440 [DTC],42.9999,A3_NW,4.202873028357014,-0.01172268163021097,-0.007954162249983219
34402.0,62513,STARLINK-11440 [DTC],42.9999,A3_NW,3.6800172967776605,-0.011935377826700835,-0.007934594793543508
34403.0,62513,STARLINK-11440 [DTC],42.9999,A3_NW,3.2892622877156144,-0.012144908202388718,-0.007908656492489802
34404.0,62513,STARLINK-11440 [DTC],42.9999,A3_NW,3.087249734270159,-0.01235078498446763,-0.00787622108825825
34405.0,62513,STARLINK-11440 [DTC],42.9999,A3_NW,3.1166511482271377,-0.012552513793383763,-0.007837180805714479
34406.0,62513,STARLINK-11440 [DTC],42.9999,A3_NW,3.376427163158962,-0.01274959606388848,-0.0077914477879902615
34407.0,62513,STARLINK-11440 [DTC],42.9999,A3_NW,3.824075512453175,-0.012941539311451299,-0.007738953190890672
34408.0,62513,STARLINK-11440 [DTC],42.9999,A3_NW,4.406047014774172,-0.013127829182829827,-0.007679657137360825
34509.0,64382,STARLINK-11740 [DTC],42.9998,A2_S,4.275089095834595,-0.013828025411627217,-0.004939139291672666
34510.0,64382,STARLINK-11740 [DTC],42.9998,A2_S,3.609370643809301,-0.013981222373976695,-0.005132318446962003
34511.0,64382,STARLINK-11740 [DTC],42.9998,A2_S,3.052953769637882,-0.014127252330050067,-0.005327191897748929
34512.0,64382,STARLINK-11740 [DTC],42.9998,A2_S,2.684017661065864,-0.014265553589114677,-0.005523378029536449
34513.0,64382,STARLINK-11740 [DTC],42.9998,A2_S,2.5931697755978766,-0.014395588239905846,-0.0057204956571052165
34514.0,64382,STARLINK-11740 [DTC],42.9998,A2_S,2.8155688706282023,-0.014516822117939115,-0.005918133945208194
34515.0,64382,STARLINK-11740 [DTC],42.9998,A2_S,3.294821569991566,-0.014628734747958944,-0.006115861716457124
34516.0,64382,STARLINK-11740 [DTC],42.9998,A2_S,3.943448465788883,-0.014730823376433493,-0.006313229257235995
34517.0,64382,STARLINK-11740 [DTC],42.9998,A2_S,4.695825349990837,-0.014822607059135792,-0.0065097703964615995
34818.0,60722,STARLINK-11188 [DTC],53.1586,A1_NE,4.861635468406268,-0.01154984198995593,0.009633159888202373
34819.0,60722,STARLINK-11188 [DTC],53.1586,A1_NE,4.018781894994078,-0.011465517468892844,0.009758704412529072
34820.0,60722,STARLINK-11188 [DTC],53.1586,A1_NE,3.1857126967213083,-0.011373662540251003,0.009878224279702332
34821.0,60722,STARLINK-11188 [DTC],53.1586,A1_NE,2.3736843004836317,-0.011274442867566823,0.00999148268920906
34822.0,60722,STARLINK-11188 [DTC],53.1586,A1_NE,1.615330351733707,-0.011168043472388813,0.010098266783794595
34823.0,60722,STARLINK-11188 [DTC],53.1586,A1_NE,1.0359654053439,-0.011054685131897812,0.010198371883382028
34824.0,60722,STARLINK-11188 [DTC],53.1586,A1_NE,1.01144926943282,-0.010934597521264907,0.010291628273887134
34825.0,60722,STARLINK-11188 [DTC],53.1586,A1_NE,1.5662922148691367,-0.01080803470896207,0.010377884585335813
34826.0,60722,STARLINK-11188 [DTC],53.1586,A1_NE,2.3143247238467772,-0.010675269556271261,0.010457012877077423
34827.0,60722,STARLINK-11188 [DTC],53.1586,A1_NE,3.117898380785723,-0.010536592120374735,0.010528909115075204
34828.0,60722,STARLINK-11188 [DTC],53.1586,A1_NE,3.941611936096063,-0.010392307941753425,0.010593493464147822
34829.0,60722,STARLINK-11188 [DTC],53.1586,A1_NE,4.773504577298728,-0.01024273626374146,0.01065071039893716
34878.0,62516,STARLINK-11510 [DTC],42.9999,A3_NW,4.678846077328018,-0.010414043476133833,-0.007358283707152411
34879.0,62516,STARLINK-11510 [DTC],42.9999,A3_NW,4.149404872548703,-0.010597988236254508,-0.00733767662962762
34880.0,62516,STARLINK-11510 [DTC],42.9999,A3_NW,3.6971989446583517,-0.01078020810438356,-0.007312049570045686
34881.0,62516,STARLINK-11510 [DTC],42.9999,A3_NW,3.3579929150107994,-0.010960373403363128,-0.007281305397472462
34882.0,62516,STARLINK-11510 [DTC],42.9999,A3_NW,3.1727927566869134,-0.011138154553819148,-0.007245356874421225
34883.0,62516,STARLINK-11510 [DTC],42.9999,A3_NW,3.1730966038222106,-0.01131319477869298,-0.007204133557630589
34884.0,62516,STARLINK-11510 [DTC],42.9999,A3_NW,3.3628105217270656,-0.011485154367681582,-0.007157573993665625
34885.0,62516,STARLINK-11510 [DTC],42.9999,A3_NW,3.7164532339151948,-0.011653683361093521,-0.0071056321135258785
34886.0,62516,STARLINK-11510 [DTC],42.9999,A3_NW,4.195648257142166,-0.01181843027326238,-0.007048276655431983
34887.0,62516,STARLINK-11510 [DTC],42.9999,A3_NW,4.765062227989879,-0.01197904366901757,-0.006985491863196583
34962.0,60114,STARLINK-11198 [DTC],53.1584,A3_NW,4.947397133108704,-0.010176171207766198,-0.010635044359164162
34963.0,60114,STARLINK-11198 [DTC],53.1584,A3_NW,4.11023316776467,-0.010326570306316177,-0.010579668059737124
34964.0,60114,STARLINK-11198 [DTC],53.1584,A3_NW,3.2764236633889308,-0.010471806837447887,-0.010516972230596389
34965.0,60114,STARLINK-11198 [DTC],53.1584,A3_NW,2.452440663560303,-0.010611567310940734,-0.01044700403330996
34966.0,60114,STARLINK-11198 [DTC],53.1584,A3_NW,1.6569846139133548,-0.010745545100202905,-0.010369836708111656
34967.0,60114,STARLINK-11198 [DTC],53.1584,A3_NW,0.9690790839464395,-0.01087344837826326,-0.010285567430766827
34968.0,60114,STARLINK-11198 [DTC],53.1584,A3_NW,0.7768170515735575,-0.010995001817477767,-0.010194317069174837
34969.0,60114,STARLINK-11198 [DTC],53.1584,A3_NW,1.3208491839834358,-0.011109948203945235,-0.010096229760379815
34970.0,60114,STARLINK-11198 [DTC],53.1584,A3_NW,2.08958131405122,-0.01121804991495557,-0.009991472308121392
34971.0,60114,STARLINK-11198 [DTC],53.1584,A3_NW,2.910321592072231,-0.01131909420054862,-0.009880228804189647
34972.0,60114,STARLINK-11198 [DTC],53.1584,A3_NW,3.748859070016053,-0.011412878409147098,-0.00976271785024186
34973.0,60114,STARLINK-11198 [DTC],53.1584,A3_NW,4.595076569992446,-0.011499235427725784,-0.009639164592378674
36317.0,62984,STARLINK-11544 [DTC],43.0009,A2_S,4.521583353626293,-0.01518788356177353,0.006773469879441892
36318.0,62984,STARLINK-11544 [DTC],43.0009,A2_S,3.6034241403541185,-0.015094529883420898,0.006572766211643272
36319.0,62984,STARLINK-11544 [DTC],43.0009,A2_S,2.7256317069235676,-0.014989992571001214,0.006370820448668594
36320.0,62984,STARLINK-11544 [DTC],43.0009,A2_S,1.9333816142588012,-0.014874789837738902,0.0061681431551227055
36321.0,62984,STARLINK-11544 [DTC],43.0009,A2_S,1.3669493064590041,-0.014749460632197954,0.00596522027369674
36322.0,62984,STARLINK-11544 [DTC],43.0009,A2_S,1.3325457179193765,-0.014614580521905134,0.005762543274501898
36323.0,62984,STARLINK-11544 [DTC],43.0009,A2_S,1.8470742372889226,-0.01447072675532478,0.005560557936484335
36324.0,62984,STARLINK-11544 [DTC],43.0009,A2_S,2.5936526246055394,-0.014318493517933866,0.0053596951632726725
36325.0,62984,STARLINK-11544 [DTC],43.0009,A2_S,3.41621041576611,-0.014158482699876788,0.005160361266740657
36326.0,62984,STARLINK-11544 [DTC],43.0009,A2_S,4.26490223872433,-0.013991299721759066,0.004962936766768908
36394.0,62990,STARLINK-11572 [DTC],42.9997,A2_S,4.643318724512246,-0.014798973608700618,0.006449425711866935
36395.0,62990,STARLINK-11572 [DTC],42.9997,A2_S,3.939956915017452,-0.014704933373769111,0.006251988516788406
36396.0,62990,STARLINK-11572 [DTC],42.9997,A2_S,3.3586554596331366,-0.014600710315836036,0.006053881598402063
36397.0,62990,STARLINK-11572 [DTC],42.9997,A2_S,2.9652782304503917,-0.01448678682556877,0.0058555595923780535
36398.0,62990,STARLINK-11572 [DTC],42.9997,A2_S,2.831717750920288,-0.014363669649005147,0.005657467902855511
36399.0,62990,STARLINK-11572 [DTC],42.9997,A2_S,2.9856515188401445,-0.014231882245043964,0.005460032780164606
36400.0,62990,STARLINK-11572 [DTC],42.9997,A2_S,3.3813821621752984,-0.014091960781524025,0.005263659595862273
36401.0,62990,STARLINK-11572 [DTC],42.9997,A2_S,3.9408461454877246,-0.013944450255959544,0.005068731426914078
36402.0,62990,STARLINK-11572 [DTC],42.9997,A2_S,4.599487517006831,-0.013789894403501155,0.004875600168963374
36451.0,63063,STARLINK-11399 [DTC],43.0008,A1_NE,4.483260278856034,-0.012891276254485932,0.007322422864851869
36451.0,61534,STARLINK-11338 [DTC],53.1584,A2_S,4.324540572075191,-0.010955128322469889,-0.007156085439351743
36452.0,61534,STARLINK-11338 [DTC],53.1584,A2_S,3.6216803608064185,-0.011118558391160948,-0.007384610584012356
36452.0,63063,STARLINK-11399 [DTC],43.0008,A1_NE,3.649658435247747,-0.012722457143586033,0.007390972972674094
36453.0,63063,STARLINK-11399 [DTC],43.0008,A1_NE,2.834839001064092,-0.012548068651425867,0.0074532816795424076
36453.0,61534,STARLINK-11338 [DTC],53.1584,A2_S,2.9796322570269353,-0.01127877659878035,-0.007616242824241453
36454.0,61534,STARLINK-11338 [DTC],53.1584,A2_S,2.4587394155956965,-0.011435302871296547,-0.007850658948905395
36454.0,63063,STARLINK-11399 [DTC],43.0008,A1_NE,2.0551378174463086,-0.012368535092019408,0.007509356517696743
36455.0,63063,STARLINK-11399 [DTC],43.0008,A1_NE,1.3621588900332657,-0.012184306268240677,0.00755921895653907
36455.0,61534,STARLINK-11338 [DTC],53.1584,A2_S,2.1627447644438,-0.011587622416248458,-0.008087474104986076
36456.0,63063,STARLINK-11399 [DTC],43.0008,A1_NE,0.9504732544953489,-0.01199581174155739,0.0076029170871744385
36456.0,61534,STARLINK-11338 [DTC],53.1584,A2_S,2.1984812727327023,-0.011735225528923397,-0.008326298119347847
36457.0,63063,STARLINK-11399 [DTC],43.0008,A1_NE,1.1564606859923725,-0.011803487282289823,0.007640515386150483
36457.0,61534,STARLINK-11338 [DTC],53.1584,A2_S,2.563543813922794,-0.011877584527956436,-0.008566697868364628
36458.0,61534,STARLINK-11338 [DTC],53.1584,A2_S,3.1545295229220454,-0.012014162750356395,-0.00880820698750666
36458.0,63063,STARLINK-11399 [DTC],43.0008,A1_NE,1.7680767914482431,-0.01160776558883927,0.007672096040149465
36459.0,63063,STARLINK-11399 [DTC],43.0008,A1_NE,2.4973605033708712,-0.011409074250727895,0.007697757808194507
36459.0,61534,STARLINK-11338 [DTC],53.1584,A2_S,3.8766902236836716,-0.012144417484596408,-0.009050326560766299
36460.0,61534,STARLINK-11338 [DTC],53.1584,A2_S,4.675599403375768,-0.01226780319826022,-0.009292526177898714
36460.0,63063,STARLINK-11399 [DTC],43.0008,A1_NE,3.2612464590255974,-0.011207833875092915,0.007717614819155533
36461.0,63063,STARLINK-11399 [DTC],43.0008,A1_NE,4.035844168247878,-0.011004456344912067,0.00773179532058388
36462.0,63063,STARLINK-11399 [DTC],43.0008,A1_NE,4.812313934629034,-0.010799334960773276,0.0077404406322079105
36482.0,64376,STARLINK-11745 [DTC],42.9999,A1_NE,4.558331647639507,-0.01018681116020832,-0.0026072832435070996
36483.0,64376,STARLINK-11745 [DTC],42.9999,A1_NE,3.8618167123739404,-0.00993128429558809,-0.0024873120905628313
36484.0,64376,STARLINK-11745 [DTC],42.9999,A1_NE,3.195915715594752,-0.009680250372304196,-0.00237144277194121
36485.0,64376,STARLINK-11745 [DTC],42.9999,A1_NE,2.5733688379481694,-0.009433899903576631,-0.002259633480820405
36486.0,64376,STARLINK-11745 [DTC],42.9999,A1_NE,2.020655699307578,-0.009192363871312254,-0.0021518186626496376
36487.0,64376,STARLINK-11745 [DTC],42.9999,A1_NE,1.5946211609025664,-0.008955756433475742,-0.002047929114692108
36488.0,64376,STARLINK-11745 [DTC],42.9999,A1_NE,1.3963884993305278,-0.008724166768389774,-0.0019478884388291608
36489.0,64376,STARLINK-11745 [DTC],42.9999,A1_NE,1.501523949397687,-0.00849766110801777,-0.0018516141601004035
36490.0,64376,STARLINK-11745 [DTC],42.9999,A1_NE,1.8463477697759623,-0.008276284665519927,-0.0017590187528015455
36491.0,64376,STARLINK-11745 [DTC],42.9999,A1_NE,2.316745796781283,-0.008060054906807498,-0.00167000707427797
36492.0,64376,STARLINK-11745 [DTC],42.9999,A1_NE,2.8434551828534973,-0.007848997920763295,-0.0015844914054713574
36493.0,64376,STARLINK-11745 [DTC],42.9999,A1_NE,3.3941939848008733,-0.00764309790627544,-0.001502370751029327
36494.0,64376,STARLINK-11745 [DTC],42.9999,A1_NE,3.9538278902578656,-0.007442333790116953,-0.0014235460109190286
36495.0,64376,STARLINK-11745 [DTC],42.9999,A1_NE,4.514763531482036,-0.007246671901998123,-0.0013479169590416805
36600.0,60731,STARLINK-11254 [DTC],53.1624,A2_S,4.942936517304114,-0.012550543464106527,0.009894895815381005
36601.0,60731,STARLINK-11254 [DTC],53.1624,A2_S,4.006601504790024,-0.01241860707450494,0.009646391788314897
36602.0,60731,STARLINK-11254 [DTC],53.1624,A2_S,3.093425297727779,-0.012279173026652816,0.009397113745849974
36603.0,60731,STARLINK-11254 [DTC],53.1624,A2_S,2.218448526804699,-0.012132845311639965,0.009147668672286897
36604.0,60731,STARLINK-11254 [DTC],53.1624,A2_S,1.4311858484980173,-0.011980243527545061,0.008898660586965227
36605.0,60731,STARLINK-11254 [DTC],53.1624,A2_S,0.9416353922105553,-0.01182196358455411,0.008650628557639125
36606.0,60731,STARLINK-11254 [DTC],53.1624,A2_S,1.1718277076454846,-0.011658597447472769,0.008404085620147793
36607.0,60731,STARLINK-11254 [DTC],53.1624,A2_S,1.8557584204868043,-0.01149072418059395,0.008159507919871406
36608.0,60731,STARLINK-11254 [DTC],53.1624,A2_S,2.6522617239247803,-0.011318907147748677,0.007917334327169935
36609.0,60731,STARLINK-11254 [DTC],53.1624,A2_S,3.4757782336218312,-0.011143691577877307,0.007677966416618588
36610.0,60731,STARLINK-11254 [DTC],53.1624,A2_S,4.303480276618571,-0.010965595304745872,0.00744175936881675
37405.0,61544,STARLINK-11349 [DTC],53.1585,A1_NE,4.832927011612979,-0.006537815914123165,-0.005007610201313388
37406.0,61544,STARLINK-11349 [DTC],53.1585,A1_NE,4.691851330231372,-0.00636185493838052,-0.00484637377637034
37407.0,61544,STARLINK-11349 [DTC],53.1585,A1_NE,4.636559032315615,-0.006190336450978048,-0.004690024876224995
37408.0,61544,STARLINK-11349 [DTC],53.1585,A1_NE,4.665292144010947,-0.006023239081167465,-0.004538485686374773
37409.0,61544,STARLINK-11349 [DTC],53.1585,A1_NE,4.7720364802453625,-0.005860530323748006,-0.004391670833807237
37410.0,61544,STARLINK-11349 [DTC],53.1585,A1_NE,4.947599883905991,-0.0057021678437569135,-0.004249488565423467
37741.0,63057,STARLINK-11406 [DTC],43.0004,A3_NW,4.451824424819947,-0.007253409519519713,0.0012468266545775076
37742.0,63057,STARLINK-11406 [DTC],43.0004,A3_NW,3.8724615253599457,-0.007447965323014519,0.0013207464197072518
37743.0,63057,STARLINK-11406 [DTC],43.0004,A3_NW,3.2869735589818387,-0.007647562437573531,0.0013978442912686167
37744.0,63057,STARLINK-11406 [DTC],43.0004,A3_NW,2.698464612768473,-0.007852233434617547,0.0014782223655415573
37745.0,63057,STARLINK-11406 [DTC],43.0004,A3_NW,2.1138569307789603,-0.008062007040358764,0.0015619853151075283
37746.0,63057,STARLINK-11406 [DTC],43.0004,A3_NW,1.5511953483285263,-0.008276872715023718,0.0016492261638654706
37747.0,63057,STARLINK-11406 [DTC],43.0004,A3_NW,1.0670387833465513,-0.008496829727313556,0.0017400458186822702
37748.0,63057,STARLINK-11406 [DTC],43.0004,A3_NW,0.8431201669752361,-0.008721851941413523,0.0018345389724899544
37749.0,63057,STARLINK-11406 [DTC],43.0004,A3_NW,1.0817865290334585,-0.00895189442541451,0.0019327965714015134
37750.0,63057,STARLINK-11406 [DTC],43.0004,A3_NW,1.601838041354747,-0.009186891618095395,0.0020349048958604268
37751.0,63057,STARLINK-11406 [DTC],43.0004,A3_NW,2.224562486416809,-0.009426755444748835,0.0021409445609328003
37752.0,63057,STARLINK-11406 [DTC],43.0004,A3_NW,2.8933777091598394,-0.009671383272415322,0.002250993934703721
37753.0,63057,STARLINK-11406 [DTC],43.0004,A3_NW,3.5901505487985808,-0.009920616354411233,0.002365110096333402
37754.0,63057,STARLINK-11406 [DTC],43.0004,A3_NW,4.307897453950745,-0.010174296818266091,0.002483354133051305
37863.0,64377,STARLINK-11742 [DTC],42.9992,A3_NW,4.6132366017394295,-0.010723874090965558,-0.007701738971831208
37864.0,64377,STARLINK-11742 [DTC],42.9992,A3_NW,3.824098236563123,-0.010926442207798736,-0.0076911955520879705
37865.0,64377,STARLINK-11742 [DTC],42.9992,A3_NW,3.0278949809225986,-0.011127312039411108,-0.007675172200129078
37866.0,64377,STARLINK-11742 [DTC],42.9992,A3_NW,2.2248081702668414,-0.01132610137483647,-0.007653533278998211
37867.0,64377,STARLINK-11742 [DTC],42.9992,A3_NW,1.4151353944671414,-0.011522409850666864,-0.007626156114606739
37868.0,64377,STARLINK-11742 [DTC],42.9992,A3_NW,0.5997461341654797,-0.011715828649710904,-0.007592931913108674
37869.0,64377,STARLINK-11742 [DTC],42.9992,A3_NW,0.2301291961275349,-0.011905942139047856,-0.007553766960082957
37870.0,64377,STARLINK-11742 [DTC],42.9992,A3_NW,1.055024864250079,-0.012092329695354257,-0.007508583771501695
37871.0,64377,STARLINK-11742 [DTC],42.9992,A3_NW,1.8893032116280561,-0.012274574869716141,-0.007457319996341829
37872.0,64377,STARLINK-11742 [DTC],42.9992,A3_NW,2.7294129784906245,-0.012452238287904713,-0.007399937920664371
37873.0,64377,STARLINK-11742 [DTC],42.9992,A3_NW,3.574903983355992,-0.012624903840008996,-0.007336413011294168
37874.0,64377,STARLINK-11742 [DTC],42.9992,A3_NW,4.425438750841448,-0.012792151409596837,-0.007266742728980922
37964.0,64067,STARLINK-11726 [DTC],42.9997,A2_S,4.897012732078848,-0.01416915577983148,-0.005142523236260464
37965.0,64067,STARLINK-11726 [DTC],42.9997,A2_S,4.050301866578507,-0.014352574308638595,-0.005341594319879929
37966.0,64067,STARLINK-11726 [DTC],42.9997,A2_S,3.233617060131004,-0.014528783385645293,-0.005542495398519816
37967.0,64067,STARLINK-11726 [DTC],42.9997,A2_S,2.488340833634259,-0.014697118408074415,-0.005744830340380486
37968.0,64067,STARLINK-11726 [DTC],42.9997,A2_S,1.915136314365142,-0.014856895622235557,-0.005948150923685145
37969.0,64067,STARLINK-11726 [DTC],42.9997,A2_S,1.7140010536910064,-0.01500745749399214,-0.006152007038350069
37970.0,64067,STARLINK-11726 [DTC],42.9997,A2_S,2.0134359462451097,-0.015148150247279158,-0.006355915887653598
37971.0,64067,STARLINK-11726 [DTC],42.9997,A2_S,2.658130444655731,-0.015278335978411819,-0.006559372179825478
37972.0,64067,STARLINK-11726 [DTC],42.9997,A2_S,3.466962953043189,-0.015397398000754518,-0.006761850585700524
37973.0,64067,STARLINK-11726 [DTC],42.9997,A2_S,4.35433902812238,-0.015504746286617901,-0.006962808572690141
38673.0,61541,STARLINK-11357 [DTC],53.1596,A3_NW,4.386686983147052,-0.009857643664726724,-0.009987169545836434
38674.0,61541,STARLINK-11357 [DTC],53.1596,A3_NW,3.7650748603719277,-0.009991445324637459,-0.009922734375507353
38675.0,61541,STARLINK-11357 [DTC],53.1596,A3_NW,3.22609903728748,-0.010120544426690517,-0.009852088237239376
38676.0,61541,STARLINK-11357 [DTC],53.1596,A3_NW,2.819467886041543,-0.01024468829720539,-0.009775304588560022
38677.0,61541,STARLINK-11357 [DTC],53.1596,A3_NW,2.6095192068492135,-0.010363635684487109,-0.009692475342513013
38678.0,61541,STARLINK-11357 [DTC],53.1596,A3_NW,2.6448345132454705,-0.010477158004530411,-0.009603710622845422
38679.0,61541,STARLINK-11357 [DTC],53.1596,A3_NW,2.917379483879569,-0.010585044760160969,-0.009509134476374012
38680.0,61541,STARLINK-11357 [DTC],53.1596,A3_NW,3.3705075136474267,-0.010687087527461265,-0.009408899835907597
38681.0,61541,STARLINK-11357 [DTC],53.1596,A3_NW,3.9425709903689143,-0.010783107013281125,-0.00930316506994715
38682.0,61541,STARLINK-11357 [DTC],53.1596,A3_NW,4.589204256473553,-0.010872936387399456,-0.009192108248431476
39425.0,64323,STARLINK-11728 [DTC],42.9999,A1_NE,4.700824895848407,-0.012115214231249283,0.007024607641578689
39426.0,64323,STARLINK-11728 [DTC],42.9999,A1_NE,4.076527154885461,-0.011953743882161668,0.007089205173532847
39427.0,64323,STARLINK-11728 [DTC],42.9999,A1_NE,3.5320908787653105,-0.011787931170953019,0.007148258954085861
39428.0,64323,STARLINK-11728 [DTC],42.9999,A1_NE,3.1060291148595667,-0.011618137730460078,0.007201781321141372
39429.0,64323,STARLINK-11728 [DTC],42.9999,A1_NE,2.8475909163276225,-0.011444718757623361,0.00724980266801835
39430.0,64323,STARLINK-11728 [DTC],42.9999,A1_NE,2.7989378957948827,-0.011268049365973866,0.0072923632313944145
39431.0,64323,STARLINK-11728 [DTC],42.9999,A1_NE,2.965835597606153,-0.011088481098645325,0.007329523897764519
39432.0,64323,STARLINK-11728 [DTC],42.9999,A1_NE,3.3116616847229357,-0.010906368200757188,0.0073613574101833714
39433.0,64323,STARLINK-11728 [DTC],42.9999,A1_NE,3.7838885455358326,-0.010722059297244535,0.007387949513365196
39434.0,64323,STARLINK-11728 [DTC],42.9999,A1_NE,4.338024703791049,-0.010535896091264802,0.007409398014820632
39435.0,64323,STARLINK-11728 [DTC],42.9999,A1_NE,4.943526791166383,-0.010348212175964771,0.007425811815660133
39810.0,63059,STARLINK-11509 [DTC],43.001,A2_S,4.806653249260083,-0.01448965101180179,0.006194454235859387
39811.0,63059,STARLINK-11509 [DTC],43.001,A2_S,4.275316073087848,-0.014393740776608809,0.006000926654789731
39812.0,63059,STARLINK-11509 [DTC],43.001,A2_S,3.8937283045131124,-0.014288427449859833,0.005807120619216854
39813.0,63059,STARLINK-11509 [DTC],43.001,A2_S,3.7031928568840415,-0.01417417511662758,0.005613460173356479
39814.0,63059,STARLINK-11509 [DTC],43.001,A2_S,3.727624643051733,-0.014051459622890148,0.005420344254538062
39815.0,63059,STARLINK-11509 [DTC],43.001,A2_S,3.9576714997213034,-0.013920785033358474,0.005228176104282148
39816.0,63059,STARLINK-11509 [DTC],43.001,A2_S,4.355839353068284,-0.013782650445785154,0.005037315275054604
39817.0,63059,STARLINK-11509 [DTC],43.001,A2_S,4.876483480895213,-0.013637565995112134,0.0048481076156123015
39921.0,64327,STARLINK-11674 [DTC],43.0,A1_NE,4.821349353120018,-0.013199508093867857,0.0077618261690317325
39922.0,64327,STARLINK-11674 [DTC],43.0,A1_NE,4.347032144749717,-0.013009228138951591,0.007818223617664708
39923.0,64327,STARLINK-11674 [DTC],43.0,A1_NE,4.016632886491341,-0.012813255630230665,0.00786769276069303
39924.0,64327,STARLINK-11674 [DTC],43.0,A1_NE,3.8631508454630334,-0.012612107028231234,0.00791028841051837
39925.0,64327,STARLINK-11674 [DTC],43.0,A1_NE,3.9032153305842034,-0.012406299451091443,0.007946088283240104
39926.0,64327,STARLINK-11674 [DTC],43.0,A1_NE,4.126953826520648,-0.012196339261667102,0.00797519270029746
39927.0,64327,STARLINK-11674 [DTC],43.0,A1_NE,4.502999443114778,-0.01198275331790049,0.00799771872915904
39928.0,64327,STARLINK-11674 [DTC],43.0,A1_NE,4.993267718031826,-0.011766035718644216,0.008013805668074091
39940.0,64070,STARLINK-11713 [DTC],43.0002,A1_NE,4.590710399407657,-0.0102052539136779,-0.001956620243817878
39941.0,64070,STARLINK-11713 [DTC],43.0002,A1_NE,3.9392617251802,-0.009961088224794341,-0.001845506531958852
39942.0,64070,STARLINK-11713 [DTC],43.0002,A1_NE,3.3270612312349184,-0.009720913480264682,-0.001738555767321177
39943.0,64070,STARLINK-11713 [DTC],43.0002,A1_NE,2.7705510313474457,-0.009484888782685533,-0.0016356901707907218
39944.0,64070,STARLINK-11713 [DTC],43.0002,A1_NE,2.2991797704992343,-0.00925315688515919,-0.0015368289768740043
39945.0,64070,STARLINK-11713 [DTC],43.0002,A1_NE,1.9622573677650945,-0.009025836085660044,-0.00144188502670977
39946.0,64070,STARLINK-11713 [DTC],43.0002,A1_NE,1.8222610149284606,-0.008803021974476468,-0.0013507658280663593
39947.0,64070,STARLINK-11713 [DTC],43.0002,A1_NE,1.9106244039042666,-0.008584789154803733,-0.0012633745344111276
39948.0,64070,STARLINK-11713 [DTC],43.0002,A1_NE,2.1898599106461383,-0.008371184399172331,-0.0011796075418488575
39949.0,64070,STARLINK-11713 [DTC],43.0002,A1_NE,2.590879280619738,-0.00816226246117053,-0.0010993686427044425
39950.0,64070,STARLINK-11713 [DTC],43.0002,A1_NE,3.0595435382720133,-0.007958036050175097,-0.0010225495517549865
39951.0,64070,STARLINK-11713 [DTC],43.0002,A1_NE,3.563758165404372,-0.0077585118572228474,-0.0009490441949158913
39952.0,64070,STARLINK-11713 [DTC],43.0002,A1_NE,4.085756157057668,-0.007563683279331566,-0.0008787458673944899
39953.0,64070,STARLINK-11713 [DTC],43.0002,A1_NE,4.615575490949111,-0.007373531734962719,-0.0008115477664882476
40311.0,60908,STARLINK-11229 [DTC],53.1594,A2_S,4.778763987855489,-0.012393701919344656,0.00954579401200182
40312.0,60908,STARLINK-11229 [DTC],53.1594,A2_S,3.879097703096202,-0.012269729374632362,0.009301415603517996
40313.0,60908,STARLINK-11229 [DTC],53.1594,A2_S,3.0121239113255474,-0.012138533141989987,0.009056716381740465
40314.0,60908,STARLINK-11229 [DTC],53.1594,A2_S,2.203569112376643,-0.012000678923133324,0.008812262025744541
40315.0,60908,STARLINK-11229 [DTC],53.1594,A2_S,1.5288236709213614,-0.011856730765191167,0.008568586495607575
40316.0,60908,STARLINK-11229 [DTC],53.1594,A2_S,1.2075303167126732,-0.011707247531510737,0.008326190664753276
40317.0,60908,STARLINK-11229 [DTC],53.1594,A2_S,1.4690215596241951,-0.011552779696822751,0.008085541375286321
40318.0,60908,STARLINK-11229 [DTC],53.1594,A2_S,2.0919885925570845,-0.011393866454872264,0.007847070862774027
40319.0,60908,STARLINK-11229 [DTC],53.1594,A2_S,2.8377395530231597,-0.01123102655764995,0.007611167131453842
40320.0,60908,STARLINK-11229 [DTC],53.1594,A2_S,3.623002230043279,-0.011064782466777442,0.007378211938650621
40321.0,60908,STARLINK-11229 [DTC],53.1594,A2_S,4.419993698231161,-0.010895619124699706,0.007148524243155571
40667.0,59956,STARLINK-11134 [DTC],53.1597,A1_NE,4.606483673925529,-0.006747914134333075,-0.006707839817352937
40668.0,59956,STARLINK-11134 [DTC],53.1597,A1_NE,3.905787869479008,-0.006552750695863038,-0.006513774476443874
40669.0,59956,STARLINK-11134 [DTC],53.1597,A1_NE,3.2219022283006504,-0.006362447513260056,-0.006324486432161422
40670.0,59956,STARLINK-11134 [DTC],53.1597,A1_NE,2.557377074781827,-0.006177021453831113,-0.006139995970608366
40671.0,59956,STARLINK-11134 [DTC],53.1597,A1_NE,1.9183130064015106,-0.005996471939996964,-0.005960305935203905
40672.0,59956,STARLINK-11134 [DTC],53.1597,A1_NE,1.3221845805439885,-0.005820782754706882,-0.0057854035033846575
40673.0,59956,STARLINK-11134 [DTC],53.1597,A1_NE,0.8338306509796594,-0.005649923721009636,-0.005615261859513241
40674.0,59956,STARLINK-11134 [DTC],53.1597,A1_NE,0.6882086186884447,-0.005483852306695344,-0.005449841772960247
40675.0,59956,STARLINK-11134 [DTC],53.1597,A1_NE,1.0186732817445932,-0.0053225086902864765,-0.005289086691743044
40676.0,59956,STARLINK-11134 [DTC],53.1597,A1_NE,1.5309475334092455,-0.005165842933590553,-0.005132949797727939
40677.0,59956,STARLINK-11134 [DTC],53.1597,A1_NE,2.085726857147624,-0.00501377731118348,-0.004981356473622023
40678.0,59956,STARLINK-11134 [DTC],53.1597,A1_NE,2.6490070117110105,-0.004866233631184298,-0.004834231527398661
40679.0,59956,STARLINK-11134 [DTC],53.1597,A1_NE,3.2104108143301118,-0.0047231277420944,-0.0046914937087517245
40680.0,59956,STARLINK-11134 [DTC],53.1597,A1_NE,3.7659673226305213,-0.004584370509712784,-0.004553056691159486
40681.0,59956,STARLINK-11134 [DTC],53.1597,A1_NE,4.3139326886417395,-0.004449868729892569,-0.004418829970321481
40682.0,59956,STARLINK-11134 [DTC],53.1597,A1_NE,4.8535111422169965,-0.004319520763756269,-0.004288714521987797
40820.0,64319,STARLINK-11671 [DTC],43.0011,A3_NW,4.538116739144527,-0.007375559046732085,0.0008105046155752282
40821.0,64319,STARLINK-11671 [DTC],43.0011,A3_NW,4.015128766505391,-0.007564462275654394,0.0008774456315942695
40822.0,64319,STARLINK-11671 [DTC],43.0011,A3_NW,3.502202910225358,-0.007757959182176524,0.0009474545346093418
40823.0,64319,STARLINK-11671 [DTC],43.0011,A3_NW,3.0104676735068474,-0.007956073258098365,0.0010206387851099468
40824.0,64319,STARLINK-11671 [DTC],43.0011,A3_NW,2.559603790547477,-0.008158792089191298,0.0010970967616598251
40825.0,64319,STARLINK-11671 [DTC],43.0011,A3_NW,2.1841286915548017,-0.008366113891672375,0.0011769348938609583
40826.0,64319,STARLINK-11671 [DTC],43.0011,A3_NW,1.939132472052518,-0.008578014471427534,0.0012602554295780602
40827.0,64319,STARLINK-11671 [DTC],43.0011,A3_NW,1.8877064713956275,-0.008794453641853635,0.00134715865384112
40828.0,64319,STARLINK-11671 [DTC],43.0011,A3_NW,2.0552585848290583,-0.009015373750041526,0.0014377421641164467
40829.0,64319,STARLINK-11671 [DTC],43.0011,A3_NW,2.405810002438887,-0.00924069810207197,0.001532100066545481
40830.0,64319,STARLINK-11671 [DTC],43.0011,A3_NW,2.8813775178922563,-0.009470329346895094,0.0016303220972221266
40831.0,64319,STARLINK-11671 [DTC],43.0011,A3_NW,3.4375220977439436,-0.009704157326202997,0.001732496860300101
40832.0,64319,STARLINK-11671 [DTC],43.0011,A3_NW,4.047347669805937,-0.009942019553092995,0.0018386941855373187
40833.0,64319,STARLINK-11671 [DTC],43.0011,A3_NW,4.695551176262813,-0.010183755969625851,0.0019489886748473193
40869.0,64074,STARLINK-11730 [DTC],42.9997,A3_NW,4.575885203619197,-0.011816552698913473,-0.007980913968890531
40870.0,64074,STARLINK-11730 [DTC],42.9997,A3_NW,4.11369312547168,-0.012030581855584532,-0.007961590077341828
40871.0,64074,STARLINK-11730 [DTC],42.9997,A3_NW,3.7846218228090573,-0.012241306464937367,-0.007935820184490282
40872.0,64074,STARLINK-11730 [DTC],42.9997,A3_NW,3.6302303644994725,-0.012448227818503792,-0.007903476740680686
40873.0,64074,STARLINK-11730 [DTC],42.9997,A3_NW,3.677472006706479,-0.012650840868055404,-0.00786445118339955
40874.0,64074,STARLINK-11730 [DTC],42.9997,A3_NW,3.923403440075399,-0.01284863680972416,-0.007818655402102904
40875.0,64074,STARLINK-11730 [DTC],42.9997,A3_NW,4.338069627021586,-0.013041113405509721,-0.0077660208538065005
40876.0,64074,STARLINK-11730 [DTC],42.9997,A3_NW,4.881701841404108,-0.01322774712643328,-0.007706508561030407
40904.0,64325,STARLINK-11698 [DTC],43.0008,A3_NW,4.502056068807092,-0.007243027366526383,0.0009927807762256124
40905.0,64325,STARLINK-11698 [DTC],43.0008,A3_NW,3.9247681869196183,-0.007432477926117326,0.001061737304321394
40906.0,64325,STARLINK-11698 [DTC],43.0008,A3_NW,3.3389772758121623,-0.0076266956261966095,0.0011337614787926805
40907.0,64325,STARLINK-11698 [DTC],43.0008,A3_NW,2.745826895938332,-0.007825715111369166,0.0012089589402173486
40908.0,64325,STARLINK-11698 [DTC],43.0008,A3_NW,2.1480636674245366,-0.008029551892485439,0.00128743231063401
40909.0,64325,STARLINK-11698 [DTC],43.0008,A3_NW,1.5531376792826288,-0.008238208562523852,0.0013692833717360625
40910.0,64325,STARLINK-11698 [DTC],43.0008,A3_NW,0.9874475670671848,-0.008451673366667333,0.0014546124605272649
40911.0,64325,STARLINK-11698 [DTC],43.0008,A3_NW,0.5879133440383747,-0.008669918714270773,0.0015435177983956657
40912.0,64325,STARLINK-11698 [DTC],43.0008,A3_NW,0.754172945598631,-0.008892908672111734,0.0016360985467467417
40913.0,64325,STARLINK-11698 [DTC],43.0008,A3_NW,1.3003579547869781,-0.009120561241649276,0.0017324389408721755
40914.0,64325,STARLINK-11698 [DTC],43.0008,A3_NW,1.9391597251165094,-0.00935280049400105,0.0018326297363503604
40915.0,64325,STARLINK-11698 [DTC],43.0008,A3_NW,2.6128540874077304,-0.00958951908209021,0.0019367524796518266
40916.0,64325,STARLINK-11698 [DTC],43.0008,A3_NW,3.3079719627666218,-0.009830585329294856,0.0020448821017170025
40917.0,64325,STARLINK-11698 [DTC],43.0008,A3_NW,4.0200544116424854,-0.010075841364992512,0.002157085771740933
40918.0,64325,STARLINK-11698 [DTC],43.0008,A3_NW,4.747280017477064,-0.010325101266649029,0.00227342167346562
40991.0,63273,STARLINK-11621 [DTC],43.0024,A2_S,4.719743131848326,-0.013731559728886454,-0.004838835789830599
40992.0,63273,STARLINK-11621 [DTC],43.0024,A2_S,4.063109120572385,-0.013885816592649187,-0.005030758722969354
40993.0,63273,STARLINK-11621 [DTC],43.0024,A2_S,3.5007503815452843,-0.014033157475562965,-0.00522451680553727
40994.0,63273,STARLINK-11621 [DTC],43.0024,A2_S,3.0924834735845574,-0.014173044156332951,-0.005419765243612103
40995.0,63273,STARLINK-11621 [DTC],43.0024,A2_S,2.912160221414766,-0.01430492628335346,-0.005616112399682579
40996.0,63273,STARLINK-11621 [DTC],43.0024,A2_S,3.0086846643188903,-0.014428278817289733,-0.005813168034384161
40997.0,63273,STARLINK-11621 [DTC],43.0024,A2_S,3.3647483784137124,-0.014542582986328014,-0.006010513280935133
40998.0,63273,STARLINK-11621 [DTC],43.0024,A2_S,3.915379383873649,-0.014647335989255293,-0.006207710134022629
40999.0,63273,STARLINK-11621 [DTC],43.0024,A2_S,4.595358771293885,-0.014742054986001275,-0.00640430338066257
41353.0,64071,STARLINK-11719 [DTC],42.9977,A3_NW,4.449961196295354,-0.010464629259859562,-0.007387141619783801
41354.0,64071,STARLINK-11719 [DTC],42.9977,A3_NW,3.8821740671761233,-0.010650051694694181,-0.007366993132823654
41355.0,64071,STARLINK-11719 [DTC],42.9977,A3_NW,3.387723654352156,-0.01083371324511047,-0.007341774108600771
41356.0,64071,STARLINK-11719 [DTC],42.9977,A3_NW,3.008007323656429,-0.011015278067152119,-0.007311385272030753
41357.0,64071,STARLINK-11719 [DTC],42.9977,A3_NW,2.795446007803964,-0.011194410357123086,-0.007275737457840321
41358.0,64071,STARLINK-11719 [DTC],42.9977,A3_NW,2.7935720499681707,-0.01137074688393471,-0.007234758488595445
41359.0,64071,STARLINK-11719 [DTC],42.9977,A3_NW,3.0072626255295414,-0.011543941610250187,-0.007188385465918822
41360.0,64071,STARLINK-11719 [DTC],42.9977,A3_NW,3.399874522694672,-0.011713638205893787,-0.007136571135784948
41361.0,64071,STARLINK-11719 [DTC],42.9977,A3_NW,3.9211259650811217,-0.011879478870310555,-0.007079283344441057
41362.0,64071,STARLINK-11719 [DTC],42.9977,A3_NW,4.529364940897764,-0.012041105962589341,-0.007016505753710875
41425.0,64068,STARLINK-11700 [DTC],43.0001,A3_NW,4.887632375854371,-0.010370689019416757,-0.007297462193147534
41426.0,64068,STARLINK-11700 [DTC],43.0001,A3_NW,4.424746808981514,-0.010551576459945063,-0.007275184482557699
41427.0,64068,STARLINK-11700 [DTC],43.0001,A3_NW,4.047469412593422,-0.010730723053416154,-0.007247962265445452
41428.0,64068,STARLINK-11700 [DTC],43.0001,A3_NW,3.7852747845425223,-0.010907808131928902,-0.007215704445025039
41429.0,64068,STARLINK-11700 [DTC],43.0001,A3_NW,3.6667384750261265,-0.011082504509120001,-0.007178331184528252
41430.0,64068,STARLINK-11700 [DTC],43.0001,A3_NW,3.7092877562233046,-0.011254479642162231,-0.007135774764504377
41431.0,64068,STARLINK-11700 [DTC],43.0001,A3_NW,3.910977349782073,-0.01142340364106099,-0.00708797837423575
41432.0,64068,STARLINK-11700 [DTC],43.0001,A3_NW,4.25210012634909,-0.011588923569274137,-0.007034904787734608
41433.0,64068,STARLINK-11700 [DTC],43.0001,A3_NW,4.704913589328781,-0.01175070568875465,-0.006976525545741871
41798.0,60312,STARLINK-11206 [DTC],53.1598,A1_NE,4.320301687118703,-0.011023048816689755,0.009306123391575397
41799.0,60312,STARLINK-11206 [DTC],53.1598,A1_NE,3.583637809941615,-0.010933531368260774,0.009419989608063624
41800.0,60312,STARLINK-11206 [DTC],53.1598,A1_NE,2.896227693036749,-0.010837540240791359,0.009528353964236654
41801.0,60312,STARLINK-11206 [DTC],53.1598,A1_NE,2.302928819909084,-0.010735244979270772,0.00963102734234937
41802.0,60312,STARLINK-11206 [DTC],53.1598,A1_NE,1.8941560400148605,-0.010626828932953228,0.009727841335741366
41803.0,60312,STARLINK-11206 [DTC],53.1598,A1_NE,1.7996129807671466,-0.010512505976258654,0.00981863370670092
41804.0,60312,STARLINK-11206 [DTC],53.1598,A1_NE,2.0617862052546028,-0.010392493272027549,0.009903272442787952
41805.0,60312,STARLINK-11206 [DTC],53.1598,A1_NE,2.5725666297854977,-0.010267027295468975,0.009981640480239622
41806.0,60312,STARLINK-11206 [DTC],53.1598,A1_NE,3.21422206741693,-0.010136358324961122,0.010053640129391833
41807.0,60312,STARLINK-11206 [DTC],53.1598,A1_NE,3.9216813972488294,-0.010000749112834856,0.010119193351546384
41808.0,60312,STARLINK-11206 [DTC],53.1598,A1_NE,4.663745969674576,-0.009860473459203418,0.010178241894662885
42882.0,62092,STARLINK-11388 [DTC],43.0018,A1_NE,4.357019146780379,-0.012375594492185933,0.007121751825235452
42883.0,62092,STARLINK-11388 [DTC],43.0018,A1_NE,3.6095586734669824,-0.01221164559750329,0.007188311633022636
42884.0,62092,STARLINK-11388 [DTC],43.0018,A1_NE,2.9092930988669035,-0.012042958642705779,0.0072490950078685015
42885.0,62092,STARLINK-11388 [DTC],43.0018,A1_NE,2.2945791608497568,-0.011869910663584319,0.0073041130301451105
42886.0,62092,STARLINK-11388 [DTC],43.0018,A1_NE,1.845889800820028,-0.011692901216975107,0.007353387910669578
42887.0,62092,STARLINK-11388 [DTC],43.0018,A1_NE,1.6922969011502342,-0.011512308691023456,0.007396965520710814
42888.0,62092,STARLINK-11388 [DTC],43.0018,A1_NE,1.8991732815452702,-0.011328516192314328,0.007434905471847767
42889.0,62092,STARLINK-11388 [DTC],43.0018,A1_NE,2.3679492607714043,-0.011141902962325125,0.0074672825372246975
42890.0,62092,STARLINK-11388 [DTC],43.0018,A1_NE,2.972319796708762,-0.010952842762442957,0.0074941856819495285
42891.0,62092,STARLINK-11388 [DTC],43.0018,A1_NE,3.641190168665132,-0.010761702412139078,0.00751571704435916
42892.0,62092,STARLINK-11388 [DTC],43.0018,A1_NE,4.341199129440839,-0.010568840421795875,0.007531990881012225
42944.0,63266,STARLINK-11659 [DTC],42.999,A1_NE,4.916983234374724,-0.010251036540323449,-0.002752853092851755
42945.0,63266,STARLINK-11659 [DTC],42.999,A1_NE,4.242947614517972,-0.009991522461931026,-0.0026299839765116712
42946.0,63266,STARLINK-11659 [DTC],42.999,A1_NE,3.6083478697251654,-0.00973661548493731,-0.00251124800455066
42947.0,63266,STARLINK-11659 [DTC],42.999,A1_NE,3.0282659403864045,-0.00948648251028031,-0.0023965950210745658
42948.0,63266,STARLINK-11659 [DTC],42.999,A1_NE,2.5291128211446297,-0.009241270581814297,-0.0022859694362287104
42949.0,63266,STARLINK-11659 [DTC],42.999,A1_NE,2.15483397342268,-0.009001098571650377,-0.0021793065488767025
42950.0,63266,STARLINK-11659 [DTC],42.999,A1_NE,1.9642102922773466,-0.008766059311128867,-0.0020765338014553823
42951.0,63266,STARLINK-11659 [DTC],42.999,A1_NE,1.997457324780157,-0.008536221718510328,-0.0019775719549867178
42952.0,63266,STARLINK-11659 [DTC],42.999,A1_NE,2.2337050373306284,-0.00831162388935119,-0.0018823324116759611
42953.0,63266,STARLINK-11659 [DTC],42.999,A1_NE,2.609541402404722,-0.00809231097678201,-0.0017907333856614905
42954.0,63266,STARLINK-11659 [DTC],42.999,A1_NE,3.0668268420599754,-0.00787828285319767,-0.0017026778303878777
42955.0,63266,STARLINK-11659 [DTC],42.999,A1_NE,3.5683663603022118,-0.007669532215679934,-0.001618069736166584
42956.0,63266,STARLINK-11659 [DTC],42.999,A1_NE,4.092874188374585,-0.007466037138642265,-0.0015368109753017092
42957.0,63266,STARLINK-11659 [DTC],42.999,A1_NE,4.628266070978712,-0.007267762620077817,-0.0014588019730263557
43064.0,60309,STARLINK-11213 [DTC],53.1599,A3_NW,4.749213048365141,-0.0042856190252673985,0.004476594673169131
43065.0,60309,STARLINK-11213 [DTC],53.1599,A3_NW,4.2311659631840355,-0.004417193493242325,0.004610687924023115
43066.0,60309,STARLINK-11213 [DTC],53.1599,A3_NW,3.713333552480284,-0.004553008772437074,0.004748953666680856
43067.0,60309,STARLINK-11213 [DTC],53.1599,A3_NW,3.20112365453899,-0.004693163318882312,0.004891481275784539
43068.0,60309,STARLINK-11213 [DTC],53.1599,A3_NW,2.7043334700323785,-0.004837752100366879,0.005038356043023508
43069.0,60309,STARLINK-11213 [DTC],53.1599,A3_NW,2.241625943935568,-0.004986865759773645,0.005189658302466155
43070.0,60309,STARLINK-11213 [DTC],53.1599,A3_NW,1.84952905135643,-0.005140589657906144,0.005345462465187477
43071.0,60309,STARLINK-11213 [DTC],53.1599,A3_NW,1.5943751572451723,-0.005299009316072246,0.0055058425124828265
43072.0,60309,STARLINK-11213 [DTC],53.1599,A3_NW,1.5593948029292508,-0.005462183594783868,0.005670844854241437
43073.0,60309,STARLINK-11213 [DTC],53.1599,A3_NW,1.770490226514358,-0.0056301816947146475,0.005840525794229582
43074.0,60309,STARLINK-11213 [DTC],53.1599,A3_NW,2.167416318396395,-0.005803056535081182,0.0060149245664943675
43075.0,60309,STARLINK-11213 [DTC],53.1599,A3_NW,2.6776517838170335,-0.005980849567280282,0.006194068245032562
43076.0,60309,STARLINK-11213 [DTC],53.1599,A3_NW,3.256074574301727,-0.006163589235618587,0.006377970198264985
43077.0,60309,STARLINK-11213 [DTC],53.1599,A3_NW,3.8790994868919655,-0.006351289331084108,0.0065666284432315605
43078.0,60309,STARLINK-11213 [DTC],53.1599,A3_NW,4.5344755935635,-0.0065439550600814396,0.0067600317703108495
43429.0,60049,STARLINK-11151 [DTC],53.1567,A2_S,4.5053225304752464,-0.011063603173054869,-0.0072245302029956575
43430.0,60049,STARLINK-11151 [DTC],53.1567,A2_S,4.0516844090142765,-0.01121642053880611,-0.00745126580853795
43431.0,60049,STARLINK-11151 [DTC],53.1567,A2_S,3.729129963250308,-0.011365478986447988,-0.007680749480187152
43432.0,60049,STARLINK-11151 [DTC],53.1567,A2_S,3.581215077871097,-0.011510301763428323,-0.007912636009454818
43433.0,60049,STARLINK-11151 [DTC],53.1567,A2_S,3.6371057509388613,-0.011650399999477966,-0.008146548660811567
43434.0,60049,STARLINK-11151 [DTC],53.1567,A2_S,3.8952372723232087,-0.011785280209820661,-0.008382088667707862
43435.0,60049,STARLINK-11151 [DTC],53.1567,A2_S,4.325909181744492,-0.01191442525706419,-0.008618797534050576
43436.0,60049,STARLINK-11151 [DTC],53.1567,A2_S,4.889297121340701,-0.012037329687180168,-0.008856214523384939
44300.0,62089,STARLINK-11379 [DTC],43.0002,A3_NW,4.544926394655676,-0.007208579642012164,0.0010634521110032256
44301.0,62089,STARLINK-11379 [DTC],43.0002,A3_NW,3.961710115045279,-0.007398604380111643,0.001133396247023808
44302.0,62089,STARLINK-11379 [DTC],43.0002,A3_NW,3.3679424439340306,-0.007593483194995077,0.001206424839138755
44303.0,62089,STARLINK-11379 [DTC],43.0002,A3_NW,2.7635127867058573,-0.0077932311673715015,0.0012826344881699695
44304.0,62089,STARLINK-11379 [DTC],43.0002,A3_NW,2.1482838897326593,-0.007997875229366841,0.001362130158920576
44305.0,62089,STARLINK-11379 [DTC],43.0002,A3_NW,1.522280137405595,-0.008207421629574876,0.0014450130077303524
44306.0,62089,STARLINK-11379 [DTC],43.0002,A3_NW,0.8861645682538478,-0.00842186225418012,0.0015313826466573023
44307.0,62089,STARLINK-11379 [DTC],43.0002,A3_NW,0.24971504383569224,-0.008641173082804664,0.0016213364580450354
44308.0,62089,STARLINK-11379 [DTC],43.0002,A3_NW,0.44009990436787416,-0.008865312595555301,0.0017149688392406512
44309.0,62089,STARLINK-11379 [DTC],43.0002,A3_NW,1.107365196768665,-0.00909422940129029,0.0018123743658174402
44310.0,62089,STARLINK-11379 [DTC],43.0002,A3_NW,1.7912823392670174,-0.009327823439689513,0.0019136310499195223
44311.0,62089,STARLINK-11379 [DTC],43.0002,A3_NW,2.4882751628362563,-0.0095659994432507,0.0020188228546216213
44312.0,62089,STARLINK-11379 [DTC],43.0002,A3_NW,3.1979685978113253,-0.009808628421099561,0.002128023096291481
44313.0,62089,STARLINK-11379 [DTC],43.0002,A3_NW,3.920358845038494,-0.010055554872322209,0.0022412971256080645
44314.0,62089,STARLINK-11379 [DTC],43.0002,A3_NW,4.655527557559388,-0.010306594863180352,0.002358701083551025
44334.0,63274,STARLINK-11615 [DTC],43.0017,A3_NW,4.876481906785655,-0.010733648203017844,-0.007750068167375113
44335.0,63274,STARLINK-11615 [DTC],43.0017,A3_NW,4.086477616475213,-0.010938981868377287,-0.007741461186856217
44336.0,63274,STARLINK-11615 [DTC],43.0017,A3_NW,3.2902662208989697,-0.011142690301532665,-0.0077273263569332335
44337.0,63274,STARLINK-11615 [DTC],43.0017,A3_NW,2.489065519350016,-0.011344376163072444,-0.007707521315052646
44338.0,63274,STARLINK-11615 [DTC],43.0017,A3_NW,1.6861122835722109,-0.011543631489995656,-0.007681916344679865
44339.0,63274,STARLINK-11615 [DTC],43.0017,A3_NW,0.8957147114320624,-0.011740047042201834,-0.007650394271667219
44340.0,63274,STARLINK-11615 [DTC],43.0017,A3_NW,0.3262270618213776,-0.011933182508527875,-0.007612857029948826
44341.0,63274,STARLINK-11615 [DTC],43.0017,A3_NW,0.8870160235328923,-0.012122615780492469,-0.007569219266296985
44342.0,63274,STARLINK-11615 [DTC],43.0017,A3_NW,1.6951721322831488,-0.012307913183598564,-0.0075194143165454065
44343.0,63274,STARLINK-11615 [DTC],43.0017,A3_NW,2.5289343730415177,-0.012488639555649057,-0.0074633941258825266
44344.0,63274,STARLINK-11615 [DTC],43.0017,A3_NW,3.3733481813969686,-0.012664360470077915,-0.007401130224777622
44345.0,63274,STARLINK-11615 [DTC],43.0017,A3_NW,4.225007035656899,-0.012834644572717224,-0.0073326145943693865
44379.0,60046,STARLINK-11155 [DTC],53.159,A1_NE,4.839541652566809,-0.006995744597953205,-0.005796132955623171
44380.0,60046,STARLINK-11155 [DTC],53.159,A1_NE,4.365784713082284,-0.006804989016831765,-0.0056153100343268305
44381.0,60046,STARLINK-11155 [DTC],53.159,A1_NE,3.9618990208015825,-0.006618790849635886,-0.005439528312439462
44382.0,60046,STARLINK-11155 [DTC],53.159,A1_NE,3.6440039633104586,-0.006437167595057488,-0.005268753400834022
44383.0,60046,STARLINK-11155 [DTC],53.159,A1_NE,3.4287604388429136,-0.006260120868311416,-0.005102937959478551
44384.0,60046,STARLINK-11155 [DTC],53.159,A1_NE,3.3288924822992807,-0.006087631162569843,-0.004942016888524539
44385.0,60046,STARLINK-11155 [DTC],53.159,A1_NE,3.3478636084820623,-0.00591968694597644,-0.004785934487845844
44386.0,60046,STARLINK-11155 [DTC],53.159,A1_NE,3.4773990058454727,-0.005756244470298504,-0.004634606972911483
44387.0,60046,STARLINK-11155 [DTC],53.159,A1_NE,3.7002342708803777,-0.005597257030833805,-0.004487949810982214
44388.0,60046,STARLINK-11155 [DTC],53.159,A1_NE,3.995775009928722,-0.005442669190466497,-0.004345872297813577
44389.0,60046,STARLINK-11155 [DTC],53.159,A1_NE,4.344802832160152,-0.005292417917811162,-0.004208278603869756
44390.0,60046,STARLINK-11155 [DTC],53.159,A1_NE,4.731631167065686,-0.005146433654747232,-0.004075068729755548
45507.0,60193,STARLINK-11172 [DTC],53.1608,A1_NE,4.726627684920445,-0.011765654997297982,0.010140053793849357
45508.0,60193,STARLINK-11172 [DTC],53.1608,A1_NE,4.085496651578727,-0.011670280522768138,0.010261210704339736
45509.0,60193,STARLINK-11172 [DTC],53.1608,A1_NE,3.5526309665353213,-0.011566885246257015,0.010375414359082706
45510.0,60193,STARLINK-11172 [DTC],53.1608,A1_NE,3.183116384677996,-0.011455681216192455,0.010482433470878865
45511.0,60193,STARLINK-11172 [DTC],53.1608,A1_NE,3.0369595117502017,-0.011336901833693895,0.010582065403981432
45512.0,60193,STARLINK-11172 [DTC],53.1608,A1_NE,3.1448168218437558,-0.011210819853793817,0.010674121542072926
45513.0,60193,STARLINK-11172 [DTC],53.1608,A1_NE,3.4821815393385864,-0.011077717099725796,0.010758452243819267
45514.0,60193,STARLINK-11172 [DTC],53.1608,A1_NE,3.990078972991426,-0.010937901504800784,0.010834931178173643
45515.0,60193,STARLINK-11172 [DTC],53.1608,A1_NE,4.611192507159841,-0.010791700549246608,0.01090345993197193
45650.0,60043,STARLINK-11086 [DTC],53.1587,A3_NW,4.692631148370301,-0.009864510712855582,-0.01020254304448225
45651.0,60043,STARLINK-11086 [DTC],53.1587,A3_NW,3.9367665686653317,-0.010005527132826127,-0.010144164255612594
45652.0,60043,STARLINK-11086 [DTC],53.1587,A3_NW,3.2095694980081215,-0.01014188116700969,-0.010079239864221518
45653.0,60043,STARLINK-11086 [DTC],53.1587,A3_NW,2.538449474122151,-0.010273285405513692,-0.010007831501880653
45654.0,60043,STARLINK-11086 [DTC],53.1587,A3_NW,1.983948547507636,-0.010399480029785179,-0.009930013057982573
45655.0,60043,STARLINK-11086 [DTC],53.1587,A3_NW,1.669531655046314,-0.010520212108349317,-0.00984588074353001
45656.0,60043,STARLINK-11086 [DTC],53.1587,A3_NW,1.7333750011189113,-0.010635242530914845,-0.009755550345422696
45657.0,60043,STARLINK-11086 [DTC],53.1587,A3_NW,2.1430763350625983,-0.010744347303175627,-0.009659156824437357
45658.0,60043,STARLINK-11086 [DTC],53.1587,A3_NW,2.748598221323373,-0.010847318736709525,-0.009556853775637104
45659.0,60043,STARLINK-11086 [DTC],53.1587,A3_NW,3.4484265387512862,-0.010943970299733125,-0.009448808296841579
45660.0,60043,STARLINK-11086 [DTC],53.1587,A3_NW,4.1954378427909935,-0.011034122291861027,-0.00933521781014002
45661.0,60043,STARLINK-11086 [DTC],53.1587,A3_NW,4.9680696932301345,-0.011117626043395702,-0.009216283050213572
45919.0,62278,STARLINK-11487 [DTC],43.0023,A1_NE,4.873318587985773,-0.011212377707254684,0.006968191551516028
45920.0,62278,STARLINK-11487 [DTC],43.0023,A1_NE,4.711883023279299,-0.011048168984276721,0.007015688823065215
45921.0,62278,STARLINK-11487 [DTC],43.0023,A1_NE,4.672689964009219,-0.01088111358423401,0.007058175891518378
45922.0,62278,STARLINK-11487 [DTC],43.0023,A1_NE,4.756173392593781,-0.01071152579901158,0.007095703708567108
45923.0,62278,STARLINK-11487 [DTC],43.0023,A1_NE,4.953561525208874,-0.010539715953477323,0.007128335186041028
46013.0,58710,STARLINK-11078 [DTC],53.1595,A1_NE,4.8832229301363155,-0.006494591917544122,-0.006869535318771715
46014.0,58710,STARLINK-11078 [DTC],53.1595,A1_NE,4.255025763168939,-0.006301985029234419,-0.006675135941963735
46015.0,58710,STARLINK-11078 [DTC],53.1595,A1_NE,3.6662971894019223,-0.006114359692030955,-0.006485407407097965
46016.0,58710,STARLINK-11078 [DTC],53.1595,A1_NE,3.1304574878550966,-0.005931710597658435,-0.0063003689324851045
46017.0,58710,STARLINK-11078 [DTC],53.1595,A1_NE,2.6695106786163785,-0.005754037908346399,-0.006120044422195719
46018.0,58710,STARLINK-11078 [DTC],53.1595,A1_NE,2.3173042746410455,-0.005581304927331014,-0.005944419550067571
46019.0,58710,STARLINK-11078 [DTC],53.1595,A1_NE,2.1169393958244056,-0.005413469370705037,-0.005773473388622451
46020.0,58710,STARLINK-11078 [DTC],53.1595,A1_NE,2.10089495382319,-0.005250477465575324,-0.005607172427521557
46021.0,58710,STARLINK-11078 [DTC],53.1595,A1_NE,2.2631293705350752,-0.005092265401709297,-0.005445472034058905
46022.0,58710,STARLINK-11078 [DTC],53.1595,A1_NE,2.5616887163406616,-0.004938760674392003,-0.005288317813220641
46023.0,58710,STARLINK-11078 [DTC],53.1595,A1_NE,2.9485733009436337,-0.004789877425425078,-0.005135640815941397
46024.0,58710,STARLINK-11078 [DTC],53.1595,A1_NE,3.3878738622431297,-0.004645541355520466,-0.004987383093191586
46025.0,58710,STARLINK-11078 [DTC],53.1595,A1_NE,3.8568824695401616,-0.004505654823187994,-0.004843461915663798
46026.0,58710,STARLINK-11078 [DTC],53.1595,A1_NE,4.3418659245011995,-0.004370121947166905,-0.0047037955045079105
46027.0,58710,STARLINK-11078 [DTC],53.1595,A1_NE,4.834491615037566,-0.004238843375839381,-0.004568297693463763
46376.0,62271,STARLINK-11489 [DTC],43.0003,A1_NE,4.70041281626869,-0.013027063126442324,0.007361351438246448
46377.0,62271,STARLINK-11489 [DTC],43.0003,A1_NE,3.8542852060476456,-0.01285741853768824,0.007432838735096335
46378.0,62271,STARLINK-11489 [DTC],43.0003,A1_NE,3.02342691281895,-0.012681962311729512,0.007497942649865192
46379.0,62271,STARLINK-11489 [DTC],43.0003,A1_NE,2.21939470750693,-0.012501129926218796,0.0075566647732856086
46380.0,62271,STARLINK-11489 [DTC],43.0003,A1_NE,1.4774648547672837,-0.012315383338591177,0.007609021326041286
46381.0,62271,STARLINK-11489 [DTC],43.0003,A1_NE,0.9401701200595084,-0.012125164807543966,0.007655056480939147
46382.0,62271,STARLINK-11489 [DTC],43.0003,A1_NE,0.9992744916820793,-0.011930923391899976,0.007694831681601373
46383.0,62271,STARLINK-11489 [DTC],43.0003,A1_NE,1.5795781076056934,-0.011733105516911653,0.007728427051404986
46384.0,62271,STARLINK-11489 [DTC],43.0003,A1_NE,2.3109279442859174,-0.011532152811333778,0.0077559402244240395
46385.0,62271,STARLINK-11489 [DTC],43.0003,A1_NE,3.082242206919129,-0.011328500101992753,0.007777485103168046
46386.0,62271,STARLINK-11489 [DTC],43.0003,A1_NE,3.8651571434698626,-0.011122565246164813,0.007793191077649344
46387.0,62271,STARLINK-11489 [DTC],43.0003,A1_NE,4.649875498097694,-0.010914780660642498,0.007803199396220856
46437.0,62599,STARLINK-11529 [DTC],43.0002,A1_NE,4.949451383355666,-0.01039079895253155,-0.0021586247403853663
46438.0,62599,STARLINK-11529 [DTC],43.0002,A1_NE,4.243744876901024,-0.010141907206435916,-0.0020428388518145386
46439.0,62599,STARLINK-11529 [DTC],43.0002,A1_NE,3.561100791432112,-0.009896936469957549,-0.0019312501779989307
46440.0,62599,STARLINK-11529 [DTC],43.0002,A1_NE,2.9082585272704344,-0.009656067684091931,-0.0018237914462243523
46441.0,62599,STARLINK-11529 [DTC],43.0002,A1_NE,2.299047260747034,-0.0094194637872077,-0.001720391293824734
46442.0,62599,STARLINK-11529 [DTC],43.0002,A1_NE,1.764302733487472,-0.009187261471549336,-0.0016209707561988158
46443.0,62599,STARLINK-11529 [DTC],43.0002,A1_NE,1.3745940768848488,-0.008959572991597619,-0.0015254444108152305
46444.0,62599,STARLINK-11529 [DTC],43.0002,A1_NE,1.2520764381006961,-0.008736487972793076,-0.0014337214428306688
46445.0,62599,STARLINK-11529 [DTC],43.0002,A1_NE,1.4494499937912666,-0.00851807513874026,-0.0013457066213355886
46446.0,62599,STARLINK-11529 [DTC],43.0002,A1_NE,1.8559419318923942,-0.0083043755255674,-0.0012612978760384267
46447.0,62599,STARLINK-11529 [DTC],43.0002,A1_NE,2.3570021258118223,-0.008095438293887477,-0.0011804005508223693
46448.0,62599,STARLINK-11529 [DTC],43.0002,A1_NE,2.8969779153900395,-0.007891270713543026,-0.00110290777801639
46449.0,62599,STARLINK-11529 [DTC],43.0002,A1_NE,3.451952545503584,-0.0076918742355631675,-0.0010287148718074156
46450.0,62599,STARLINK-11529 [DTC],43.0002,A1_NE,4.0109814219899755,-0.00749723719922655,-0.0009577164590338441
46451.0,62599,STARLINK-11529 [DTC],43.0002,A1_NE,4.568599014769288,-0.007307336177619275,-0.0008898070149549735
46778.0,60190,STARLINK-11179 [DTC],53.1595,A3_NW,4.7103347321993425,-0.004278662508453818,0.004828770049276121
46779.0,60190,STARLINK-11179 [DTC],53.1595,A3_NW,4.281472668539974,-0.0044133195960107474,0.004970159980195659
46780.0,60190,STARLINK-11179 [DTC],53.1595,A3_NW,3.8804902943572483,-0.004552344562170546,0.005115785307911165
46781.0,60190,STARLINK-11179 [DTC],53.1595,A3_NW,3.5220300330493233,-0.004695841066320651,0.005265729015287862
46782.0,60190,STARLINK-11179 [DTC],53.1595,A3_NW,3.2261819743278326,-0.004843903240609531,0.005420062822774838
46783.0,60190,STARLINK-11179 [DTC],53.1595,A3_NW,3.0180201083403184,-0.00499662008317471,0.005578851793309865
46784.0,60190,STARLINK-11179 [DTC],53.1595,A3_NW,2.9234771007260485,-0.005154074400033573,0.005742153238683614
46785.0,60190,STARLINK-11179 [DTC],53.1595,A3_NW,2.9608134784274136,-0.005316341688417797,0.005910015540310843
46786.0,60190,STARLINK-11179 [DTC],53.1595,A3_NW,3.1325460134404324,-0.005483488879877978,0.006082476867410496
46787.0,60190,STARLINK-11179 [DTC],53.1595,A3_NW,3.4254054740551054,-0.005655580030920213,0.006259571021587478
46788.0,60190,STARLINK-11179 [DTC],53.1595,A3_NW,3.8180203641439716,-0.005832646978217307,0.006441297277616534
46789.0,60190,STARLINK-11179 [DTC],53.1595,A3_NW,4.289049281289659,-0.006014729308448594,0.0066276615583260095
46790.0,60190,STARLINK-11179 [DTC],53.1595,A3_NW,4.821088650936594,-0.006201845213410375,0.006818646459859654
47138.0,60991,STARLINK-11289 [DTC],53.1604,A2_S,4.254774138312811,-0.011056281037886154,-0.007675033197239286
47139.0,60991,STARLINK-11289 [DTC],53.1604,A2_S,3.5070899158241176,-0.011236803727103804,-0.007914751246053777
47140.0,60991,STARLINK-11289 [DTC],53.1604,A2_S,2.8174887170255802,-0.011414262197164644,-0.008157398166418249
47141.0,60991,STARLINK-11289 [DTC],53.1604,A2_S,2.2547811535044953,-0.011588109621684077,-0.00840257738570275
47142.0,60991,STARLINK-11289 [DTC],53.1604,A2_S,1.949998214163237,-0.011757778937985826,-0.00864985428022613
47143.0,60991,STARLINK-11289 [DTC],53.1604,A2_S,2.0393646258552978,-0.011922691654808349,-0.008898766095643475
47144.0,60991,STARLINK-11289 [DTC],53.1604,A2_S,2.4937036120537517,-0.012082234182762054,-0.009148782088108053
47145.0,60991,STARLINK-11289 [DTC],53.1604,A2_S,3.1694601215494633,-0.012235800758673657,-0.009399364321709517
47146.0,60991,STARLINK-11289 [DTC],53.1604,A2_S,3.962721580253462,-0.012382770164237358,-0.009649928784923668
47147.0,60991,STARLINK-11289 [DTC],53.1604,A2_S,4.8222109236006085,-0.012522516336178213,-0.009899856998595424
47285.0,58705,STARLINK-11072 [DTC],53.1604,A3_NW,4.674643710024665,-0.010611946534644066,-0.01085605421773198
47286.0,58705,STARLINK-11072 [DTC],53.1604,A3_NW,3.951573917230851,-0.010760947735617967,-0.010792351216580067
47287.0,58705,STARLINK-11072 [DTC],53.1604,A3_NW,3.3003875286021382,-0.010903942209450894,-0.010720824806044015
47288.0,58705,STARLINK-11072 [DTC],53.1604,A3_NW,2.774664802976696,-0.011040598868343625,-0.010641554886638415
47289.0,58705,STARLINK-11072 [DTC],53.1604,A3_NW,2.458581697022773,-0.011170604059778952,-0.010554648426161925
47289.0,62269,STARLINK-11491 [DTC],42.9986,A3_NW,4.8582933852196515,-0.007226499293593142,0.0008272775689285635
47290.0,58705,STARLINK-11072 [DTC],53.1604,A3_NW,2.4369247554848386,-0.011293663495841133,-0.010460239161422429
47290.0,62269,STARLINK-11491 [DTC],42.9986,A3_NW,4.3108958825100965,-0.007413528028635011,0.0008932061977605367
47291.0,58705,STARLINK-11072 [DTC],53.1604,A3_NW,2.717831675872124,-0.011409508580874483,-0.010358482846974153
47291.0,60189,STARLINK-11183 [DTC],53.1595,A2_S,4.957215999959305,-0.012385522900901023,0.009792178238353258
47291.0,62269,STARLINK-11491 [DTC],42.9986,A3_NW,3.762826052540379,-0.007605239710097676,0.0009621620866660758
47292.0,58705,STARLINK-11072 [DTC],53.1604,A3_NW,3.223610763610727,-0.011517879713002126,-0.010249573202941564
47292.0,60189,STARLINK-11183 [DTC],53.1595,A2_S,4.424060301433092,-0.012226955174997505,0.009538777958326371
47292.0,62269,STARLINK-11491 [DTC],42.9986,A3_NW,3.219298984389103,-0.007801645749220018,0.001034244786588354
47293.0,60189,STARLINK-11183 [DTC],53.1595,A2_S,4.052629225033438,-0.012062064218144843,0.009285335490023918
47293.0,58705,STARLINK-11072 [DTC],53.1604,A3_NW,3.8670709710986495,-0.011618555755995422,-0.010133716411070411
47293.0,62269,STARLINK-11491 [DTC],42.9986,A3_NW,2.689922429049411,-0.0080027694715886,0.0011095622109441648
47294.0,62269,STARLINK-11491 [DTC],42.9986,A3_NW,2.1938149003388823,-0.008208614192153383,0.0011882191686760986
47294.0,58705,STARLINK-11072 [DTC],53.1604,A3_NW,4.590430476518916,-0.011711336410836588,-0.010011146075293078
47294.0,60189,STARLINK-11183 [DTC],53.1595,A2_S,3.8809836777651276,-0.011891501805198329,0.009032454565018765
47295.0,60189,STARLINK-11183 [DTC],53.1595,A2_S,3.926791055582663,-0.011715907526335804,0.008780700815596735
47295.0,62269,STARLINK-11491 [DTC],42.9986,A3_NW,1.7707392568536822,-0.008419169467312604,0.0012703195149746456
47296.0,60189,STARLINK-11183 [DTC],53.1595,A2_S,4.174793840234977,-0.011535905288687703,0.008530600644067392
47296.0,62269,STARLINK-11491 [DTC],42.9986,A3_NW,1.4985439626793637,-0.008634409677365291,0.001355965525550132
47297.0,60189,STARLINK-11183 [DTC],53.1595,A2_S,4.584929629684336,-0.011352100275595061,0.008282640584998457
47297.0,62269,STARLINK-11491 [DTC],42.9986,A3_NW,1.4787591557086326,-0.008854292512915684,0.0014452571979053205
47298.0,62269,STARLINK-11491 [DTC],42.9986,A3_NW,1.7332222157225612,-0.009078757414236456,0.0015382914817890388
47299.0,62269,STARLINK-11491 [DTC],42.9986,A3_NW,2.1782300700676474,-0.009307733219280535,0.0016351654042828447
47300.0,62269,STARLINK-11491 [DTC],42.9986,A3_NW,2.7307800031516423,-0.009541099459338528,0.0017359594017048248
47301.0,62269,STARLINK-11491 [DTC],42.9986,A3_NW,3.34543426585039,-0.009778739882452512,0.0018407596871881438
47302.0,62269,STARLINK-11491 [DTC],42.9986,A3_NW,4.000137235534951,-0.010020504011739297,0.001949641728823473
47303.0,62269,STARLINK-11491 [DTC],42.9986,A3_NW,4.683848272851291,-0.010266214485113,0.0020626728981140846
47332.0,62591,STARLINK-11420 [DTC],43.0003,A3_NW,4.85136024735403,-0.012447318691496252,-0.0080341779463575
47333.0,62591,STARLINK-11420 [DTC],43.0003,A3_NW,4.734218869540468,-0.012658825169635578,-0.008003101861038728
47334.0,62591,STARLINK-11420 [DTC],43.0003,A3_NW,4.777638675262092,-0.012865727731760764,-0.007965114503849742
47335.0,62591,STARLINK-11420 [DTC],43.0003,A3_NW,4.980964180476565,-0.013067487905570243,-0.007920121490553244
47651.0,61002,STARLINK-11288 [DTC],53.1586,A1_NE,4.852225951740924,-0.005421871855557532,-0.00646214786965593
47652.0,61002,STARLINK-11288 [DTC],53.1586,A1_NE,4.636181980942267,-0.005252786099241135,-0.006284167425021329
47653.0,61002,STARLINK-11288 [DTC],53.1586,A1_NE,4.5072755048171596,-0.0050886707231402655,-0.00611068249971163
47654.0,61002,STARLINK-11288 [DTC],53.1586,A1_NE,4.467802110199282,-0.0049294606492772276,-0.005941676557283632
47655.0,61002,STARLINK-11288 [DTC],53.1586,A1_NE,4.51513769916622,-0.004775075442935816,-0.005777114539429918
47656.0,61002,STARLINK-11288 [DTC],53.1586,A1_NE,4.64199831692182,-0.0046254452757746155,-0.005616970535362892
47657.0,61002,STARLINK-11288 [DTC],53.1586,A1_NE,4.837891587128607,-0.004480474862603125,-0.005461189331942941
47797.0,62587,STARLINK-11547 [DTC],42.9993,A3_NW,4.378301508327181,-0.010556841794331655,-0.007524832356899154
47798.0,62587,STARLINK-11547 [DTC],42.9993,A3_NW,3.682730931682899,-0.010749449687599288,-0.0075085459765005524
47799.0,62587,STARLINK-11547 [DTC],42.9993,A3_NW,3.019458211977975,-0.01094034729928139,-0.007487015053191433
47800.0,62587,STARLINK-11547 [DTC],42.9993,A3_NW,2.4218243618167166,-0.011129177448745536,-0.00746012566934434
47801.0,62587,STARLINK-11547 [DTC],42.9993,A3_NW,1.9590444699380107,-0.011315574670845032,-0.00742777596863427
47802.0,62587,STARLINK-11547 [DTC],42.9993,A3_NW,1.7507404187159679,-0.011499166537598663,-0.0073898772056367424
47803.0,62587,STARLINK-11547 [DTC],42.9993,A3_NW,1.891040253376653,-0.011679582335680594,-0.007346352894917052
47804.0,62587,STARLINK-11547 [DTC],42.9993,A3_NW,2.3234683097865947,-0.011856425744614164,-0.007297147006577298
47805.0,62587,STARLINK-11547 [DTC],42.9993,A3_NW,2.925588845754986,-0.012029320101592219,-0.007242214368638908
47806.0,62587,STARLINK-11547 [DTC],42.9993,A3_NW,3.61702623543585,-0.012197881029719783,-0.007181528272409935
47807.0,62587,STARLINK-11547 [DTC],42.9993,A3_NW,4.3581584214646965,-0.012361725634411179,-0.007115079582475005
47927.0,62559,STARLINK-11517 [DTC],43.0007,A2_S,4.936867426404403,-0.014792967790966114,-0.005825636342411321
47928.0,62559,STARLINK-11517 [DTC],43.0007,A2_S,4.519916548119191,-0.014970307548644063,-0.0060289349028285096
47929.0,62559,STARLINK-11517 [DTC],43.0007,A2_S,4.278781990309024,-0.015138588483247941,-0.006232807426387384
47930.0,62559,STARLINK-11517 [DTC],43.0007,A2_S,4.25022183209515,-0.015297075774010823,-0.006436741622012688
47931.0,62559,STARLINK-11517 [DTC],43.0007,A2_S,4.444431093639765,-0.015445067450606437,-0.006640225425092642
47932.0,62559,STARLINK-11517 [DTC],43.0007,A2_S,4.839962890718972,-0.015581872791821726,-0.0068427167040048965
48777.0,61201,STARLINK-11257 [DTC],53.1599,A1_NE,4.810957130051465,-0.01075310781243252,0.009120883357134452
48778.0,61201,STARLINK-11257 [DTC],53.1599,A1_NE,4.241816372906659,-0.010662426653790807,0.009229354202830964
48779.0,61201,STARLINK-11257 [DTC],53.1599,A1_NE,3.7615020161117263,-0.010565775740573971,0.009332612686575942
48780.0,61201,STARLINK-11257 [DTC],53.1599,A1_NE,3.4078387476531744,-0.010463321575971962,0.009430490155901822
48781.0,61201,STARLINK-11257 [DTC],53.1599,A1_NE,3.2225607386511514,-0.010355246526513874,0.009522833398621948
48782.0,61201,STARLINK-11257 [DTC],53.1599,A1_NE,3.2342124637496457,-0.010241743263323442,0.009609508677613642
48783.0,61201,STARLINK-11257 [DTC],53.1599,A1_NE,3.440028460563993,-0.01012303224533003,0.00969038856546972
48784.0,61201,STARLINK-11257 [DTC],53.1599,A1_NE,3.807725117083994,-0.009999333234955636,0.009765373315961386
48785.0,61201,STARLINK-11257 [DTC],53.1599,A1_NE,4.294897787132928,-0.009870882212999468,0.0098343770077285
48786.0,61201,STARLINK-11257 [DTC],53.1599,A1_NE,4.8646943681485695,-0.009737925708831726,0.009897331354707004
48925.0,61000,STARLINK-11290 [DTC],53.1596,A3_NW,4.916280770943933,-0.01116801302324481,-0.011016107034813231
48926.0,61000,STARLINK-11290 [DTC],53.1596,A3_NW,4.547273315760219,-0.01130825916846957,-0.010937341930222994
48927.0,61000,STARLINK-11290 [DTC],53.1596,A3_NW,4.336127734720314,-0.011441307039592813,-0.010850344584522338
48928.0,61000,STARLINK-11290 [DTC],53.1596,A3_NW,4.307188129310349,-0.011566838732393494,-0.010755254381696082
48929.0,61000,STARLINK-11290 [DTC],53.1596,A3_NW,4.464693445288847,-0.011684560584603085,-0.01065224044303884
48930.0,61000,STARLINK-11290 [DTC],53.1596,A3_NW,4.790624641248388,-0.011794205041878685,-0.010541500823934851
49275.0,62277,STARLINK-11484 [DTC],42.9995,A2_S,4.634975081934431,-0.015411590686486955,0.006981272640303677
49276.0,62277,STARLINK-11484 [DTC],42.9995,A2_S,3.693241833341922,-0.015312876920531918,0.006783087863999438
49277.0,62277,STARLINK-11484 [DTC],42.9995,A2_S,2.7868989483006863,-0.015202484907646328,0.0065832248643439995
49278.0,62277,STARLINK-11484 [DTC],42.9995,A2_S,1.9550376417049018,-0.01508096716755676,0.006382216100640624
49279.0,62277,STARLINK-11484 [DTC],42.9995,A2_S,1.327370455287709,-0.014948898829413651,0.0061805705171303705
49280.0,62277,STARLINK-11484 [DTC],42.9995,A2_S,1.2406708869818932,-0.014806894160458698,0.00597880320061908
49281.0,62277,STARLINK-11484 [DTC],42.9995,A2_S,1.7620241610659637,-0.014655569545806024,0.005777384180220476
49282.0,62277,STARLINK-11484 [DTC],42.9995,A2_S,2.5311608462188686,-0.014495559354622116,0.005576768725954132
49283.0,62277,STARLINK-11484 [DTC],42.9995,A2_S,3.3752057550996013,-0.014327506028861866,0.005377387464841426
49284.0,62277,STARLINK-11484 [DTC],42.9995,A2_S,4.243287886050765,-0.014152055494127876,0.0051796449381868925
49344.0,62515,STARLINK-11508 [DTC],42.9996,A1_NE,4.956185022207543,-0.012572479573490019,0.007106284341540123
49345.0,62515,STARLINK-11508 [DTC],42.9996,A1_NE,4.17555498760617,-0.012410990357723771,0.0071781545526566435
49346.0,62515,STARLINK-11508 [DTC],42.9996,A1_NE,3.424862232528082,-0.012244360184316155,0.007244161480248662
49347.0,62515,STARLINK-11508 [DTC],42.9996,A1_NE,2.724853536315998,-0.01207299228186574,0.007304294102516679
49348.0,62515,STARLINK-11508 [DTC],42.9996,A1_NE,2.120399746118765,-0.011897273075597892,0.007358568172940226
49349.0,62515,STARLINK-11508 [DTC],42.9996,A1_NE,1.708094783084243,-0.011717596817266997,0.007407014664419528
49350.0,62515,STARLINK-11508 [DTC],42.9996,A1_NE,1.631555456625417,-0.011534357015528605,0.0074496817522087914
49351.0,62515,STARLINK-11508 [DTC],42.9996,A1_NE,1.9236971641553253,-0.011347944607571074,0.007486633932464882
49352.0,60999,STARLINK-11270 [DTC],53.1574,A3_NW,4.9884556616818365,-0.009842469578857328,-0.009462220270727253
49352.0,62515,STARLINK-11508 [DTC],42.9996,A1_NE,2.4502400898806105,-0.011158746191884348,0.007517951069404192
49353.0,62515,STARLINK-11508 [DTC],42.9996,A1_NE,3.08876268798343,-0.01096713466728302,0.007543728306911461
49353.0,60999,STARLINK-11270 [DTC],53.1574,A3_NW,4.816078258829271,-0.009959410966823063,-0.009385038694525985
49354.0,62515,STARLINK-11508 [DTC],42.9996,A1_NE,3.7787358829854973,-0.010773498660075324,0.007564071082295413
49354.0,60999,STARLINK-11270 [DTC],53.1574,A3_NW,4.76838869254476,-0.010071606117549784,-0.009302439201859651
49355.0,62515,STARLINK-11508 [DTC],42.9996,A1_NE,4.492920933926951,-0.010578194859582515,0.007579100243542856
49355.0,60999,STARLINK-11270 [DTC],53.1574,A3_NW,4.849638745151219,-0.010178860002557966,-0.009214524709565915
49417.0,62556,STARLINK-11515 [DTC],43.0013,A1_NE,4.927165657546978,-0.009160063876881936,-0.002814690574777873
49418.0,62556,STARLINK-11515 [DTC],43.0013,A1_NE,4.692012070576252,-0.008915033099635369,-0.0027011979574690765
49419.0,62556,STARLINK-11515 [DTC],43.0013,A1_NE,4.5558180904635055,-0.008675431929154676,-0.0025915091083881
49420.0,62556,STARLINK-11515 [DTC],43.0013,A1_NE,4.521649602386329,-0.008441315107388861,-0.002485560501871204
49421.0,62556,STARLINK-11515 [DTC],43.0013,A1_NE,4.586217710141588,-0.008212742590485505,-0.002383294074336283
49422.0,62556,STARLINK-11515 [DTC],43.0013,A1_NE,4.7403148948504175,-0.007989725129835253,-0.0022846327359314625
49423.0,62556,STARLINK-11515 [DTC],43.0013,A1_NE,4.970894836273988,-0.007772264183735098,-0.0021894985682149168
49918.0,62562,STARLINK-11530 [DTC],43.0011,A1_NE,4.729593372828026,-0.009778313313454776,-0.0014183872459743417
49919.0,62562,STARLINK-11530 [DTC],43.0011,A1_NE,4.32768968731499,-0.009548137272350838,-0.001319629427598573
49920.0,62562,STARLINK-11530 [DTC],43.0011,A1_NE,4.009470079873037,-0.009321903311116632,-0.001224864762109538
49921.0,62562,STARLINK-11530 [DTC],43.0011,A1_NE,3.7897486729137846,-0.009099736819245493,-0.0011340005956116544
49922.0,62562,STARLINK-11530 [DTC],43.0011,A1_NE,3.6799187460047493,-0.008881741509552104,-0.0010469395886673226
49923.0,62562,STARLINK-11530 [DTC],43.0011,A1_NE,3.683765919809123,-0.008668000956574074,-0.0009635806331167896
49924.0,62562,STARLINK-11530 [DTC],43.0011,A1_NE,3.795290686789494,-0.008458580140774826,-0.0008838196981775341
49925.0,62562,STARLINK-11530 [DTC],43.0011,A1_NE,4.000351022209512,-0.008253518718608913,-0.0008075475912141457
49926.0,62562,STARLINK-11530 [DTC],43.0011,A1_NE,4.280878798971876,-0.008052865291178107,-0.0007346627888252622
49927.0,62562,STARLINK-11530 [DTC],43.0011,A1_NE,4.619021628279385,-0.007856629246607892,-0.0006650536546370106
49928.0,62562,STARLINK-11530 [DTC],43.0011,A1_NE,4.999437531560475,-0.007664815234696744,-0.0005986114082777963
50002.0,62560,STARLINK-11519 [DTC],43.0001,A1_NE,4.998351958883609,-0.009170946807201324,-0.0009552106714233994
50003.0,62560,STARLINK-11519 [DTC],43.0001,A1_NE,4.879303184899141,-0.00895570435919914,-0.0008701429864666479
50004.0,62560,STARLINK-11519 [DTC],43.0001,A1_NE,4.845549711131361,-0.00874449549223866,-0.0007887691212132674
50005.0,62560,STARLINK-11519 [DTC],43.0001,A1_NE,4.894557853337966,-0.008537393245974294,-0.0007109837181156897
50777.0,62518,STARLINK-11450 [DTC],42.9998,A3_NW,4.758383905905863,-0.007110322629578224,0.0011189578023637042
50778.0,62518,STARLINK-11450 [DTC],42.9998,A3_NW,4.180584929118982,-0.007298638116481564,0.0011888372934321723
50779.0,62518,STARLINK-11450 [DTC],42.9998,A3_NW,3.5930801867553632,-0.007491806823589534,0.001261753867042358
50780.0,62518,STARLINK-11450 [DTC],42.9998,A3_NW,2.9961601058773346,-0.007689872547645867,0.0013378108453522119
50781.0,62518,STARLINK-11450 [DTC],42.9998,A3_NW,2.3906787308728323,-0.007892860528665363,0.001417108440082091
50782.0,62518,STARLINK-11450 [DTC],42.9998,A3_NW,1.7789905641200572,-0.008100783594583468,0.0014997459710831618
50783.0,62518,STARLINK-11450 [DTC],42.9998,A3_NW,1.1689919971013143,-0.008313640748597905,0.0015858212698844649
50784.0,62518,STARLINK-11450 [DTC],42.9998,A3_NW,0.602880219723243,-0.008531415651201682,0.001675430012576703
50785.0,62518,STARLINK-11450 [DTC],42.9998,A3_NW,0.4475068747313429,-0.008754084098984814,0.0017686688087700344
50786.0,62518,STARLINK-11450 [DTC],42.9998,A3_NW,0.960942301957101,-0.008981576331532088,0.0018656192395374023
50787.0,62518,STARLINK-11450 [DTC],42.9998,A3_NW,1.6065925067639675,-0.009213829029617667,0.001966369465912296
50788.0,62518,STARLINK-11450 [DTC],42.9998,A3_NW,2.2854994865715703,-0.009450747873294864,0.0020709984032807223
50789.0,62518,STARLINK-11450 [DTC],42.9998,A3_NW,2.983684292523105,-0.009692214550242271,0.002179578347489911
50790.0,62518,STARLINK-11450 [DTC],42.9998,A3_NW,3.6974822379009096,-0.009938084833089795,0.00229217383641654
50791.0,62518,STARLINK-11450 [DTC],42.9998,A3_NW,4.425598648156313,-0.010188186649073902,0.00240884043319006
50820.0,62554,STARLINK-11538 [DTC],43.0009,A3_NW,4.493218358176434,-0.01063584525825317,-0.007633301257173574
50821.0,62554,STARLINK-11538 [DTC],43.0009,A3_NW,3.725899971461395,-0.01083439821021843,-0.00762061439272418
50822.0,62554,STARLINK-11538 [DTC],43.0009,A3_NW,2.9594011075654887,-0.011031293613312086,-0.007602548525095144
50823.0,62554,STARLINK-11538 [DTC],43.0009,A3_NW,2.2023257356391386,-0.011226140173137129,-0.007578978004511571
50824.0,62554,STARLINK-11538 [DTC],43.0009,A3_NW,1.480363001197386,-0.011418561035449998,-0.007549787449229755
50825.0,62554,STARLINK-11538 [DTC],43.0009,A3_NW,0.902019560958488,-0.011608163453324367,-0.007514875587419218
50826.0,62554,STARLINK-11538 [DTC],43.0009,A3_NW,0.8645997298008541,-0.011794548292719108,-0.007474155762596784
50827.0,62554,STARLINK-11538 [DTC],43.0009,A3_NW,1.422233185429791,-0.011977311743412867,-0.007427557009686426
50828.0,62554,STARLINK-11538 [DTC],43.0009,A3_NW,2.160448254627082,-0.012156047138035232,-0.007375025069799854
50829.0,62554,STARLINK-11538 [DTC],43.0009,A3_NW,2.951080661099356,-0.012330353817846999,-0.007316520854493723
50830.0,62554,STARLINK-11538 [DTC],43.0009,A3_NW,3.7645228120778644,-0.012499811277111582,-0.0072520309533280975
50831.0,62554,STARLINK-11538 [DTC],43.0009,A3_NW,4.59123088313674,-0.0126640233949717,-0.007181554260270254
50942.0,63550,STARLINK-11667 [DTC],43.0009,A2_S,4.288404297833345,-0.013822591365686513,-0.004939337836330065
50943.0,63550,STARLINK-11667 [DTC],43.0009,A2_S,3.634501707491964,-0.013975151718212921,-0.005132391842117845
50944.0,63550,STARLINK-11667 [DTC],43.0009,A2_S,3.0934901917055115,-0.014120535306381356,-0.005327122421829469
50945.0,63550,STARLINK-11667 [DTC],43.0009,A2_S,2.7420466242857486,-0.014258194462383002,-0.005523164061370616
50946.0,63550,STARLINK-11667 [DTC],43.0009,A2_S,2.6652793200614076,-0.014387587628737358,-0.005720128288890805
50947.0,63550,STARLINK-11667 [DTC],43.0009,A2_S,2.892981692213249,-0.01450818311678804,-0.00591760488842047
50948.0,63550,STARLINK-11667 [DTC],43.0009,A2_S,3.3702935354084276,-0.014619467300169976,-0.006115171360605334
50949.0,63550,STARLINK-11667 [DTC],43.0009,A2_S,4.014086144754007,-0.014720931088116927,-0.00631236292240774
50950.0,63550,STARLINK-11667 [DTC],43.0009,A2_S,4.761282200834337,-0.014812100882927526,-0.006508722290995275
51359.0,61574,STARLINK-11356 [DTC],53.1577,A1_NE,4.857747412654418,-0.006838462012304959,-0.006777587271364382
51360.0,61574,STARLINK-11356 [DTC],53.1577,A1_NE,4.148999189262325,-0.006640956508474288,-0.006581365896733523
51361.0,61574,STARLINK-11356 [DTC],53.1577,A1_NE,3.4560324302978085,-0.00644831551832208,-0.006389935314438713
51362.0,61574,STARLINK-11356 [DTC],53.1577,A1_NE,2.7804099422766257,-0.0062605631721677915,-0.006203322060031506
51363.0,61574,STARLINK-11356 [DTC],53.1577,A1_NE,2.1257830544465897,-0.00607770535932081,-0.006021534480304088
51364.0,61574,STARLINK-11356 [DTC],53.1577,A1_NE,1.5020752661580967,-0.00589972449499506,-0.005844557529088504
51365.0,61574,STARLINK-11356 [DTC],53.1577,A1_NE,0.9445148086600065,-0.005726609721634818,-0.00567238278113444
51366.0,61574,STARLINK-11356 [DTC],53.1577,A1_NE,0.6147907086832312,-0.005558315576746856,-0.005504967334095519
51367.0,61574,STARLINK-11356 [DTC],53.1577,A1_NE,0.8169047405573382,-0.005394792360091728,-0.005342264001463713
51368.0,61574,STARLINK-11356 [DTC],53.1577,A1_NE,1.3098569789314876,-0.005235980322618934,-0.0051842155159829845
51369.0,61574,STARLINK-11356 [DTC],53.1577,A1_NE,1.8656399906417094,-0.005081810969751735,-0.00503075583956312
51370.0,61574,STARLINK-11356 [DTC],53.1577,A1_NE,2.4333852651006844,-0.004932208298874031,-0.004881811379698019
51371.0,61574,STARLINK-11356 [DTC],53.1577,A1_NE,2.9998884797776504,-0.004787084162181275,-0.004737296377615563
51372.0,61574,STARLINK-11356 [DTC],53.1577,A1_NE,3.5605156939192555,-0.004646362480230777,-0.0045971370096366294
51373.0,61574,STARLINK-11356 [DTC],53.1577,A1_NE,4.113397662393299,-0.004509945144539646,-0.004461237438868354
51374.0,61574,STARLINK-11356 [DTC],53.1577,A1_NE,4.657687641481202,-0.004377736395904231,-0.0043295040930111635
52386.0,64378,STARLINK-11711 [DTC],43.0,A1_NE,4.838979302264458,-0.01167130180519804,0.0069831499168230594
52387.0,64378,STARLINK-11711 [DTC],43.0,A1_NE,4.442874726321375,-0.011508676053901169,0.00704017253479192
52388.0,64378,STARLINK-11711 [DTC],43.0,A1_NE,4.161844167316478,-0.01134246439672264,0.007091912265417737
52389.0,64378,STARLINK-11711 [DTC],43.0,A1_NE,4.017112543100954,-0.011172998057357717,0.007138402238063791
52390.0,64378,STARLINK-11711 [DTC],43.0,A1_NE,4.020315213067708,-0.011000612938616667,0.007179687291823639
52391.0,64378,STARLINK-11711 [DTC],43.0,A1_NE,4.167994631621909,-0.010825641771709216,0.007215825646801942
52392.0,64378,STARLINK-11711 [DTC],43.0,A1_NE,4.442745589772894,-0.010648412777324154,0.00724688812395912
52393.0,64378,STARLINK-11711 [DTC],43.0,A1_NE,4.820018326262606,-0.010469248458951513,0.0072729573200909
52483.0,60060,STARLINK-11176 [DTC],53.1573,A1_NE,4.482315546546757,-0.011510994117615162,0.009683060635462822
52484.0,60060,STARLINK-11176 [DTC],53.1573,A1_NE,3.6399686648121268,-0.011423310839758588,0.009806059245454878
52485.0,60060,STARLINK-11176 [DTC],53.1573,A1_NE,2.8092869185665825,-0.011328177455071014,0.009922930702076348
52486.0,60060,STARLINK-11176 [DTC],53.1573,A1_NE,2.0055772067481845,-0.011225766701297485,0.010033451828506769
52487.0,60060,STARLINK-11176 [DTC],53.1573,A1_NE,1.2810061270201945,-0.011116278001297235,0.010137414642562376
52488.0,60060,STARLINK-11176 [DTC],53.1573,A1_NE,0.863946026725494,-0.01099993301961613,0.010234632513771985
52489.0,60060,STARLINK-11176 [DTC],53.1573,A1_NE,1.155233662670658,-0.010876974415481884,0.010324941092020003
52490.0,60060,STARLINK-11176 [DTC],53.1573,A1_NE,1.8436325307599613,-0.010747664442194452,0.01040819906410352
52491.0,60060,STARLINK-11176 [DTC],53.1573,A1_NE,2.6326692233381332,-0.01061227786460415,0.010484291649352778
52492.0,60060,STARLINK-11176 [DTC],53.1573,A1_NE,3.452384314507943,-0.01047112234528643,0.010553119040311117
52493.0,60060,STARLINK-11176 [DTC],53.1573,A1_NE,4.283644878854015,-0.010324504005305428,0.010614614990802167
52633.0,61584,STARLINK-11370 [DTC],53.1588,A3_NW,4.2584756056361295,-0.010399653117773477,-0.010663506155618136
52634.0,61584,STARLINK-11370 [DTC],53.1588,A3_NW,3.4438712538408844,-0.01054640397146448,-0.010600909751058091
52635.0,61584,STARLINK-11370 [DTC],53.1588,A3_NW,2.654350785594054,-0.010687549215494545,-0.010530879557754945
52636.0,61584,STARLINK-11370 [DTC],53.1588,A3_NW,1.9245662445274916,-0.010822774183665743,-0.010453489269163854
52637.0,61584,STARLINK-11370 [DTC],53.1588,A3_NW,1.3588182191672047,-0.010951779613273104,-0.010368837402438637
52638.0,61584,STARLINK-11370 [DTC],53.1588,A3_NW,1.217158344986602,-0.01107428342985754,-0.010277047053009945
52639.0,61584,STARLINK-11370 [DTC],53.1588,A3_NW,1.6172333011820565,-0.011190026932655582,-0.010178261344799098
52640.0,61584,STARLINK-11370 [DTC],53.1588,A3_NW,2.2916953728854486,-0.011298757984665037,-0.010072658986078875
52641.0,61584,STARLINK-11370 [DTC],53.1588,A3_NW,3.064623804694794,-0.011400260375179262,-0.009960429605497076
52642.0,61584,STARLINK-11370 [DTC],53.1588,A3_NW,3.877400745626675,-0.01149433614575323,-0.009841788392819555
52643.0,61584,STARLINK-11370 [DTC],53.1588,A3_NW,4.709027909407109,-0.011580811475031781,-0.009716971113856712
52765.0,62521,STARLINK-11528 [DTC],42.9991,A2_S,4.3064038974733485,-0.014988904283230046,0.006647392050393568
52766.0,62521,STARLINK-11528 [DTC],42.9991,A2_S,3.4173814144495025,-0.014895014366016257,0.006450486652259625
52767.0,62521,STARLINK-11528 [DTC],42.9991,A2_S,2.581449889788129,-0.014790448981932993,0.006252523092695866
52768.0,62521,STARLINK-11528 [DTC],42.9991,A2_S,1.8605555776437859,-0.014675705364283321,0.006053977944450718
52769.0,62521,STARLINK-11528 [DTC],42.9991,A2_S,1.4247578581854132,-0.014551307758848669,0.00585531947591093
52770.0,62521,STARLINK-11528 [DTC],42.9991,A2_S,1.5246049249117206,-0.014417799496785835,0.00565699748095931
52771.0,62521,STARLINK-11528 [DTC],42.9991,A2_S,2.073345300188901,-0.014275738679897584,0.005459441293524855
52772.0,62521,STARLINK-11528 [DTC],42.9991,A2_S,2.811540579786517,-0.014125693976451062,0.005263058111645352
52773.0,62521,STARLINK-11528 [DTC],42.9991,A2_S,3.6184094618479494,-0.013968234095085416,0.005068223824475065
52774.0,62521,STARLINK-11528 [DTC],42.9991,A2_S,4.451025421251191,-0.013803949565744418,0.00487531323045747
52870.0,64372,STARLINK-11746 [DTC],43.0001,A1_NE,4.752582506148009,-0.013176430839418302,0.007515518814840407
52871.0,64372,STARLINK-11746 [DTC],43.0001,A1_NE,3.99839760328873,-0.013000206388139179,0.007583240680083564
52872.0,64372,STARLINK-11746 [DTC],43.0001,A1_NE,3.3091162087729704,-0.01281801808616011,0.007644325193722922
52873.0,64372,STARLINK-11746 [DTC],43.0001,A1_NE,2.729359305545403,-0.012630339004519184,0.007698785818579437
52874.0,64372,STARLINK-11746 [DTC],43.0001,A1_NE,2.3357619607383406,-0.012437646279368362,0.007746658682119079
52875.0,64372,STARLINK-11746 [DTC],43.0001,A1_NE,2.222313507514367,-0.012240418424401107,0.007788001569257516
52876.0,64372,STARLINK-11746 [DTC],43.0001,A1_NE,2.4219126041032806,-0.012039132710269114,0.007822892792710052
52877.0,64372,STARLINK-11746 [DTC],43.0001,A1_NE,2.864069008684407,-0.01183425441639947,0.007851430975426144
52878.0,64372,STARLINK-11746 [DTC],43.0001,A1_NE,3.451787080682719,-0.011626267619274797,0.007873729388541249
52879.0,64372,STARLINK-11746 [DTC],43.0001,A1_NE,4.118857725345656,-0.011415623580820962,0.007889921437030257
52880.0,64372,STARLINK-11746 [DTC],43.0001,A1_NE,4.828636451857628,-0.01120277162933952,0.007900154369837499
52914.0,63559,STARLINK-11606 [DTC],43.0017,A1_NE,4.399783976081082,-0.01008484432858673,-0.0018545027882273823
52915.0,63559,STARLINK-11606 [DTC],43.0017,A1_NE,3.786273292971168,-0.009843859311567723,-0.0017461640959046238
52916.0,63559,STARLINK-11606 [DTC],43.0017,A1_NE,3.223545758362138,-0.009606880489968396,-0.0016419403241377903
52917.0,63559,STARLINK-11606 [DTC],43.0017,A1_NE,2.7335689749008383,-0.009374064242946513,-0.001541753693225929
52918.0,63559,STARLINK-11606 [DTC],43.0017,A1_NE,2.3514128389272897,-0.00914554183845686,-0.0014455195814311107
52919.0,63559,STARLINK-11606 [DTC],43.0017,A1_NE,2.124377345372307,-0.008921421191138281,-0.0013531476193907792
52920.0,63559,STARLINK-11606 [DTC],43.0017,A1_NE,2.09215228020534,-0.008701788554635962,-0.0012645426954206306
52921.0,63559,STARLINK-11606 [DTC],43.0017,A1_NE,2.253093760164736,-0.008486701626971325,-0.0011796025375922245
52922.0,63559,STARLINK-11606 [DTC],43.0017,A1_NE,2.562707382300577,-0.008276225593349718,-0.0010982320816269565
52923.0,63559,STARLINK-11606 [DTC],43.0017,A1_NE,2.9679024750835827,-0.008070382750008076,-0.0010203237425927803
52924.0,63559,STARLINK-11606 [DTC],43.0017,A1_NE,3.4291719437071415,-0.0078691887984545,-0.0009457719241536504
52925.0,63559,STARLINK-11606 [DTC],43.0017,A1_NE,3.9218963087916228,-0.00767264550518589,-0.0008744701525668879
52926.0,63559,STARLINK-11606 [DTC],43.0017,A1_NE,4.431439676444414,-0.0074807420538509336,-0.0008063116368575305
52927.0,63559,STARLINK-11606 [DTC],43.0017,A1_NE,4.9490396651251025,-0.007293456300869613,-0.0007411897641467485
53751.0,60070,STARLINK-11186 [DTC],53.1583,A3_NW,4.862153341512502,-0.0043821931992188866,0.004210553660104086
53752.0,60070,STARLINK-11186 [DTC],53.1583,A3_NW,4.317166127024058,-0.004513366525348883,0.0043397051499496535
53753.0,60070,STARLINK-11186 [DTC],53.1583,A3_NW,3.761972927693996,-0.004648694703246027,0.004472981631221171
53754.0,60070,STARLINK-11186 [DTC],53.1583,A3_NW,3.196363139618152,-0.0047882783172122035,0.004610484878619518
53755.0,60070,STARLINK-11186 [DTC],53.1583,A3_NW,2.6201770066603842,-0.004932209393598748,0.004752308399751542
53756.0,60070,STARLINK-11186 [DTC],53.1583,A3_NW,2.033330587367785,-0.005080575778234329,0.004898541745352787
53757.0,60070,STARLINK-11186 [DTC],53.1583,A3_NW,1.435981776252077,-0.005233460227605147,0.005049269620988407
53758.0,64376,STARLINK-11745 [DTC],42.9999,A3_NW,4.696969463249818,-0.007910512322039896,0.0006486595166607533
53758.0,60070,STARLINK-11186 [DTC],53.1583,A3_NW,0.8294400084511245,-0.005390939424618118,0.005204570912967924
53759.0,60070,STARLINK-11186 [DTC],53.1583,A3_NW,0.2321495453289811,-0.005553089491661923,0.00536452414667117
53759.0,64376,STARLINK-11745 [DTC],42.9999,A3_NW,4.380766204359091,-0.008107838741451708,0.0007186543193209542
53760.0,64376,STARLINK-11745 [DTC],42.9999,A3_NW,4.124930756046526,-0.008309569756244589,0.0007919540994110508
53760.0,60070,STARLINK-11186 [DTC],53.1583,A3_NW,0.4510888217680176,-0.005719958539029214,0.005529180396908151
53761.0,60070,STARLINK-11186 [DTC],53.1583,A3_NW,1.0873295721054261,-0.005891604516126003,0.005698600630613819
53761.0,64376,STARLINK-11745 [DTC],42.9999,A3_NW,3.9461129876581955,-0.008515692155160714,0.000868671074343572
53762.0,64376,STARLINK-11745 [DTC],42.9999,A3_NW,3.860247958114747,-0.008726170192463334,0.0009489138039116083
53762.0,60070,STARLINK-11186 [DTC],53.1583,A3_NW,1.742962337714286,-0.0060680679147918515,0.005872828788217359
53763.0,60070,STARLINK-11186 [DTC],53.1583,A3_NW,2.412476831553213,-0.0062493767119396314,0.006051896654993095
53763.0,64376,STARLINK-11745 [DTC],42.9999,A3_NW,3.878902075352837,-0.008940952071989812,0.0010327893035191212
53764.0,64376,STARLINK-11745 [DTC],42.9999,A3_NW,4.006020250117626,-0.009159968517635158,0.001120402335405866
53764.0,60070,STARLINK-11186 [DTC],53.1583,A3_NW,3.09522539419269,-0.006435544772428734,0.0062358222853138665
53765.0,60070,STARLINK-11186 [DTC],53.1583,A3_NW,3.7911621635635435,-0.006626570148664125,0.006424608323331607
53765.0,64376,STARLINK-11745 [DTC],42.9999,A3_NW,4.2371386527471975,-0.009383131292099845,0.001211854626238084
53766.0,64376,STARLINK-11745 [DTC],42.9999,A3_NW,4.561555400781764,-0.009610331678412973,0.0013072440096576017
53766.0,60070,STARLINK-11186 [DTC],53.1583,A3_NW,4.500389665228043,-0.00682243328646528,0.006618240224307213
53767.0,64376,STARLINK-11745 [DTC],42.9999,A3_NW,4.965859207785543,-0.009841448287791326,0.0014066675701488176
53805.0,63553,STARLINK-11697 [DTC],43.0009,A3_NW,4.962151922846843,-0.011815148187208458,-0.008042534103207339
53806.0,63553,STARLINK-11697 [DTC],43.0009,A3_NW,4.474453526015837,-0.012033116908458843,-0.008025960281550676
53807.0,63553,STARLINK-11697 [DTC],43.0009,A3_NW,4.1037184817056,-0.012247891857697413,-0.008002871940529885
53808.0,63553,STARLINK-11697 [DTC],43.0009,A3_NW,3.888538757017829,-0.012458963340014406,-0.007973130394220597
53809.0,63553,STARLINK-11697 [DTC],43.0009,A3_NW,3.859849378647997,-0.012665814229794242,-0.007936615968153973
53810.0,63553,STARLINK-11697 [DTC],43.0009,A3_NW,4.026040393663523,-0.012867922562224483,-0.00789322955840364
53811.0,63553,STARLINK-11697 [DTC],43.0009,A3_NW,4.368769195724859,-0.013064772121640115,-0.00784289193440181
53812.0,63553,STARLINK-11697 [DTC],43.0009,A3_NW,4.853989430146378,-0.013255823937951279,-0.00778555347235458
54214.0,64370,STARLINK-11732 [DTC],42.9997,A3_NW,4.648716209380799,-0.007510269449863655,0.001873393638706916
54215.0,64370,STARLINK-11732 [DTC],42.9997,A3_NW,4.270014923138089,-0.007717733290006157,0.001960548880990025
54216.0,64370,STARLINK-11732 [DTC],42.9997,A3_NW,3.947533939463291,-0.007930570581342488,0.0020510855860238295
54217.0,64370,STARLINK-11732 [DTC],42.9997,A3_NW,3.701877115335484,-0.008148798451083654,0.002145091378523151
54218.0,64370,STARLINK-11732 [DTC],42.9997,A3_NW,3.55540038311746,-0.008372418232938723,0.0022426505326708307
54219.0,64370,STARLINK-11732 [DTC],42.9997,A3_NW,3.527198214453018,-0.008601422989564646,0.002343847279342476
54220.0,64370,STARLINK-11732 [DTC],42.9997,A3_NW,3.6268152592369916,-0.008835758575584978,0.0024487484604438867
54221.0,64370,STARLINK-11732 [DTC],42.9997,A3_NW,3.8509624401923324,-0.009075376958406317,0.0025574269560428007
54222.0,64370,STARLINK-11732 [DTC],42.9997,A3_NW,4.185995230387009,-0.009320197497690705,0.002669944463593339
54223.0,64370,STARLINK-11732 [DTC],42.9997,A3_NW,4.613758010458418,-0.009570113925057565,0.002786354330509116
54293.0,63560,STARLINK-11592 [DTC],43.0011,A3_NW,4.71309704376101,-0.01040828381123747,-0.007426485382445804
54294.0,63560,STARLINK-11592 [DTC],43.0011,A3_NW,4.106072996444364,-0.010595868548578262,-0.0074089473069904165
54295.0,63560,STARLINK-11592 [DTC],43.0011,A3_NW,3.5547397295926006,-0.010781828865968596,-0.0073863390022775805
54296.0,63560,STARLINK-11592 [DTC],43.0011,A3_NW,3.0939530107737454,-0.010965835266540963,-0.00735855332643627
54297.0,63560,STARLINK-11592 [DTC],43.0011,A3_NW,2.7746467229771676,-0.011147542846110558,-0.00732549512297644
54298.0,63560,STARLINK-11592 [DTC],43.0011,A3_NW,2.6539353053606622,-0.011326600112259149,-0.007287081582540494
54299.0,63560,STARLINK-11592 [DTC],43.0011,A3_NW,2.763063794951093,-0.011502650310577546,-0.007243243176131747
54300.0,63560,STARLINK-11592 [DTC],43.0011,A3_NW,3.082022277104769,-0.011675332882770442,-0.007193924543788172
54301.0,63560,STARLINK-11592 [DTC],43.0011,A3_NW,3.5583818376024965,-0.011844291723595064,-0.007139083010724952
54302.0,63560,STARLINK-11592 [DTC],43.0011,A3_NW,4.141030910842245,-0.012009149780565059,-0.00707869840225115
54303.0,63560,STARLINK-11592 [DTC],43.0011,A3_NW,4.793735715260497,-0.012169551584051017,-0.0070127604960168455
54413.0,62421,STARLINK-11461 [DTC],43.0011,A2_S,4.491097689683594,-0.014558272469910285,-0.0055401551459434055
54414.0,62421,STARLINK-11461 [DTC],43.0011,A2_S,3.839451677936233,-0.014738267522816916,-0.005743066908532795
54415.0,62421,STARLINK-11461 [DTC],43.0011,A2_S,3.325377396470882,-0.014909934294307158,-0.005947124054230416
54416.0,62421,STARLINK-11461 [DTC],43.0011,A2_S,3.0294204056791196,-0.015072568175577474,-0.0061518655171515155
54417.0,62421,STARLINK-11461 [DTC],43.0011,A2_S,3.0256175439044672,-0.015225472027398795,-0.006356803876120652
54418.0,62421,STARLINK-11461 [DTC],43.0011,A2_S,3.322944247548724,-0.01536796161225866,-0.006561427375427819
54419.0,62421,STARLINK-11461 [DTC],43.0011,A2_S,3.8588132464570335,-0.015499371250660476,-0.006765202355056268
54420.0,62421,STARLINK-11461 [DTC],43.0011,A2_S,4.55492796665455,-0.015619064188975568,-0.006967584158028979
55756.0,59760,STARLINK-11098 [DTC],53.1598,A1_NE,4.889216920312735,-0.01039627363646857,0.00910398428747465
55757.0,59760,STARLINK-11098 [DTC],53.1598,A1_NE,4.58401190072232,-0.010297505087090503,0.009201035775311686
55758.0,59760,STARLINK-11098 [DTC],53.1598,A1_NE,4.402106200210292,-0.010193402456980747,0.00929291124844734
55759.0,59760,STARLINK-11098 [DTC],53.1598,A1_NE,4.358643694054741,-0.010084147331334788,0.009379477859697408
55760.0,59760,STARLINK-11098 [DTC],53.1598,A1_NE,4.457169305499084,-0.00996993413597316,0.009460617735352584
55761.0,59760,STARLINK-11098 [DTC],53.1598,A1_NE,4.688077511504417,-0.009850969186516937,0.009536228403750213
55817.0,64072,STARLINK-11733 [DTC],42.9997,A1_NE,4.383578730195422,-0.012350784877015826,0.007142226578450988
55818.0,64072,STARLINK-11733 [DTC],42.9997,A1_NE,3.673228400957597,-0.012185367963424225,0.0072085574850137245
55819.0,64072,STARLINK-11733 [DTC],42.9997,A1_NE,3.0260033723568154,-0.012015286086426233,0.007269082185909688
55820.0,64072,STARLINK-11733 [DTC],42.9997,A1_NE,2.486771154831086,-0.011840925220968301,0.007323812284877908
55821.0,64072,STARLINK-11733 [DTC],42.9997,A1_NE,2.13285831241007,-0.011662672472171403,0.007372777049281722
55822.0,64072,STARLINK-11733 [DTC],42.9997,A1_NE,2.0554658431780375,-0.011480906793264418,0.007416024267636788
55823.0,64072,STARLINK-11733 [DTC],42.9997,A1_NE,2.276709604140473,-0.011296026606846983,0.007453612665219668
55824.0,64072,STARLINK-11733 [DTC],42.9997,A1_NE,2.7193875936854703,-0.01110840419411703,0.007485621414797136
55825.0,64072,STARLINK-11733 [DTC],42.9997,A1_NE,3.2908221654803453,-0.010918413243106526,0.007512141963075466
55826.0,64072,STARLINK-11733 [DTC],42.9997,A1_NE,3.931335370631105,-0.010726420149647687,0.007533278852471498
55827.0,64072,STARLINK-11733 [DTC],42.9997,A1_NE,4.608752524542586,-0.010532782671523872,0.007549148653033818
56324.0,64066,STARLINK-11737 [DTC],42.9997,A1_NE,4.949949099625041,-0.012865128509627375,0.008054822000309993
56325.0,64066,STARLINK-11737 [DTC],42.9997,A1_NE,4.990473450371948,-0.012652514939333434,0.008089182253085116
56342.0,61053,STARLINK-11230 [DTC],53.1581,A3_NW,4.601877511789822,-0.00980387205146575,-0.009672871723224868
56343.0,61053,STARLINK-11230 [DTC],53.1581,A3_NW,4.227316467967204,-0.009928097637013657,-0.009602158288578225
56344.0,61053,STARLINK-11230 [DTC],53.1581,A3_NW,3.977022990046306,-0.010047666373331338,-0.009525719048103195
56345.0,61053,STARLINK-11230 [DTC],53.1581,A3_NW,3.8761704851207908,-0.010162356915149932,-0.009443643650574316
56346.0,61053,STARLINK-11230 [DTC],53.1581,A3_NW,3.937046272044865,-0.010271959316263938,-0.009356037994965679
56347.0,61053,STARLINK-11230 [DTC],53.1581,A3_NW,4.153075284940509,-0.010376276081153386,-0.009263023882302032
56348.0,61053,STARLINK-11230 [DTC],53.1581,A3_NW,4.502286698254484,-0.010475126994990359,-0.009164734503436198
56349.0,61053,STARLINK-11230 [DTC],53.1581,A3_NW,4.956671202923476,-0.010568334338944498,-0.00906132991432548
56409.0,62410,STARLINK-11493 [DTC],43.0007,A1_NE,4.460554800231626,-0.009912254952496377,-0.0016089551728361397
56410.0,62410,STARLINK-11493 [DTC],43.0007,A1_NE,3.9622409209442364,-0.009677018393365858,-0.0015059225268789509
56411.0,62410,STARLINK-11493 [DTC],43.0007,A1_NE,3.5395520638449556,-0.009445774897282535,-0.001406949291772767
56412.0,62410,STARLINK-11493 [DTC],43.0007,A1_NE,3.2146811653880203,-0.00921866244335592,-0.0013119482888834433
56413.0,62410,STARLINK-11493 [DTC],43.0007,A1_NE,3.011414988298109,-0.008995795822490698,-0.0012208267574901528
56414.0,62410,STARLINK-11493 [DTC],43.0007,A1_NE,2.947105718883102,-0.008777268278413781,-0.0011334873506224157
56415.0,62410,STARLINK-11493 [DTC],43.0007,A1_NE,3.0232354847978735,-0.008563144588702293,-0.0010498257573103758
56416.0,62410,STARLINK-11493 [DTC],43.0007,A1_NE,3.2232104281978384,-0.008353496906085443,-0.0009697448539576933
56417.0,62410,STARLINK-11493 [DTC],43.0007,A1_NE,3.5201411594282215,-0.008148354577453191,-0.0008931352765372424
56418.0,62410,STARLINK-11493 [DTC],43.0007,A1_NE,3.886777817071599,-0.00794774021805257,-0.0008198897134996854
56419.0,62410,STARLINK-11493 [DTC],43.0007,A1_NE,4.300903634265587,-0.007751662411514895,-0.0007499000871364222
56420.0,62410,STARLINK-11493 [DTC],43.0007,A1_NE,4.746248829800225,-0.007560117000570699,-0.0006830581029012534
57210.0,64070,STARLINK-11713 [DTC],43.0002,A3_NW,4.984621051792823,-0.007115772087311683,0.0009067492200608531
57211.0,64070,STARLINK-11713 [DTC],43.0002,A3_NW,4.417897265685615,-0.007301823593399782,0.0009730340574769262
57212.0,64070,STARLINK-11713 [DTC],43.0002,A3_NW,3.843375080485608,-0.007492624625160152,0.0010423187867401621
57213.0,64070,STARLINK-11713 [DTC],43.0002,A3_NW,3.262326088316248,-0.007688210107629228,0.0011147074775683084
57214.0,64070,STARLINK-11713 [DTC],43.0002,A3_NW,2.6773673514893264,-0.007888604311392015,0.0011903043470970658
57215.0,64070,STARLINK-11713 [DTC],43.0002,A3_NW,2.0943946412378622,-0.008093819565637537,0.0012692132697333077
57216.0,64070,STARLINK-11713 [DTC],43.0002,A3_NW,1.5288309632994883,-0.008303863461288434,0.0013515406093570677
57217.0,64070,STARLINK-11713 [DTC],43.0002,A3_NW,1.0308719749852553,-0.008518703417393221,0.0014373812166252904
57218.0,64070,STARLINK-11713 [DTC],43.0002,A3_NW,0.7784306845013438,-0.008738315863130956,0.0015268376076623708
57219.0,64070,STARLINK-11713 [DTC],43.0002,A3_NW,1.0061193200463334,-0.008962651034794152,0.0016200060956605869
57220.0,64070,STARLINK-11713 [DTC],43.0002,A3_NW,1.5259728928185547,-0.009191639684589865,0.0017169791979754607
57221.0,64070,STARLINK-11713 [DTC],43.0002,A3_NW,2.145599098209017,-0.00942519133134296,0.0018178447145778202
57222.0,64070,STARLINK-11713 [DTC],43.0002,A3_NW,2.808510411374956,-0.009663192490824996,0.0019226847297181234
57223.0,64070,STARLINK-11713 [DTC],43.0002,A3_NW,3.497626744991574,-0.00990551468036585,0.0020315789915296336
57224.0,64070,STARLINK-11713 [DTC],43.0002,A3_NW,4.2064427165358795,-0.01015197338952076,0.002144586058162987
57225.0,64070,STARLINK-11713 [DTC],43.0002,A3_NW,4.932120370059746,-0.010402384721522865,0.002261768331934964
57287.0,62418,STARLINK-11447 [DTC],43.0005,A3_NW,4.8558741279201385,-0.010684715785666342,-0.0077215791284391665
57288.0,62418,STARLINK-11447 [DTC],43.0005,A3_NW,4.067428391654135,-0.010888546925250535,-0.007712752864194112
57289.0,62418,STARLINK-11447 [DTC],43.0005,A3_NW,3.2718859418051656,-0.011090791269723486,-0.007698456478808225
57290.0,62418,STARLINK-11447 [DTC],43.0005,A3_NW,2.4695036361140144,-0.011291066332945772,-0.007678548856374927
57291.0,62418,STARLINK-11447 [DTC],43.0005,A3_NW,1.660865723725627,-0.0114889549850809,-0.007652903790409749
57292.0,62418,STARLINK-11447 [DTC],43.0005,A3_NW,0.8477401594603099,-0.011684055310573616,-0.0076214064433669645
57293.0,62418,STARLINK-11447 [DTC],43.0005,A3_NW,0.10718879669897564,-0.011875949916281839,-0.007583957544953091
57294.0,62418,STARLINK-11447 [DTC],43.0005,A3_NW,0.8174408757343824,-0.012064215814100976,-0.0075404738872687305
57295.0,62418,STARLINK-11447 [DTC],43.0005,A3_NW,1.648854425290236,-0.012248426356393076,-0.0074908894467012955
57296.0,62418,STARLINK-11447 [DTC],43.0005,A3_NW,2.488256769880842,-0.012428153267078084,-0.007435156432752797
57297.0,62418,STARLINK-11447 [DTC],43.0005,A3_NW,3.3336277751830696,-0.012602968829907869,-0.007373246244025883
57298.0,62418,STARLINK-11447 [DTC],43.0005,A3_NW,4.18437044899972,-0.012772454843153662,-0.007305147457559705
57422.0,62882,STARLINK-11432 [DTC],43.0008,A2_S,4.850692307709995,-0.013690388147064156,-0.0048188177800769574
57423.0,62882,STARLINK-11432 [DTC],43.0008,A2_S,4.231660010375801,-0.013842480162706507,-0.005009861266912727
57424.0,62882,STARLINK-11432 [DTC],43.0008,A2_S,3.7132535483153215,-0.01398769969223226,-0.005202734170451932
57425.0,62882,STARLINK-11432 [DTC],43.0008,A2_S,3.3497947827585643,-0.01412550113195737,-0.005397072591270482
57426.0,62882,STARLINK-11432 [DTC],43.0008,A2_S,3.201824230277618,-0.014255361361247753,-0.00559251305097923
57427.0,62882,STARLINK-11432 [DTC],43.0008,A2_S,3.3052436765940008,-0.014376759626534443,-0.005788662567894364
57428.0,62882,STARLINK-11432 [DTC],43.0008,A2_S,3.644571274650927,-0.014489187241558678,-0.0059851077389735455
57429.0,62882,STARLINK-11432 [DTC],43.0008,A2_S,4.167410901445412,-0.014592151402301228,-0.006181416342740171
57430.0,62882,STARLINK-11432 [DTC],43.0008,A2_S,4.818342442385432,-0.014685179081226888,-0.006377139235159355
57833.0,59709,STARLINK-11088 [DTC],53.1548,A2_S,4.322597330024117,-0.010883805565278125,-0.007271515941729286
57834.0,59709,STARLINK-11088 [DTC],53.1548,A2_S,3.48101215628611,-0.011057321507194667,-0.00750314091394261
57835.0,59709,STARLINK-11088 [DTC],53.1548,A2_S,2.6274829251261758,-0.01122802472885159,-0.00773798273625321
57836.0,59709,STARLINK-11088 [DTC],53.1548,A2_S,1.7621623991005122,-0.01139541312302295,-0.007975700443761205
57837.0,59709,STARLINK-11088 [DTC],53.1548,A2_S,0.8855048441725649,-0.011558965488427395,-0.00821591789130844
57838.0,59709,STARLINK-11088 [DTC],53.1548,A2_S,0.04993706259797039,-0.011718143422312461,-0.008458223346016012
57839.0,59709,STARLINK-11088 [DTC],53.1548,A2_S,0.9068526650795241,-0.011872399682970042,-0.008702179256138576
57840.0,59709,STARLINK-11088 [DTC],53.1548,A2_S,1.8180458769629726,-0.012021156154667928,-0.008947283174025064
57841.0,59709,STARLINK-11088 [DTC],53.1548,A2_S,2.7408237444862427,-0.01216384407828976,-0.009193027317140234
57842.0,59709,STARLINK-11088 [DTC],53.1548,A2_S,3.674612667738913,-0.012299882308532238,-0.009438860402098759
57843.0,59709,STARLINK-11088 [DTC],53.1548,A2_S,4.619083400713778,-0.012428687265924394,-0.009684198914014753
57976.0,59755,STARLINK-11132 [DTC],53.1585,A2_S,4.664569838778927,-0.012493927293529215,0.009808284430695
57977.0,59755,STARLINK-11132 [DTC],53.1585,A2_S,3.737072735623955,-0.012359974830210674,0.009560244495413454
57978.0,59755,STARLINK-11132 [DTC],53.1585,A2_S,2.8366357264768673,-0.012218740376527027,0.009311615983738
57979.0,59755,STARLINK-11132 [DTC],53.1585,A2_S,1.9849812447828887,-0.012070830379710849,0.00906300292341021
57980.0,59755,STARLINK-11132 [DTC],53.1585,A2_S,1.2589145816072704,-0.011916841572073926,0.00881496597838496
57981.0,59755,STARLINK-11132 [DTC],53.1585,A2_S,0.9581871439767737,-0.011757382213980216,0.008568060775115034
57982.0,59755,STARLINK-11132 [DTC],53.1585,A2_S,1.3698173157182272,-0.01159303145557865,0.008322776878740572
57983.0,59755,STARLINK-11132 [DTC],53.1585,A2_S,2.096643418745563,-0.011424360849460862,0.008079577079181163
57984.0,59755,STARLINK-11132 [DTC],53.1585,A2_S,2.9004757531941547,-0.01125192560170624,0.00783888711958094
57985.0,59755,STARLINK-11132 [DTC],53.1585,A2_S,3.7233264405670132,-0.011076262267678084,0.0076010957772887355
57986.0,59755,STARLINK-11132 [DTC],53.1585,A2_S,4.547933003028054,-0.010897886836088087,0.0073665552910657205
58868.0,63268,STARLINK-11641 [DTC],42.9969,A1_NE,4.739411655174414,-0.011566126782999646,0.006976978374320851
58869.0,63268,STARLINK-11641 [DTC],42.9969,A1_NE,4.390823313179588,-0.011403149100202039,0.007031626408003624
58870.0,63268,STARLINK-11641 [DTC],42.9969,A1_NE,4.163710224239373,-0.01123674790323017,0.007081062588123725
58871.0,63268,STARLINK-11641 [DTC],42.9969,A1_NE,4.075492226485727,-0.011067268895929941,0.007125318744074309
58872.0,63268,STARLINK-11641 [DTC],42.9969,A1_NE,4.132020213448841,-0.010895035437599105,0.007164446357980762
58873.0,63268,STARLINK-11641 [DTC],42.9969,A1_NE,4.324610143759358,-0.010720373852802199,0.007198507666998591
58874.0,63268,STARLINK-11641 [DTC],42.9969,A1_NE,4.633425936287536,-0.01054360555679136,0.007227576974708773
59218.0,64073,STARLINK-11729 [DTC],42.9997,A2_S,4.888793778982301,-0.015238166497331417,0.006922530730575474
59219.0,64073,STARLINK-11729 [DTC],42.9997,A2_S,3.9192794511157736,-0.015149637861004515,0.006725683176395592
59220.0,64073,STARLINK-11729 [DTC],42.9997,A2_S,2.958215256417272,-0.015049660868064578,0.006527187359146955
59221.0,64073,STARLINK-11729 [DTC],42.9997,A2_S,2.0081209345135993,-0.014938737155743124,0.006327550956604218
59222.0,64073,STARLINK-11729 [DTC],42.9997,A2_S,1.078925848310928,-0.014817400236570062,0.0061272753168210075
59223.0,64073,STARLINK-11729 [DTC],42.9997,A2_S,0.31893427438159805,-0.014686207453720424,0.005926844870474641
59224.0,64073,STARLINK-11729 [DTC],42.9997,A2_S,0.8939361069832678,-0.014545735273725617,0.005726724714370747
59225.0,64073,STARLINK-11729 [DTC],42.9997,A2_S,1.79103176406536,-0.014396574662673356,0.005527358530958705
59226.0,64073,STARLINK-11729 [DTC],42.9997,A2_S,2.697696274763891,-0.014239320109193885,0.005329158880767128
59227.0,64073,STARLINK-11729 [DTC],42.9997,A2_S,3.59946293856839,-0.01407459094326548,0.005132537616982087
59228.0,64073,STARLINK-11729 [DTC],42.9997,A2_S,4.493364851037485,-0.013902989247971256,0.004937856910125892
59332.0,63269,STARLINK-11638 [DTC],43.0008,A1_NE,4.2320103493494186,-0.0130251416779559,0.0074980244133927764
59333.0,63269,STARLINK-11638 [DTC],43.0008,A1_NE,3.4540020432484826,-0.012848047163954502,0.007563609093436561
59334.0,63269,STARLINK-11638 [DTC],43.0008,A1_NE,2.735804169220036,-0.012665300509773549,0.007622651363353164
59335.0,63269,STARLINK-11638 [DTC],43.0008,A1_NE,2.13218269076004,-0.012477366054284254,0.007675171627573243
59336.0,63269,STARLINK-11638 [DTC],43.0008,A1_NE,1.756635085890756,-0.012284710915058398,0.0077212120557918935
59337.0,63269,STARLINK-11638 [DTC],43.0008,A1_NE,1.7528519259918816,-0.012087794437914157,0.007760837029708729
59338.0,63269,STARLINK-11638 [DTC],43.0008,A1_NE,2.115163701621767,-0.011887097584260277,0.007794125894321623
59339.0,63269,STARLINK-11638 [DTC],43.0008,A1_NE,2.693718913342666,-0.011683073068460831,0.007821181287670956
59340.0,63269,STARLINK-11638 [DTC],43.0008,A1_NE,3.3740059825788076,-0.011476174727440685,0.007842121201341173
59341.0,63269,STARLINK-11638 [DTC],43.0008,A1_NE,4.101339410340279,-0.011266847683798174,0.007857079334221988
59342.0,63269,STARLINK-11638 [DTC],43.0008,A1_NE,4.8507765968592045,-0.011055526525207703,0.007866203680680754
59367.0,62885,STARLINK-11442 [DTC],43.0013,A1_NE,4.534494973450766,-0.010250848925200716,-0.0020948051422438594
59368.0,62885,STARLINK-11442 [DTC],43.0013,A1_NE,3.840627285724611,-0.010003879401510816,-0.001981299470252714
59369.0,62885,STARLINK-11442 [DTC],43.0013,A1_NE,3.1729921317755885,-0.009760946450710756,-0.0018719588474505394
59370.0,62885,STARLINK-11442 [DTC],43.0013,A1_NE,2.5416271649804547,-0.009522224815825165,-0.0017667152999219094
59371.0,62885,STARLINK-11442 [DTC],43.0013,A1_NE,1.96823109112913,-0.009287862125317892,-0.0016654927180745106
59372.0,62885,STARLINK-11442 [DTC],43.0013,A1_NE,1.5031136295639893,-0.009057980747076876,-0.001568208045646276
59373.0,62885,STARLINK-11442 [DTC],43.0013,A1_NE,1.251853848636443,-0.008832679589323272,-0.001474772379352035
59374.0,62885,STARLINK-11442 [DTC],43.0013,A1_NE,1.3228982985156408,-0.008612035887507223,-0.001385091988843813
59375.0,62885,STARLINK-11442 [DTC],43.0013,A1_NE,1.662130246517406,-0.008396098326464756,-0.0012990658616464888
59376.0,62885,STARLINK-11442 [DTC],43.0013,A1_NE,2.1356820937849514,-0.00818492327437469,-0.001216600255011346
59377.0,62885,STARLINK-11442 [DTC],43.0013,A1_NE,2.665221935384668,-0.007978524254517368,-0.0011375887126395551
59378.0,62885,STARLINK-11442 [DTC],43.0013,A1_NE,3.217003541529485,-0.007776908400760507,-0.0010619267513494054
59379.0,62885,STARLINK-11442 [DTC],43.0013,A1_NE,3.776179210919388,-0.007580069137561637,-0.0009895089592071513
59380.0,62885,STARLINK-11442 [DTC],43.0013,A1_NE,4.335615602698186,-0.007387987537357409,-0.000920229557242492
59381.0,62885,STARLINK-11442 [DTC],43.0013,A1_NE,4.891594634888686,-0.007200633619029732,-0.000853982900093044
59460.0,60123,STARLINK-11162 [DTC],53.1584,A1_NE,4.698791983959545,-0.011435086946427935,0.009535987660662909
59461.0,60123,STARLINK-11162 [DTC],53.1584,A1_NE,3.846728025603066,-0.01135032505795081,0.009659512834823953
59462.0,60123,STARLINK-11162 [DTC],53.1584,A1_NE,2.9950804660926913,-0.01125827368820124,0.009777174283041819
59463.0,60123,STARLINK-11162 [DTC],53.1584,A1_NE,2.1452687460861757,-0.011159097065455707,0.009888744774152506
59464.0,60123,STARLINK-11162 [DTC],53.1584,A1_NE,1.3014742782357676,-0.011052977508909396,0.009994020096441068
59465.0,60123,STARLINK-11162 [DTC],53.1584,A1_NE,0.49490951892653934,-0.010940131788512652,0.010092803453569409
59466.0,60123,STARLINK-11162 [DTC],53.1584,A1_NE,0.5021870324057663,-0.010820784380433232,0.010184931823111866
59467.0,60123,STARLINK-11162 [DTC],53.1584,A1_NE,1.3077157356014832,-0.010695182983479838,0.010270259530916348
59468.0,60123,STARLINK-11162 [DTC],53.1584,A1_NE,2.1473061471480905,-0.010563592985728806,0.010348663228982865
59469.0,60123,STARLINK-11162 [DTC],53.1584,A1_NE,2.9907408903229267,-0.010426295944230541,0.010420042341472785
59470.0,60123,STARLINK-11162 [DTC],53.1584,A1_NE,3.8338819241389537,-0.010283587957388917,0.010484319338032502
59471.0,60123,STARLINK-11162 [DTC],53.1584,A1_NE,4.675376526434571,-0.010135771937124418,0.010541441992772146
59611.0,59718,STARLINK-11103 [DTC],53.1583,A3_NW,4.211630302924293,-0.010486578280701809,-0.010702127624934148
59612.0,59718,STARLINK-11103 [DTC],53.1583,A3_NW,3.4298543867413835,-0.010632674199016135,-0.010637877902080446
59613.0,59718,STARLINK-11103 [DTC],53.1583,A3_NW,2.69579909907541,-0.010772986996540805,-0.01056610983302065
59614.0,59718,STARLINK-11103 [DTC],53.1583,A3_NW,2.064170381277733,-0.010907207009131836,-0.010486901113339593
59615.0,59718,STARLINK-11103 [DTC],53.1583,A3_NW,1.6597695992901922,-0.011035034888530311,-0.010400357228819922
59616.0,59718,STARLINK-11103 [DTC],53.1583,A3_NW,1.6605747510652553,-0.01115618939632698,-0.010306608725912932
59617.0,59718,STARLINK-11103 [DTC],53.1583,A3_NW,2.0674569154717566,-0.011270409071689538,-0.010205810717430736
59618.0,59718,STARLINK-11103 [DTC],53.1583,A3_NW,2.703416546487602,-0.011377453793997086,-0.010098142196326935
59619.0,59718,STARLINK-11103 [DTC],53.1583,A3_NW,3.4438970766678856,-0.011477110020380977,-0.009983800429846633
59620.0,59718,STARLINK-11103 [DTC],53.1583,A3_NW,4.234123090241273,-0.01156917627626305,-0.009863018577796773
60220.0,63266,STARLINK-11659 [DTC],42.999,A3_NW,4.789830538136173,-0.00820721184519248,0.0006520693838685548
60221.0,63266,STARLINK-11659 [DTC],42.999,A3_NW,4.589035900090492,-0.00841003182591515,0.0007254857572478176
60222.0,63266,STARLINK-11659 [DTC],42.999,A3_NW,4.463283889063158,-0.00861718296620807,0.0008023663780240201
60223.0,63266,STARLINK-11659 [DTC],42.999,A3_NW,4.423558757479457,-0.008828622156080271,0.0008828215196108099
60224.0,63266,STARLINK-11659 [DTC],42.999,A3_NW,4.476846218501762,-0.009044289813297263,0.0009669598382375801
60225.0,63266,STARLINK-11659 [DTC],42.999,A3_NW,4.624641106990652,-0.00926410843658244,0.0010548876443128418
60226.0,63266,STARLINK-11659 [DTC],42.999,A3_NW,4.862968985736353,-0.009487981151046347,0.0011467081053799378
60275.0,62880,STARLINK-11352 [DTC],43.0012,A3_NW,4.986969488659866,-0.01213049041339033,-0.008057766867359414
60276.0,62880,STARLINK-11352 [DTC],43.0012,A3_NW,4.666059947170642,-0.01234681054040252,-0.008035252025558576
60277.0,62880,STARLINK-11352 [DTC],43.0012,A3_NW,4.489413018380139,-0.012559281097291701,-0.008006002180159146
60278.0,62880,STARLINK-11352 [DTC],43.0012,A3_NW,4.478333049819559,-0.012767372691511769,-0.007969895448778061
60279.0,62880,STARLINK-11352 [DTC],43.0012,A3_NW,4.637875140183491,-0.01297055948751904,-0.007926829189883897
60280.0,62880,STARLINK-11352 [DTC],43.0012,A3_NW,4.954983051019776,-0.013168289587121622,-0.007876728720460933
60689.0,63265,STARLINK-11654 [DTC],43.0001,A3_NW,4.906397031021097,-0.0072964462595510315,0.001714094718210581
60690.0,63265,STARLINK-11654 [DTC],43.0001,A3_NW,4.460455554374113,-0.0074972866896530444,0.0017965003441008625
60691.0,63265,STARLINK-11654 [DTC],43.0001,A3_NW,4.0492012971352285,-0.0077034183521845065,0.0018821775773379052
60692.0,63265,STARLINK-11654 [DTC],43.0001,A3_NW,3.689823338879373,-0.007914872673273959,0.0019712182566238162
60693.0,63265,STARLINK-11654 [DTC],43.0001,A3_NW,3.4051071729981466,-0.008131667244392711,0.002063711889372902
60694.0,63265,STARLINK-11654 [DTC],43.0001,A3_NW,3.221889752551446,-0.008353804181612367,0.002159744916342501
60695.0,63265,STARLINK-11654 [DTC],43.0001,A3_NW,3.1652528469445254,-0.008581277649245971,0.002259403984692275
60696.0,63265,STARLINK-11654 [DTC],43.0001,A3_NW,3.2493139756533465,-0.008814035192357128,0.0023627588738122213
60697.0,63265,STARLINK-11654 [DTC],43.0001,A3_NW,3.4711147408029945,-0.009052030712583837,0.0024698855747815407
60698.0,63265,STARLINK-11654 [DTC],43.0001,A3_NW,3.8135316177122527,-0.009295186076344667,0.0025808493497668575
60699.0,63265,STARLINK-11654 [DTC],43.0001,A3_NW,4.2538888658167116,-0.009543398031053606,0.002695707523088896
60700.0,63265,STARLINK-11654 [DTC],43.0001,A3_NW,4.771017135429125,-0.00979653607156816,0.0028145082611371153
60729.0,60125,STARLINK-11160 [DTC],53.1578,A3_NW,4.523226085183183,-0.0045738963457025205,0.004194910782910488
60730.0,60125,STARLINK-11160 [DTC],53.1578,A3_NW,3.9784732927349364,-0.004709084990858892,0.004325484329183062
60731.0,60125,STARLINK-11160 [DTC],53.1578,A3_NW,3.425824294829996,-0.004848480863221965,0.004460258638167905
60732.0,60125,STARLINK-11160 [DTC],53.1578,A3_NW,2.86661149123732,-0.004992179677959549,0.0045993366013398
60733.0,60125,STARLINK-11160 [DTC],53.1578,A3_NW,2.303853005416451,-0.00514025557377607,0.004742800773896237
60734.0,60125,STARLINK-11160 [DTC],53.1578,A3_NW,1.744801331374796,-0.00529279491245107,0.004890746093996974
60735.0,60125,STARLINK-11160 [DTC],53.1578,A3_NW,1.210959474082164,-0.005449872339258805,0.005043256741509239
60736.0,60125,STARLINK-11160 [DTC],53.1578,A3_NW,0.7842511984440149,-0.005611555432100758,0.0052004106239152085
60737.0,60125,STARLINK-11160 [DTC],53.1578,A3_NW,0.7301767108379446,-0.00577790352966248,0.005362278253459245
60738.0,60125,STARLINK-11160 [DTC],53.1578,A3_NW,1.1250101404071269,-0.00594896647333308,0.005528921526896971
60739.0,60125,STARLINK-11160 [DTC],53.1578,A3_NW,1.691006231962862,-0.0061247904295983245,0.005700399402029557
60740.0,60125,STARLINK-11160 [DTC],53.1578,A3_NW,2.3159304779480503,-0.006305387929047307,0.005876738678457119
60741.0,60125,STARLINK-11160 [DTC],53.1578,A3_NW,2.9713300374598184,-0.006490778761432327,0.006057973859650796
60742.0,60125,STARLINK-11160 [DTC],53.1578,A3_NW,3.6480703126218983,-0.006680960188234339,0.006244118111816244
60742.0,62889,STARLINK-11391 [DTC],43.0009,A3_NW,4.764960022546968,-0.010431566262842439,-0.007505909580577853
60743.0,60125,STARLINK-11160 [DTC],53.1578,A3_NW,4.342534364536892,-0.006875912174090574,0.006435168327870071
60743.0,62889,STARLINK-11391 [DTC],43.0009,A3_NW,4.084988075360018,-0.010623441311276871,-0.007491447067730517
60744.0,62889,STARLINK-11391 [DTC],43.0009,A3_NW,3.436322449913171,-0.010813784588937373,-0.007471836783320579
60745.0,62889,STARLINK-11391 [DTC],43.0009,A3_NW,2.846082017501714,-0.011002248456486013,-0.007446961974746494
60746.0,62889,STARLINK-11391 [DTC],43.0009,A3_NW,2.365116450635915,-0.011188476573377551,-0.00741671731358808
60747.0,62889,STARLINK-11391 [DTC],43.0009,A3_NW,2.0782767405628606,-0.011372112474125453,-0.007381008386716967
60748.0,62889,STARLINK-11391 [DTC],43.0009,A3_NW,2.0750533595770495,-0.01155277150387187,-0.0073397586716023745
60749.0,62889,STARLINK-11391 [DTC],43.0009,A3_NW,2.3625447466551144,-0.01173008667756968,-0.007292901887464904
60750.0,62889,STARLINK-11391 [DTC],43.0009,A3_NW,2.8589170648412385,-0.011903680596263691,-0.007240388431640453
60751.0,62889,STARLINK-11391 [DTC],43.0009,A3_NW,3.4794728956308507,-0.012073174623724418,-0.007182184898616122
60752.0,62889,STARLINK-11391 [DTC],43.0009,A3_NW,4.1720081549303805,-0.012238190668541666,-0.007118274850369354
60753.0,62889,STARLINK-11391 [DTC],43.0009,A3_NW,4.908426976968696,-0.012398353080971551,-0.007048659493321896
62047.0,60927,STARLINK-11243 [DTC],53.1584,A1_NE,4.814633803532482,-0.006980315634926366,-0.0065968704743094575
62048.0,60927,STARLINK-11243 [DTC],53.1584,A1_NE,4.1051623647513065,-0.006782557561120615,-0.006402504681856209
62049.0,60927,STARLINK-11243 [DTC],53.1584,A1_NE,3.4105468834713424,-0.006589550360398172,-0.006213003185295466
62050.0,60927,STARLINK-11243 [DTC],53.1584,A1_NE,2.7317637332411904,-0.006401325642865968,-0.006028383093192188
62051.0,60927,STARLINK-11243 [DTC],53.1584,A1_NE,2.0712319013188973,-0.006217896564427114,-0.005848643950381032
62052.0,60927,STARLINK-11243 [DTC],53.1584,A1_NE,1.4358982542058523,-0.006039252572349389,-0.005673762606282221
62053.0,60927,STARLINK-11243 [DTC],53.1584,A1_NE,0.8531364537689426,-0.005865389680268406,-0.005503722863220588
62054.0,60927,STARLINK-11243 [DTC],53.1584,A1_NE,0.4896821006320791,-0.005696268967257473,-0.0053384748624147795
62055.0,60927,STARLINK-11243 [DTC],53.1584,A1_NE,0.742594871857336,-0.005531847056863991,-0.005177964919746824
62056.0,60927,STARLINK-11243 [DTC],53.1584,A1_NE,1.27224282353962,-0.00537207023365874,-0.005022129778807763
62057.0,60927,STARLINK-11243 [DTC],53.1584,A1_NE,1.8436302711847363,-0.005216875783344078,-0.004870897902476179
62058.0,60927,STARLINK-11243 [DTC],53.1584,A1_NE,2.4191250433205838,-0.005066193202549692,-0.004724190657991449
62059.0,60927,STARLINK-11243 [DTC],53.1584,A1_NE,2.9899201536694187,-0.004919945327025904,-0.004581923407513555
62060.0,60927,STARLINK-11243 [DTC],53.1584,A1_NE,3.5531284574295565,-0.004778043729848076,-0.004444001040350272
62061.0,60927,STARLINK-11243 [DTC],53.1584,A1_NE,4.107567227387642,-0.004640412338600374,-0.0043103409022206
62062.0,60927,STARLINK-11243 [DTC],53.1584,A1_NE,4.652797661386028,-0.004506954034347206,-0.004180840328908259
62336.0,62588,STARLINK-11185 [DTC],43.0004,A1_NE,4.818948294677391,-0.012371043134857594,0.007069192972015667
62337.0,62588,STARLINK-11185 [DTC],43.0004,A1_NE,4.1001826912591435,-0.012209521176045797,0.0071379834711848365
62338.0,62588,STARLINK-11185 [DTC],43.0004,A1_NE,3.4330413656776746,-0.012043220134814401,0.007201049833467004
62339.0,62588,STARLINK-11185 [DTC],43.0004,A1_NE,2.8499499651344675,-0.011872517373269798,0.007258394328566721
62340.0,62588,STARLINK-11185 [DTC],43.0004,A1_NE,2.4075711851801542,-0.011697792265924538,0.007310036820309271
62341.0,62588,STARLINK-11185 [DTC],43.0004,A1_NE,2.186884757517659,-0.011519424332452578,0.007356014064773592
62342.0,62588,STARLINK-11185 [DTC],43.0004,A1_NE,2.2479478894801157,-0.011337784074886836,0.007396380433330173
62343.0,62588,STARLINK-11185 [DTC],43.0004,A1_NE,2.5652313304326726,-0.011153260652985499,0.007431200777625788
62344.0,62588,STARLINK-11185 [DTC],43.0004,A1_NE,3.0552278956036547,-0.010966216419811325,0.007460559240697317
62345.0,62588,STARLINK-11185 [DTC],43.0004,A1_NE,3.6448411801044416,-0.010777014555842046,0.0074845515567951125
62346.0,62588,STARLINK-11185 [DTC],43.0004,A1_NE,4.289580246665547,-0.010586010470767543,0.007503285767003513
62347.0,62588,STARLINK-11185 [DTC],43.0004,A1_NE,4.964808486722489,-0.01039355056956354,0.007516881170470688
62370.0,63016,STARLINK-11545 [DTC],43.0,A1_NE,4.967932919644217,-0.009329959306919095,-0.002857685526664169
62371.0,63016,STARLINK-11545 [DTC],43.0,A1_NE,4.672443133248001,-0.009081064191240863,-0.002741863873385289
62372.0,63016,STARLINK-11545 [DTC],43.0,A1_NE,4.474345659590283,-0.00883757436603478,-0.0026299112576438203
62373.0,63016,STARLINK-11545 [DTC],43.0,A1_NE,4.380616619398883,-0.008599559132198583,-0.0025217666548724644
62374.0,63016,STARLINK-11545 [DTC],43.0,A1_NE,4.391961505969869,-0.008367073512400852,-0.0024173658783447323
62375.0,63016,STARLINK-11545 [DTC],43.0,A1_NE,4.501986996850949,-0.008140150304909747,-0.0023166379834809406
62376.0,63016,STARLINK-11545 [DTC],43.0,A1_NE,4.69862266814716,-0.007918802191098957,-0.0022195063270385386
62377.0,63016,STARLINK-11545 [DTC],43.0,A1_NE,4.966930316187793,-0.007703023690418828,-0.0021258895343775103
62820.0,62597,STARLINK-11521 [DTC],43.0001,A1_NE,4.81088793285732,-0.013158005100478948,0.007914347476804051
62821.0,62597,STARLINK-11521 [DTC],43.0001,A1_NE,4.523916003305294,-0.012957762810928709,0.007963242516142372
62822.0,62597,STARLINK-11521 [DTC],43.0001,A1_NE,4.401786498694863,-0.012752155199357382,0.00800505137649986
62823.0,62597,STARLINK-11521 [DTC],43.0001,A1_NE,4.4541804111409595,-0.012541723885564881,0.008039858472388915
62824.0,62597,STARLINK-11521 [DTC],43.0001,A1_NE,4.671340303454852,-0.01232699939720753,0.008067771828675114
62869.0,63012,STARLINK-11449 [DTC],43.0004,A1_NE,4.920974702917738,-0.009835580966723167,-0.0014548136086923846
62870.0,63012,STARLINK-11449 [DTC],43.0004,A1_NE,4.487256946651035,-0.009605827290054379,-0.0013552772947883214
62871.0,63012,STARLINK-11449 [DTC],43.0004,A1_NE,4.129701735464237,-0.009379902788904429,-0.001259715669619888
62872.0,63012,STARLINK-11449 [DTC],43.0004,A1_NE,3.863305402793427,-0.009157940238601366,-0.001168040044848498
62873.0,63012,STARLINK-11449 [DTC],43.0004,A1_NE,3.701534216763722,-0.008940050542594764,-0.001080156742291569
62874.0,63012,STARLINK-11449 [DTC],43.0004,A1_NE,3.6521886797729435,-0.008726324283826106,-0.0009959680258928205
62875.0,63012,STARLINK-11449 [DTC],43.0004,A1_NE,3.713951354565859,-0.008516833190445106,-0.0009153729484049186
62876.0,63012,STARLINK-11449 [DTC],43.0004,A1_NE,3.8761784551636613,-0.008311623433120297,-0.0008382650978968115
62877.0,63012,STARLINK-11449 [DTC],43.0004,A1_NE,4.12218158402307,-0.008110749872309758,-0.0007645455701506697
62878.0,63012,STARLINK-11449 [DTC],43.0004,A1_NE,4.433721303991358,-0.00791422786267041,-0.0006941049987210904
62879.0,63012,STARLINK-11449 [DTC],43.0004,A1_NE,4.794197012798683,-0.007722067754612693,-0.0006268366730999374
63171.0,61538,STARLINK-11325 [DTC],53.1593,A1_NE,4.95674481912541,-0.011820628507397795,0.01033812301221881
63172.0,61538,STARLINK-11325 [DTC],53.1593,A1_NE,4.4584578138198525,-0.011720085716146867,0.010455738603243461
63173.0,61538,STARLINK-11325 [DTC],53.1593,A1_NE,4.098724128342328,-0.011611398811831349,0.01056601848344382
63174.0,61538,STARLINK-11325 [DTC],53.1593,A1_NE,3.9158671534354705,-0.011494797960620473,0.010668745511442708
63175.0,61538,STARLINK-11325 [DTC],53.1593,A1_NE,3.934234934483478,-0.01137054406169835,0.010763724540930237
63176.0,61538,STARLINK-11325 [DTC],53.1593,A1_NE,4.150439782317071,-0.01123892325800852,0.010850788317830064
63177.0,61538,STARLINK-11325 [DTC],53.1593,A1_NE,4.535311124220736,-0.011100245117633781,0.010929798267046723
63320.0,60935,STARLINK-11253 [DTC],53.159,A3_NW,4.206207323799023,-0.010248031060020774,-0.010537633105284898
63321.0,60935,STARLINK-11253 [DTC],53.159,A3_NW,3.363929873267369,-0.010393463263307045,-0.010476272309341885
63322.0,60935,STARLINK-11253 [DTC],53.159,A3_NW,2.522333368881106,-0.010533561880814935,-0.010407731569715821
63323.0,60935,STARLINK-11253 [DTC],53.159,A3_NW,1.6863032217963954,-0.010668028436636712,-0.010332076790922906
63324.0,60935,STARLINK-11253 [DTC],53.159,A3_NW,0.8783287147164663,-0.010796572544479178,-0.010249399606289001
63325.0,60935,STARLINK-11253 [DTC],53.159,A3_NW,0.3930589141207877,-0.010918919557789375,-0.010159814851161712
63326.0,60935,STARLINK-11253 [DTC],53.159,A3_NW,0.9995995825142263,-0.01103481213489712,-0.01006346018135214
63327.0,60935,STARLINK-11253 [DTC],53.159,A3_NW,1.8192566303947224,-0.011144011733414337,-0.00996049552131971
63328.0,60935,STARLINK-11253 [DTC],53.159,A3_NW,2.6623115627295126,-0.011246303923637051,-0.009851097813581426
63329.0,60935,STARLINK-11253 [DTC],53.159,A3_NW,3.5118180190138535,-0.011341483418470558,-0.009735477999324813
63330.0,60935,STARLINK-11253 [DTC],53.159,A3_NW,4.363674729364202,-0.011429379837461078,-0.009613853558265955
63714.0,62599,STARLINK-11529 [DTC],43.0002,A3_NW,4.971118991747382,-0.007171858015278641,0.0008411304282092689
63715.0,62599,STARLINK-11529 [DTC],43.0002,A3_NW,4.416863925324859,-0.007358242589598025,0.000906824052762365
63716.0,62599,STARLINK-11529 [DTC],43.0002,A3_NW,3.8590010631355223,-0.007549333843266639,0.0009755278282409557
63717.0,62599,STARLINK-11529 [DTC],43.0002,A3_NW,3.301035160722327,-0.007745162781543341,0.0010473469602816675
63718.0,62599,STARLINK-11529 [DTC],43.0002,A3_NW,2.749598819065351,-0.007945749571508535,0.0011223868499540865
63719.0,62599,STARLINK-11529 [DTC],43.0002,A3_NW,2.218255093487435,-0.008151102253792048,0.0012007526034640817
63720.0,62599,STARLINK-11529 [DTC],43.0002,A3_NW,1.7372240379160366,-0.008361215390872307,0.0012825484806210665
63721.0,62599,STARLINK-11529 [DTC],43.0002,A3_NW,1.3761689185267054,-0.00857607740132068,0.0013678807858415634
63722.0,62599,STARLINK-11529 [DTC],43.0002,A3_NW,1.2616763941489004,-0.008795634259942429,0.0014568433036364393
63723.0,62599,STARLINK-11529 [DTC],43.0002,A3_NW,1.4686599612157123,-0.009019839800414159,0.001549537130926085
63724.0,62599,STARLINK-11529 [DTC],43.0002,A3_NW,1.9068540631625717,-0.00924861967954204,0.0016460562528105673
63725.0,62599,STARLINK-11529 [DTC],43.0002,A3_NW,2.4653199033084077,-0.00948187821738423,0.0017464899848627265
63726.0,62599,STARLINK-11529 [DTC],43.0002,A3_NW,3.0874601481662025,-0.009719496654592213,0.0018509219753448144
63727.0,62599,STARLINK-11529 [DTC],43.0002,A3_NW,3.748594124569868,-0.009961331323690833,0.001959429115861625
63728.0,62599,STARLINK-11529 [DTC],43.0002,A3_NW,4.4373628882887255,-0.010207211867592079,0.002072080382014688
63789.0,63013,STARLINK-11577 [DTC],43.0009,A3_NW,4.683598448519978,-0.01113202380878635,-0.007860245880210497
63790.0,63013,STARLINK-11577 [DTC],43.0009,A3_NW,3.953029629342913,-0.011342720426943405,-0.007849569714016522
63791.0,63013,STARLINK-11577 [DTC],43.0009,A3_NW,3.2560565676557456,-0.011551270449834285,-0.007833018524732354
63792.0,63013,STARLINK-11577 [DTC],43.0009,A3_NW,2.6266882936651883,-0.011757235107620233,-0.007810448536681744
63793.0,63013,STARLINK-11577 [DTC],43.0009,A3_NW,2.1342886975895765,-0.01196016569623012,-0.00778173070773561
63794.0,63013,STARLINK-11577 [DTC],43.0009,A3_NW,1.8983661324060095,-0.01215960546990868,-0.0077467521298091755
63795.0,63013,STARLINK-11577 [DTC],43.0009,A3_NW,2.0196074709174745,-0.012355099472241234,-0.007705415588626122
63796.0,63013,STARLINK-11577 [DTC],43.0009,A3_NW,2.4519728936392218,-0.01254616545717877,-0.007657647757151488
63797.0,63013,STARLINK-11577 [DTC],43.0009,A3_NW,3.0715075243184624,-0.01273234348124184,-0.007603390422372806
63798.0,63013,STARLINK-11577 [DTC],43.0009,A3_NW,3.791209753600144,-0.012913166747960688,-0.007542607976930741
63799.0,63013,STARLINK-11577 [DTC],43.0009,A3_NW,4.566841884994436,-0.01308817218295555,-0.007475286860733149
63908.0,64244,STARLINK-11710 [DTC],43.002,A2_S,4.5349273621016835,-0.013780522340452073,-0.00498149813153474
63909.0,64244,STARLINK-11710 [DTC],43.002,A2_S,4.083806847717936,-0.013922420563143042,-0.005173176021413352
63910.0,64244,STARLINK-11710 [DTC],43.002,A2_S,3.784956176129859,-0.014056967303349452,-0.005366311642295993
63911.0,64244,STARLINK-11710 [DTC],43.002,A2_S,3.681858229572994,-0.014183648193710076,-0.005560540231164249
63912.0,64244,STARLINK-11710 [DTC],43.002,A2_S,3.7962800714345977,-0.014301957422913559,-0.0057554758132098175
63913.0,64244,STARLINK-11710 [DTC],43.002,A2_S,4.115190088725203,-0.014411401320071345,-0.0059507125177616525
63914.0,64244,STARLINK-11710 [DTC],43.002,A2_S,4.600577148262446,-0.014511505867420251,-0.006145833979287431
64286.0,63010,STARLINK-11574 [DTC],43.0007,A3_NW,4.826590510632581,-0.010410188555382782,-0.007176687662798578
64287.0,63010,STARLINK-11574 [DTC],43.0007,A3_NW,4.495778169625869,-0.010584967737241399,-0.007149447018408683
64288.0,63010,STARLINK-11574 [DTC],43.0007,A3_NW,4.270828690769322,-0.01075779237056979,-0.007117351696937289
64289.0,63010,STARLINK-11574 [DTC],43.0007,A3_NW,4.172109215492875,-0.010928352522393608,-0.007080326055452951
64290.0,63010,STARLINK-11574 [DTC],43.0007,A3_NW,4.21157820266153,-0.01109633312887084,-0.0070383058107992905
64291.0,63010,STARLINK-11574 [DTC],43.0007,A3_NW,4.388342631955269,-0.011261415159798584,-0.006991238800318789
64292.0,63010,STARLINK-11574 [DTC],43.0007,A3_NW,4.689452970591692,-0.011423283321710291,-0.00693908349826976
64442.0,61536,STARLINK-11295 [DTC],53.1578,A3_NW,4.907867034158424,-0.0043002119609206295,0.0051077088032464996
64443.0,61536,STARLINK-11295 [DTC],53.1578,A3_NW,4.578151178034223,-0.004437931293025552,0.005254927605633015
64444.0,61536,STARLINK-11295 [DTC],53.1578,A3_NW,4.295947876876247,-0.0045801354692984264,0.005406430463568755
64445.0,61536,STARLINK-11295 [DTC],53.1578,A3_NW,4.075793833050926,-0.004726921460426635,0.005562283503169288
64446.0,61536,STARLINK-11295 [DTC],53.1578,A3_NW,3.9331778193401297,-0.004878381295242161,0.005722545793837859
64447.0,61536,STARLINK-11295 [DTC],53.1578,A3_NW,3.882014493890952,-0.0050346010395721135,0.005887268246548131
64448.0,61536,STARLINK-11295 [DTC],53.1578,A3_NW,3.9314078912157284,-0.005195666226761681,0.006056499314634277
64449.0,61536,STARLINK-11295 [DTC],53.1578,A3_NW,4.083257952777038,-0.00536163453244609,0.006230256294237411
64450.0,61536,STARLINK-11295 [DTC],53.1578,A3_NW,4.332257077763163,-0.005532573300097579,0.006408564787115411
64451.0,61536,STARLINK-11295 [DTC],53.1578,A3_NW,4.668157491806682,-0.0057085323797957666,0.006591430171944207
64808.0,61882,STARLINK-11398 [DTC],53.1597,A2_S,4.774632008157384,-0.010804780802051942,-0.007084832689715756
64809.0,61882,STARLINK-11398 [DTC],53.1597,A2_S,3.951575128755128,-0.010977420451424039,-0.007313826029393942
64810.0,61882,STARLINK-11398 [DTC],53.1597,A2_S,3.1218974826101715,-0.011147439387773028,-0.007546237770265105
64811.0,61882,STARLINK-11398 [DTC],53.1597,A2_S,2.291683732508637,-0.011314350726647401,-0.007781751443154628
64812.0,61882,STARLINK-11398 [DTC],53.1597,A2_S,1.4808080468574527,-0.011477654699860448,-0.008020025767146543
64813.0,61882,STARLINK-11398 [DTC],53.1597,A2_S,0.7942700603578317,-0.011636814240068507,-0.00826065562980436
64814.0,61882,STARLINK-11398 [DTC],53.1597,A2_S,0.7920231279835231,-0.011791296485183124,-0.00850322934702044
64815.0,61882,STARLINK-11398 [DTC],53.1597,A2_S,1.4977513514903387,-0.011940548735636148,-0.008747290464543032
64816.0,61882,STARLINK-11398 [DTC],53.1597,A2_S,2.3535880006513463,-0.012084007836733008,-0.008992347680201823
64817.0,61882,STARLINK-11398 [DTC],53.1597,A2_S,3.251997507366517,-0.012221103268340097,-0.009237875628873274
64818.0,61882,STARLINK-11398 [DTC],53.1597,A2_S,4.17256929079847,-0.012351260564948582,-0.009483316075195142
64954.0,61533,STARLINK-11323 [DTC],53.1599,A2_S,4.838814212922599,-0.012496147123045614,0.00989228055529303
64955.0,61533,STARLINK-11323 [DTC],53.1599,A2_S,4.074195912996168,-0.012349930312118474,0.009640930197176208
64956.0,61533,STARLINK-11323 [DTC],53.1599,A2_S,3.416366605888909,-0.012196737470930048,0.009389092196259942
64957.0,61533,STARLINK-11323 [DTC],53.1599,A2_S,2.9270955036847006,-0.0120372071415694,0.009137384911129266
64958.0,61533,STARLINK-11323 [DTC],53.1599,A2_S,2.687596913698967,-0.011871970696614404,0.008886390960904328
64959.0,61533,STARLINK-11323 [DTC],53.1599,A2_S,2.7516733029561076,-0.011701648543073737,0.008636655730198315
64960.0,61533,STARLINK-11323 [DTC],53.1599,A2_S,3.0898759261367754,-0.01152683961535092,0.008388676419675868
64961.0,61533,STARLINK-11323 [DTC],53.1599,A2_S,3.6170996364346983,-0.01134814673073572,0.008142941337159645
64962.0,61533,STARLINK-11323 [DTC],53.1599,A2_S,4.255999816807177,-0.011166131803650788,0.007899869870847153
64963.0,61533,STARLINK-11323 [DTC],53.1599,A2_S,4.95697016933308,-0.010981341674281022,0.007659852724775628
65693.0,62593,STARLINK-11413 [DTC],43.0012,A2_S,4.744992602108104,-0.01537579849147505,0.006986180338739086
65694.0,62593,STARLINK-11413 [DTC],43.0012,A2_S,3.8007581431173505,-0.015279215445665881,0.0067892984936613375
65695.0,62593,STARLINK-11413 [DTC],43.0012,A2_S,2.887883943693533,-0.015170996741298959,0.006590696474942032
65696.0,62593,STARLINK-11413 [DTC],43.0012,A2_S,2.0387644471645188,-0.01505168057782166,0.006390894396723942
65697.0,62593,STARLINK-11413 [DTC],43.0012,A2_S,1.361035124154891,-0.014921837157518167,0.006190405446284388
65698.0,62593,STARLINK-11413 [DTC],43.0012,A2_S,1.175279336777923,-0.014782059981649751,0.0059897251977131735
65699.0,62593,STARLINK-11413 [DTC],43.0012,A2_S,1.6415032281906898,-0.014632960821947167,0.005789329103758577
65700.0,62593,STARLINK-11413 [DTC],43.0012,A2_S,2.396117807191863,-0.01447516481155459,0.005589670356184688
65701.0,62593,STARLINK-11413 [DTC],43.0012,A2_S,3.235608075771871,-0.01430930568952736,0.005391178072650079
65702.0,62593,STARLINK-11413 [DTC],43.0012,A2_S,4.1016955504723445,-0.014136014154154799,0.005194247955557928
65703.0,62593,STARLINK-11413 [DTC],43.0012,A2_S,4.974892180518408,-0.013955941773661138,0.004999272801105858
65820.0,62564,STARLINK-11540 [DTC],43.0001,A1_NE,4.213398232777179,-0.01276930858434209,0.007300766187929278
65821.0,62564,STARLINK-11540 [DTC],43.0001,A1_NE,3.3628676216947393,-0.012599934072835595,0.00736940906881648
65822.0,62564,STARLINK-11540 [DTC],43.0001,A1_NE,2.517584840545341,-0.012425226430592604,0.007431865006249079
65823.0,62564,STARLINK-11540 [DTC],43.0001,A1_NE,1.6780558366867466,-0.01224560990866429,0.007488141484328224
65824.0,62564,STARLINK-11540 [DTC],43.0001,A1_NE,0.8456384672553131,-0.012061511596415822,0.0075382660522895625
65825.0,62564,STARLINK-11540 [DTC],43.0001,A1_NE,0.08722527444231475,-0.011873359156511356,0.007582285479141496
65826.0,62564,STARLINK-11540 [DTC],43.0001,A1_NE,0.8145917772282912,-0.011681578652751547,0.0076202648018383005
65827.0,62564,STARLINK-11540 [DTC],43.0001,A1_NE,1.6284274593240853,-0.01148659251503863,0.007652286281659861
65828.0,62564,STARLINK-11540 [DTC],43.0001,A1_NE,2.437213925764576,-0.011288809597607044,0.007678449222458241
65829.0,62564,STARLINK-11540 [DTC],43.0001,A1_NE,3.239524178892773,-0.011088655353450532,0.0076988648188065665
65830.0,62564,STARLINK-11540 [DTC],43.0001,A1_NE,4.034968460987539,-0.010886522421231053,0.00771366124109386
65831.0,62564,STARLINK-11540 [DTC],43.0001,A1_NE,4.823291201725244,-0.010682800874493519,0.007722977939458107
65857.0,64234,STARLINK-11682 [DTC],43.0014,A1_NE,4.582323584362415,-0.009900373282743992,-0.0027572999295157425
65858.0,64234,STARLINK-11682 [DTC],43.0014,A1_NE,4.01542551957739,-0.009645535159804187,-0.002637935393521523
65859.0,64234,STARLINK-11682 [DTC],43.0014,A1_NE,3.5181921469679547,-0.009395579071279084,-0.002522586264520021
65860.0,64234,STARLINK-11682 [DTC],43.0014,A1_NE,3.114947773336309,-0.009150644181058197,-0.002411201844777523
65861.0,64234,STARLINK-11682 [DTC],43.0014,A1_NE,2.836261733312431,-0.008910841726774841,-0.0023037221588702184
65862.0,64234,STARLINK-11682 [DTC],43.0014,A1_NE,2.7109327029287633,-0.008676257175886142,-0.002200079202316825
65863.0,64234,STARLINK-11682 [DTC],43.0014,A1_NE,2.7506786148115294,-0.008446952367348578,-0.002100198111172072
65864.0,64234,STARLINK-11682 [DTC],43.0014,A1_NE,2.940506336152195,-0.008222967544151508,-0.0020039982393619273
65865.0,64234,STARLINK-11682 [DTC],43.0014,A1_NE,3.247028010960746,-0.008004314641363123,-0.001911390499376516
65866.0,64234,STARLINK-11682 [DTC],43.0014,A1_NE,3.6346587767987697,-0.007791014117199938,-0.0018222930283248529
65867.0,64234,STARLINK-11682 [DTC],43.0014,A1_NE,4.075047168392123,-0.007583043938629453,-0.001736609666245824
65868.0,64234,STARLINK-11682 [DTC],43.0014,A1_NE,4.548356347951428,-0.007380376676508947,-0.0016542457521962115
66757.0,64245,STARLINK-11704 [DTC],43.0014,A3_NW,4.928962372240545,-0.012756897822007392,-0.008018481091907875
67032.0,61877,STARLINK-11321 [DTC],53.1598,A3_NW,4.473404052503937,-0.009816697032929624,-0.009784873581965304
67033.0,61877,STARLINK-11321 [DTC],53.1598,A3_NW,4.0057150731882425,-0.009944374799194657,-0.009716520635810137
67034.0,61877,STARLINK-11321 [DTC],53.1598,A3_NW,3.6536435791505717,-0.010067388187347785,-0.009642272437874041
67035.0,61877,STARLINK-11321 [DTC],53.1598,A3_NW,3.4540257471588323,-0.010185504872465051,-0.009562212685508347
67036.0,61877,STARLINK-11321 [DTC],53.1598,A3_NW,3.4345899869249754,-0.01029850391359771,-0.00947644208557254
67037.0,61877,STARLINK-11321 [DTC],53.1598,A3_NW,3.5990047066672313,-0.0104061810793498,-0.009385074255722223
67038.0,61877,STARLINK-11321 [DTC],53.1598,A3_NW,3.924660697263904,-0.010508332795570566,-0.00928825023184969
67039.0,61877,STARLINK-11321 [DTC],53.1598,A3_NW,4.375893748105303,-0.010604783110336628,-0.00918611587213656
67040.0,61877,STARLINK-11321 [DTC],53.1598,A3_NW,4.918238603389274,-0.010695367026872672,-0.009078835704058008
67193.0,62562,STARLINK-11530 [DTC],43.0011,A3_NW,4.445559406212041,-0.007257693659121469,0.001326843372239579
67194.0,62562,STARLINK-11530 [DTC],43.0011,A3_NW,3.879239423613863,-0.007453099029349244,0.0014021498133974953
67195.0,62562,STARLINK-11530 [DTC],43.0011,A3_NW,3.3124346428542775,-0.007653578006572419,0.0014806462065272237
67196.0,62562,STARLINK-11530 [DTC],43.0011,A3_NW,2.7518766000780883,-0.007859162801164901,0.0015624327754720066
67197.0,62562,STARLINK-11530 [DTC],43.0011,A3_NW,2.2114910654670323,-0.008069873042926595,0.0016476086431143806
67198.0,62562,STARLINK-11530 [DTC],43.0011,A3_NW,1.7227863068082447,-0.00828571426812931,0.001736271199422576
67199.0,62562,STARLINK-11530 [DTC],43.0011,A3_NW,1.359669080718929,-0.008506676359684195,0.0018285154029668215
67200.0,62562,STARLINK-11530 [DTC],43.0011,A3_NW,1.2564378273939496,-0.00873274104400201,0.0019244369356015655
67201.0,62562,STARLINK-11530 [DTC],43.0011,A3_NW,1.4850926506463809,-0.008963843561289837,0.002024115765807621
67202.0,62562,STARLINK-11530 [DTC],43.0011,A3_NW,1.9439183083245313,-0.009199925374858597,0.0021276383582891937
67203.0,62562,STARLINK-11530 [DTC],43.0011,A3_NW,2.5199267346575933,-0.009440896075732664,0.002235081368388278
67204.0,62562,STARLINK-11530 [DTC],43.0011,A3_NW,3.1579206021803676,-0.00968664039925435,0.0023465143214361443
67205.0,62562,STARLINK-11530 [DTC],43.0011,A3_NW,3.834229106038818,-0.009937016158543362,0.002461998414956199
67206.0,62562,STARLINK-11530 [DTC],43.0011,A3_NW,4.538020753525688,-0.010191852195220282,0.0025815852450644643
67233.0,64236,STARLINK-11691 [DTC],42.9999,A3_NW,4.8623200178581865,-0.010428449265670065,-0.007539825373672794
67234.0,64236,STARLINK-11691 [DTC],42.9999,A3_NW,4.153321753021652,-0.010622310378381152,-0.007527166728230431
67235.0,64236,STARLINK-11691 [DTC],42.9999,A3_NW,3.463899460419294,-0.01081470295306999,-0.0075093387137789925
67236.0,64236,STARLINK-11691 [DTC],42.9999,A3_NW,2.8142725014260814,-0.011005275355120171,-0.007486219143212959
67237.0,64236,STARLINK-11691 [DTC],42.9999,A3_NW,2.246389877070203,-0.011193674288423338,-0.007457695919656806
67238.0,64236,STARLINK-11691 [DTC],42.9999,A3_NW,1.8460982433081965,-0.011379515811474256,-0.007423672916670692
67239.0,64236,STARLINK-11691 [DTC],42.9999,A3_NW,1.7422066043431699,-0.011562432231829258,-0.0073840641448720086
67240.0,64236,STARLINK-11691 [DTC],42.9999,A3_NW,1.989132590727118,-0.01174204320629447,-0.007338799124718649
67241.0,64236,STARLINK-11691 [DTC],42.9999,A3_NW,2.489923968895259,-0.011917964977649607,-0.007287822802250229
67242.0,64236,STARLINK-11691 [DTC],42.9999,A3_NW,3.129011509795496,-0.01208981212831113,-0.0072310964367191775
67243.0,64236,STARLINK-11691 [DTC],42.9999,A3_NW,3.8411424597885166,-0.012257199406103385,-0.0071685984119975186
67244.0,64236,STARLINK-11691 [DTC],42.9999,A3_NW,4.5949846533670975,-0.012419743640463452,-0.007100324958422004
67274.0,62560,STARLINK-11519 [DTC],43.0001,A3_NW,4.946991506066853,-0.007199943439300868,0.0015667876764379324
67275.0,62560,STARLINK-11519 [DTC],43.0001,A3_NW,4.451232712447117,-0.007397272912009968,0.0016458369120260809
67276.0,62560,STARLINK-11519 [DTC],43.0001,A3_NW,3.9752944630029177,-0.007599835563370466,0.0017281041251450283
67277.0,62560,STARLINK-11519 [DTC],43.0001,A3_NW,3.532819222337673,-0.007807669404092552,0.0018136850885929353
67278.0,62560,STARLINK-11519 [DTC],43.0001,A3_NW,3.144584783333806,-0.008020799617030045,0.00190267391782131
67279.0,62560,STARLINK-11519 [DTC],43.0001,A3_NW,2.8406008104536866,-0.008239237007375002,0.001995162396715181
67280.0,62560,STARLINK-11519 [DTC],43.0001,A3_NW,2.658519329913268,-0.008462976329213707,0.0020912392271433245
67281.0,62560,STARLINK-11519 [DTC],43.0001,A3_NW,2.632787125142323,-0.008691994536561404,0.00219098920388181
67282.0,62560,STARLINK-11519 [DTC],43.0001,A3_NW,2.776605584539933,-0.008926258439917853,0.002294496546064474
67283.0,62560,STARLINK-11519 [DTC],43.0001,A3_NW,3.074486361274084,-0.009165684860828005,0.002401827100577458
67284.0,62560,STARLINK-11519 [DTC],43.0001,A3_NW,3.4947400074368202,-0.009410195153771396,0.0025130522475823214
67285.0,62560,STARLINK-11519 [DTC],43.0001,A3_NW,4.00581552770502,-0.009659675604227454,0.0026282312349742943
67286.0,62560,STARLINK-11519 [DTC],43.0001,A3_NW,4.583585146403952,-0.009913984599978784,0.0027474140213000313
67374.0,62463,STARLINK-11455 [DTC],43.0002,A2_S,4.758217300563492,-0.013797931910436578,-0.004856898786715497
67375.0,62463,STARLINK-11455 [DTC],43.0002,A2_S,3.8733662818832135,-0.013969707866805839,-0.0050496969551455835
67376.0,62463,STARLINK-11455 [DTC],43.0002,A2_S,2.9820382531588043,-0.014134861861001385,-0.005244529475893536
67377.0,62463,STARLINK-11455 [DTC],43.0002,A2_S,2.088625153854291,-0.014292796315780152,-0.005441039720690979
67378.0,62463,STARLINK-11455 [DTC],43.0002,A2_S,1.2099687360023244,-0.014442920009746651,-0.005638853516601407
67379.0,62463,STARLINK-11455 [DTC],43.0002,A2_S,0.4980291289188349,-0.01458462814458905,-0.005837548237631785
67380.0,62463,STARLINK-11455 [DTC],43.0002,A2_S,0.8733314374624699,-0.014717342768609544,-0.0060367018820806405
67381.0,62463,STARLINK-11455 [DTC],43.0002,A2_S,1.7477108647823865,-0.014840492611817725,-0.006235862896344992
67382.0,62463,STARLINK-11455 [DTC],43.0002,A2_S,2.677224296403059,-0.014953523756114924,-0.006434560030004215
67383.0,62463,STARLINK-11455 [DTC],43.0002,A2_S,3.6253804929675053,-0.015055904209825128,-0.00663230460237695
67384.0,62463,STARLINK-11455 [DTC],43.0002,A2_S,4.584842282160354,-0.015147128507448492,-0.006828593049308052
68512.0,61951,STARLINK-11395 [DTC],53.1574,A2_S,4.931043417484144,-0.011800893084152112,-0.008997758846869411
68513.0,61951,STARLINK-11395 [DTC],53.1574,A2_S,4.9489808761167255,-0.01198030570398749,-0.009252372073817385
68691.0,62555,STARLINK-11534 [DTC],43.0002,A2_S,4.670501232628784,-0.015604159786561557,0.006939512578120157
68692.0,62555,STARLINK-11534 [DTC],43.0002,A2_S,4.067187260105369,-0.015479905800932304,0.006737714638412653
68693.0,62555,STARLINK-11534 [DTC],43.0002,A2_S,3.6430156493777455,-0.015344077297313005,0.0065345977569256945
68694.0,62555,STARLINK-11534 [DTC],43.0002,A2_S,3.457445502092561,-0.015197328035958474,0.006330710994273852
68695.0,62555,STARLINK-11534 [DTC],43.0002,A2_S,3.5408900131218566,-0.015040334558725965,0.0061265837773505335
68696.0,62555,STARLINK-11534 [DTC],43.0002,A2_S,3.8690699366721084,-0.014873790361384519,0.005922723147641543
68697.0,62555,STARLINK-11534 [DTC],43.0002,A2_S,4.381017599142998,-0.014698400256036631,0.0057196114287999915
68846.0,62471,STARLINK-11477 [DTC],43.001,A1_NE,4.846545332842739,-0.008950170407384155,-0.0027456101470821966
68847.0,62471,STARLINK-11477 [DTC],43.001,A1_NE,4.703561645299427,-0.008708682977697592,-0.002634688540777588
68848.0,62471,STARLINK-11477 [DTC],43.001,A1_NE,4.660231754239497,-0.008472754412894457,-0.002527545263500893
68849.0,62471,STARLINK-11477 [DTC],43.001,A1_NE,4.713805295317958,-0.008242417618310467,-0.0024241100652101686
68850.0,62471,STARLINK-11477 [DTC],43.001,A1_NE,4.855962623452083,-0.008017694037643196,-0.002324310825067312
68856.0,63557,STARLINK-11668 [DTC],43.0004,A1_NE,4.9429598390335086,-0.011874759234701805,0.0069145388497539725
68857.0,63557,STARLINK-11668 [DTC],43.0004,A1_NE,4.394281234585375,-0.011716886714132766,0.006976680218682634
68858.0,63557,STARLINK-11668 [DTC],43.0004,A1_NE,3.9337453352981826,-0.011554995622076179,0.007033533194337712
68859.0,63557,STARLINK-11668 [DTC],43.0004,A1_NE,3.5922706018347,-0.011389424933656246,0.007085112363177478
68860.0,63557,STARLINK-11668 [DTC],43.0004,A1_NE,3.402383952026934,-0.011220513682821493,0.007131447159974618
68861.0,63557,STARLINK-11668 [DTC],43.0004,A1_NE,3.3859919492542714,-0.011048599425009306,0.007172581212606431
68862.0,63557,STARLINK-11668 [DTC],43.0004,A1_NE,3.5418552146316395,-0.010874009758733759,0.00720857296320656
68863.0,63557,STARLINK-11668 [DTC],43.0004,A1_NE,3.8455995668051073,-0.010697089175626303,0.007239489308248021
68864.0,63557,STARLINK-11668 [DTC],43.0004,A1_NE,4.262499510037155,-0.010518155646317796,0.007265413460956292
68865.0,63557,STARLINK-11668 [DTC],43.0004,A1_NE,4.759938872026569,-0.01033752747261944,0.007286438099051544
69012.0,61950,STARLINK-11423 [DTC],53.1572,A1_NE,4.997683820988519,-0.00652261270851262,-0.006925819078339777
69013.0,61950,STARLINK-11423 [DTC],53.1572,A1_NE,4.369777040054259,-0.006328301323243157,-0.006729577853309476
69014.0,61950,STARLINK-11423 [DTC],53.1572,A1_NE,3.7819258547639563,-0.006139028460135757,-0.006538042424105507
69015.0,61950,STARLINK-11423 [DTC],53.1572,A1_NE,3.247255435152276,-0.005954797097029673,-0.006351242270070044
69016.0,61950,STARLINK-11423 [DTC],53.1572,A1_NE,2.786753718516604,-0.005775593312845284,-0.006169188810313534
69017.0,61950,STARLINK-11423 [DTC],53.1572,A1_NE,2.4320668451172485,-0.005601381190260086,-0.00599187016190494
69018.0,61950,STARLINK-11423 [DTC],53.1572,A1_NE,2.223023340686751,-0.005432132370090004,-0.005819281187842087
69019.0,61950,STARLINK-11423 [DTC],53.1572,A1_NE,2.190612580104733,-0.005267785588077232,-0.005651382293556432
69020.0,61950,STARLINK-11423 [DTC],53.1572,A1_NE,2.3323940309819524,-0.005108276399289312,-0.005488129651769816
69021.0,61950,STARLINK-11423 [DTC],53.1572,A1_NE,2.6118798964881234,-0.004953531448037876,-0.00532946937015841
69022.0,61950,STARLINK-11423 [DTC],53.1572,A1_NE,2.9837117443873717,-0.004803469733461872,-0.005175338785963441
69023.0,61950,STARLINK-11423 [DTC],53.1572,A1_NE,3.412036845429562,-0.00465800379014717,-0.005025667665101732
69024.0,61950,STARLINK-11423 [DTC],53.1572,A1_NE,3.8732680146323677,-0.004517040735337307,-0.0048803792995823925
69025.0,61950,STARLINK-11423 [DTC],53.1572,A1_NE,4.352817543832216,-0.004380477857965028,-0.004739385933026103
69026.0,61950,STARLINK-11423 [DTC],53.1572,A1_NE,4.841645119040741,-0.004248225279337332,-0.0046026121939621994
69334.0,63556,STARLINK-11626 [DTC],43.0004,A1_NE,4.379942091670594,-0.013047273046733589,0.007582344797108228
69335.0,63556,STARLINK-11626 [DTC],43.0004,A1_NE,3.73860857198235,-0.01286582079439325,0.0076431185306172975
69336.0,63556,STARLINK-11626 [DTC],43.0004,A1_NE,3.2115892257824963,-0.012678764871403814,0.0076972687312470926
69337.0,63556,STARLINK-11626 [DTC],43.0004,A1_NE,2.8577625604652166,-0.012486599365638413,0.007744826222742892
69338.0,63556,STARLINK-11626 [DTC],43.0004,A1_NE,2.739326820258911,-0.01228979770647282,0.007785850287817179
69339.0,63556,STARLINK-11626 [DTC],43.0004,A1_NE,2.879804555839926,-0.012088839928249325,0.007820418560921782
69340.0,62469,STARLINK-11505 [DTC],43.0016,A1_NE,4.675814972963802,-0.009811678976887256,-0.0015099635936011953
69340.0,63556,STARLINK-11626 [DTC],43.0004,A1_NE,3.2405210083160294,-0.011884202742507389,0.007848628103037833
69341.0,63556,STARLINK-11626 [DTC],43.0004,A1_NE,3.75388963665205,-0.011676357200031172,0.007870594074472463
69341.0,62469,STARLINK-11505 [DTC],43.0016,A1_NE,4.218287636915673,-0.009581835776091572,-0.0014100955036310888
69342.0,62469,STARLINK-11505 [DTC],43.0016,A1_NE,3.8372118657350023,-0.009355850401217657,-0.0013141779456791241
69342.0,63556,STARLINK-11626 [DTC],43.0004,A1_NE,4.362204509672611,-0.011465766479719289,0.007886448335942044
69343.0,62469,STARLINK-11505 [DTC],43.0016,A1_NE,3.550515904260942,-0.00913385403329847,-0.00122212413236115
69344.0,62469,STARLINK-11505 [DTC],43.0016,A1_NE,3.3754359027825167,-0.008915947334344181,-0.0011338387356495082
69345.0,62469,STARLINK-11505 [DTC],43.0016,A1_NE,3.3229224880725967,-0.008702236862667481,-0.001049232865117817
69346.0,62469,STARLINK-11505 [DTC],43.0016,A1_NE,3.3923019784293933,-0.008492783993133971,-0.0009682036180272011
69347.0,62469,STARLINK-11505 [DTC],43.0016,A1_NE,3.570672480819283,-0.008287641582930955,-0.0008906492072772922
69348.0,62469,STARLINK-11505 [DTC],43.0016,A1_NE,3.837677404875899,-0.008086846549006474,-0.0008164660437963448
69349.0,62469,STARLINK-11505 [DTC],43.0016,A1_NE,4.171741505146144,-0.00789042120714169,-0.0007455493730443872
69350.0,62469,STARLINK-11505 [DTC],43.0016,A1_NE,4.5540866254966526,-0.007698374558298456,-0.0006777938480819559
69351.0,62469,STARLINK-11505 [DTC],43.0016,A1_NE,4.970038201981663,-0.007510696071165559,-0.0006130915005176633
70151.0,60040,STARLINK-11122 [DTC],53.1594,A1_NE,4.677613149546837,-0.011213984104817868,0.009346045627500927
70152.0,60040,STARLINK-11122 [DTC],53.1594,A1_NE,3.869378114780729,-0.01112857003539622,0.009465852597616094
70153.0,60040,STARLINK-11122 [DTC],53.1594,A1_NE,3.0763851787457783,-0.011036319813338257,0.009580097172759459
70154.0,60040,STARLINK-11122 [DTC],53.1594,A1_NE,2.3149775424357273,-0.010937390887864917,0.009688574345173158
70155.0,60040,STARLINK-11122 [DTC],53.1594,A1_NE,1.6303412318180188,-0.010831964160371715,0.009791091487684058
70156.0,60040,STARLINK-11122 [DTC],53.1594,A1_NE,1.1660331335110528,-0.01072023977147476,0.009887474235050034
70157.0,60040,STARLINK-11122 [DTC],53.1594,A1_NE,1.2085605849977274,-0.010602436039259042,0.00997756730649079
70158.0,60040,STARLINK-11122 [DTC],53.1594,A1_NE,1.7191410480680116,-0.010478788295143301,0.01006123519032921
70159.0,60040,STARLINK-11122 [DTC],53.1594,A1_NE,2.4158772729540368,-0.010349547582187656,0.010138362683985202
70160.0,60040,STARLINK-11122 [DTC],53.1594,A1_NE,3.177125392442031,-0.01021497377073522,0.010208857989428485
70161.0,60040,STARLINK-11122 [DTC],53.1594,A1_NE,3.964379507287648,-0.010075355965243069,0.010272641879340495
70162.0,60040,STARLINK-11122 [DTC],53.1594,A1_NE,4.763336082557242,-0.009930978465984477,0.010329664811001468
70190.0,63559,STARLINK-11606 [DTC],43.0017,A3_NW,4.548856679935341,-0.00723661682532366,0.0010086989672405241
70191.0,63559,STARLINK-11606 [DTC],43.0017,A3_NW,3.9687930426345583,-0.007426755920460122,0.0010780218109858024
70192.0,63559,STARLINK-11606 [DTC],43.0017,A3_NW,3.3793694934796785,-0.007621720773901766,0.0011504330730156102
70193.0,63559,STARLINK-11606 [DTC],43.0017,A3_NW,2.7812122868849354,-0.00782154055757435,0.0012260366027894592
70194.0,63559,STARLINK-11606 [DTC],43.0017,A3_NW,2.1759010072679588,-0.008026232798072243,0.0013049359591149519
70195.0,63559,STARLINK-11606 [DTC],43.0017,A3_NW,1.5678750643358,-0.00823580204958044,0.0013872338690874204
70196.0,63559,STARLINK-11606 [DTC],43.0017,A3_NW,0.9735439018176187,-0.008450238424558323,0.0014730316147511836
70197.0,63559,STARLINK-11606 [DTC],43.0017,A3_NW,0.4965023150271282,-0.008669525018683292,0.0015624320264665404
70198.0,63559,STARLINK-11606 [DTC],43.0017,A3_NW,0.6320898283661696,-0.008893600825861752,0.0016555241982932347
70199.0,63559,STARLINK-11606 [DTC],43.0017,A3_NW,1.2056736430923158,-0.009122411987406657,0.0017524042299689679
70200.0,63559,STARLINK-11606 [DTC],43.0017,A3_NW,1.8594262496704603,-0.009355874965554987,0.0018531600802194597
70201.0,63559,STARLINK-11606 [DTC],43.0017,A3_NW,2.5419261709494756,-0.009593883464239703,0.0019578740972259075
70202.0,63559,STARLINK-11606 [DTC],43.0017,A3_NW,3.2430838791742036,-0.009836306576499549,0.002066621941757102
70203.0,63559,STARLINK-11606 [DTC],43.0017,A3_NW,3.959799850066909,-0.010082986904691343,0.0021794714278760875
70204.0,63559,STARLINK-11606 [DTC],43.0017,A3_NW,4.69090608833861,-0.010333748805791665,0.0022964860679841217
70225.0,62468,STARLINK-11511 [DTC],43.0015,A3_NW,4.878457809117876,-0.011323430872890344,-0.007936482546314414
70226.0,62468,STARLINK-11511 [DTC],43.0015,A3_NW,4.205836319655858,-0.011537917569743174,-0.00792550684628712
70227.0,62468,STARLINK-11511 [DTC],43.0015,A3_NW,3.5921981435234582,-0.011750017959678139,-0.00790845814276516
70228.0,62468,STARLINK-11511 [DTC],43.0015,A3_NW,3.0792156749525477,-0.011959278162792804,-0.007885188638363036
70229.0,62468,STARLINK-11511 [DTC],43.0015,A3_NW,2.7311134748813903,-0.012165225796581256,-0.007855566688620183
70230.0,62468,STARLINK-11511 [DTC],43.0015,A3_NW,2.621393719670686,-0.012367380757314576,-0.007819477964558664
70231.0,62468,STARLINK-11511 [DTC],43.0015,A3_NW,2.7845761368971074,-0.01256525747276376,-0.007776826878422376
70232.0,62468,STARLINK-11511 [DTC],43.0015,A3_NW,3.18401546959766,-0.01275836734743608,-0.00772753793317797
70233.0,62468,STARLINK-11511 [DTC],43.0015,A3_NW,3.748957242647934,-0.012946221350277346,-0.007671556975673108
70234.0,62468,STARLINK-11511 [DTC],43.0015,A3_NW,4.419620498437989,-0.013128339954353998,-0.007608849674090903
70288.0,61945,STARLINK-11421 [DTC],53.1583,A3_NW,4.515815429880961,-0.010642669532747373,-0.010845868558092862
70289.0,61945,STARLINK-11421 [DTC],53.1583,A3_NW,3.8008409024577885,-0.010790654575615894,-0.01078058913732563
70290.0,61945,STARLINK-11421 [DTC],53.1583,A3_NW,3.165196234246428,-0.010932566186671315,-0.010707495263608448
70291.0,61945,STARLINK-11421 [DTC],53.1583,A3_NW,2.668698493356964,-0.011068076115087673,-0.010626672163668062
70292.0,61945,STARLINK-11421 [DTC],53.1583,A3_NW,2.401546710988481,-0.011196873928546519,-0.010538232115681848
70293.0,61945,STARLINK-11421 [DTC],53.1583,A3_NW,2.4419052744517367,-0.011318673696701134,-0.010442310102979056
70294.0,61945,STARLINK-11421 [DTC],53.1583,A3_NW,2.777350183623962,-0.011433196435485822,-0.010339078997342536
70295.0,61945,STARLINK-11421 [DTC],53.1583,A3_NW,3.3199920044357603,-0.011540201169663127,-0.010228725629856621
70296.0,61945,STARLINK-11421 [DTC],53.1583,A3_NW,3.986080771928998,-0.01163946650086143,-0.010111464962770106
70297.0,61945,STARLINK-11421 [DTC],53.1583,A3_NW,4.723384662085992,-0.01173079691088072,-0.0099875352157903
70725.0,62470,STARLINK-11497 [DTC],43.0008,A3_NW,4.824009365381283,-0.01036822626082382,-0.007271247095544516
70726.0,62470,STARLINK-11497 [DTC],43.0008,A3_NW,4.372928499422944,-0.010547882162876854,-0.007248384913181548
70727.0,62470,STARLINK-11497 [DTC],43.0008,A3_NW,4.010717410072778,-0.010725768448508387,-0.007220608349389739
70728.0,62470,STARLINK-11497 [DTC],43.0008,A3_NW,3.7668631458773665,-0.010901567136334774,-0.007187828878101788
70729.0,62470,STARLINK-11497 [DTC],43.0008,A3_NW,3.66879624880026,-0.011074953958985561,-0.007149969187917064
70730.0,62470,STARLINK-11497 [DTC],43.0008,A3_NW,3.731586492946313,-0.011245599537589862,-0.007106964020044513
70731.0,62470,STARLINK-11497 [DTC],43.0008,A3_NW,3.9508015128204863,-0.011413177310113874,-0.0070587589247838286
70732.0,62470,STARLINK-11497 [DTC],43.0008,A3_NW,4.305413632826258,-0.011577338047367955,-0.007005318981382163
70733.0,62470,STARLINK-11497 [DTC],43.0008,A3_NW,4.767726523895795,-0.011737751763384235,-0.006946617860029856
70956.0,58706,STARLINK-11075 [DTC],53.1425,A1_NE,4.791716468887813,-0.012137440800593946,0.010256006849160141
70957.0,58706,STARLINK-11075 [DTC],53.1425,A1_NE,4.0461952747809775,-0.012028803651373996,0.010398027067043097
70958.0,58706,STARLINK-11075 [DTC],53.1425,A1_NE,3.382784651219639,-0.011911433036806035,0.0105326789455455
70959.0,58706,STARLINK-11075 [DTC],53.1425,A1_NE,2.8596406055810815,-0.011785580026219994,0.010659673312979399
70960.0,58706,STARLINK-11075 [DTC],53.1425,A1_NE,2.563967777413664,-0.011651525819989173,0.010778748749186506
70961.0,58706,STARLINK-11075 [DTC],53.1425,A1_NE,2.574614676745754,-0.011509574118879613,0.01088967737679496
70962.0,58706,STARLINK-11075 [DTC],53.1425,A1_NE,2.8870100197853032,-0.011360072337532123,0.010992248580553891
70963.0,58706,STARLINK-11075 [DTC],53.1425,A1_NE,3.417982029795626,-0.011203375128189565,0.011086296776475121
70964.0,58706,STARLINK-11075 [DTC],53.1425,A1_NE,4.081562431192661,-0.011039864565139085,0.011171683928012996
70965.0,58706,STARLINK-11075 [DTC],53.1425,A1_NE,4.821699494505449,-0.010869942108617884,0.01124830460626301
71414.0,60048,STARLINK-11135 [DTC],53.1578,A3_NW,4.690353024693332,-0.004273305006454995,0.004676028990886961
71415.0,60048,STARLINK-11135 [DTC],53.1578,A3_NW,4.2172263799828915,-0.004406365635911386,0.00481412629837316
71416.0,60048,STARLINK-11135 [DTC],53.1578,A3_NW,3.759404266837465,-0.004543734639091889,0.004956429635910317
71417.0,60048,STARLINK-11135 [DTC],53.1578,A3_NW,3.328484561163801,-0.004685510446473654,0.005103021610655846
71418.0,60048,STARLINK-11135 [DTC],53.1578,A3_NW,2.9425868620312596,-0.004831787648717103,0.005253979887313003
71419.0,60048,STARLINK-11135 [DTC],53.1578,A3_NW,2.6290061387754564,-0.0049826560926048745,0.005409376244183901
71420.0,60048,STARLINK-11135 [DTC],53.1578,A3_NW,2.4244045860172894,-0.005138199888500105,0.005569275541785524
71421.0,60048,STARLINK-11135 [DTC],53.1578,A3_NW,2.366275467651936,-0.0052985028686449364,0.005733741309198896
71422.0,60048,STARLINK-11135 [DTC],53.1578,A3_NW,2.473952510872697,-0.0054636214100854275,0.005902807875733169
71423.0,60048,STARLINK-11135 [DTC],53.1578,A3_NW,2.7363135017627007,-0.005633621845933519,0.00607651875581588
71424.0,60048,STARLINK-11135 [DTC],53.1578,A3_NW,3.1222342585498173,-0.005808553454192847,0.006254898951817666
71425.0,60048,STARLINK-11135 [DTC],53.1578,A3_NW,3.599093769451086,-0.0059884533181510866,0.006437959968156642
71426.0,60048,STARLINK-11135 [DTC],53.1578,A3_NW,4.141872826767552,-0.00617334471553722,0.006625698200372732
71427.0,60048,STARLINK-11135 [DTC],53.1578,A3_NW,4.733673403362434,-0.00636323539567403,0.006818093227130092
71931.0,60050,STARLINK-11137 [DTC],53.1581,A2_S,4.918067610498003,-0.012267151386684983,0.009643519363175524
71932.0,60050,STARLINK-11137 [DTC],53.1581,A2_S,4.543845588358271,-0.012101503992945269,0.009389571930257192
71933.0,60050,STARLINK-11137 [DTC],53.1581,A2_S,4.34919411557675,-0.01193008105109022,0.00913601652003579
71934.0,60050,STARLINK-11137 [DTC],53.1581,A2_S,4.350445709034081,-0.011753524996619287,0.008883423399221444
71935.0,60050,STARLINK-11137 [DTC],53.1581,A2_S,4.539920443192417,-0.011572469301104631,0.008632333716490748
71936.0,60050,STARLINK-11137 [DTC],53.1581,A2_S,4.888800077562531,-0.01138752875558863,0.008383248499882768
72155.0,63549,STARLINK-11665 [DTC],43.0007,A2_S,4.118266563051668,-0.015326672591456364,0.006846164374938835
72156.0,63549,STARLINK-11665 [DTC],43.0007,A2_S,3.1418771303913493,-0.015226448458418793,0.006645066528566166
72157.0,63549,STARLINK-11665 [DTC],43.0007,A2_S,2.1730079241777567,-0.01511482916279289,0.0064426385204384325
72158.0,63549,STARLINK-11665 [DTC],43.0007,A2_S,1.2124230087351509,-0.014992366182238813,0.00623940462694409
72159.0,63549,STARLINK-11665 [DTC],43.0007,A2_S,0.2658250671605873,-0.014859637035702597,0.006035872122076819
72160.0,63549,STARLINK-11665 [DTC],43.0007,A2_S,0.690437254190044,-0.014717240268708192,0.00583252865709716
72161.0,63549,STARLINK-11665 [DTC],43.0007,A2_S,1.6243308616290086,-0.014565790500735904,0.005629839955514189
72162.0,63549,STARLINK-11665 [DTC],43.0007,A2_S,2.550381267351394,-0.014405907015938293,0.0054282397876063825
72163.0,63549,STARLINK-11665 [DTC],43.0007,A2_S,3.46713205719172,-0.014238235207944983,0.0052281607805159174
72164.0,63549,STARLINK-11665 [DTC],43.0007,A2_S,4.374179985926759,-0.014063403549708198,0.0050299844802409645
72289.0,62417,STARLINK-11428 [DTC],43.0012,A1_NE,4.522680124983744,-0.012685121482685743,0.007245814648996295
72290.0,62417,STARLINK-11428 [DTC],43.0012,A1_NE,3.7203998005750485,-0.012517384793433063,0.007316745640544533
72291.0,62417,STARLINK-11428 [DTC],43.0012,A1_NE,2.946627964346023,-0.012344432773185601,0.0073815621794680345
72292.0,62417,STARLINK-11428 [DTC],43.0012,A1_NE,2.225773532094471,-0.012166678935864024,0.007440266637127547
72293.0,62417,STARLINK-11428 [DTC],43.0012,A1_NE,1.6216377221509841,-0.011984539484998618,0.007492881112895252
72294.0,62417,STARLINK-11428 [DTC],43.0012,A1_NE,1.2968894034497238,-0.011798431170034642,0.007539446631655711
72295.0,62417,STARLINK-11428 [DTC],43.0012,A1_NE,1.442783702521635,-0.011608769185820792,0.007580022242499149
72296.0,62417,STARLINK-11428 [DTC],43.0012,A1_NE,1.9489736672430615,-0.011415957402994567,0.007614685301240966
72297.0,62417,STARLINK-11428 [DTC],43.0012,A1_NE,2.6078330702921892,-0.011220417672530316,0.007643525063350699
72298.0,62417,STARLINK-11428 [DTC],43.0012,A1_NE,3.325038394325755,-0.011022541537298099,0.007666649916595785
72299.0,62417,STARLINK-11428 [DTC],43.0012,A1_NE,4.065729729745472,-0.010822719592973793,0.007684180394186582
72300.0,62417,STARLINK-11428 [DTC],43.0012,A1_NE,4.815519572526841,-0.01062133233982789,0.00769624947952506
72318.0,63114,STARLINK-11600 [DTC],43.0017,A1_NE,4.522789687079132,-0.010219088943847954,-0.0025556821286645617
72319.0,63114,STARLINK-11600 [DTC],43.0017,A1_NE,3.8097408731771067,-0.009963983451760442,-0.0024360573244792136
72320.0,63114,STARLINK-11600 [DTC],43.0017,A1_NE,3.1206956112115503,-0.009713318731384086,-0.0023205582748867773
72321.0,63114,STARLINK-11600 [DTC],43.0017,A1_NE,2.4642112633463995,-0.009467268182068963,-0.002209132225241229
72322.0,63114,STARLINK-11600 [DTC],43.0017,A1_NE,1.8600073916310433,-0.009225976079081915,-0.002101716816747226
72323.0,63114,STARLINK-11600 [DTC],43.0017,A1_NE,1.3591170884003365,-0.008989559677248744,-0.0019982413758686253
72324.0,63114,STARLINK-11600 [DTC],43.0017,A1_NE,1.0878990144042553,-0.00875811122596597,-0.0018986281087129935
72325.0,63114,STARLINK-11600 [DTC],43.0017,A1_NE,1.191201304465386,-0.008531699976036753,-0.0018027932160760013
72326.0,63114,STARLINK-11600 [DTC],43.0017,A1_NE,1.5829734001255569,-0.008310365303414682,-0.0017106442848941995
72327.0,63114,STARLINK-11600 [DTC],43.0017,A1_NE,2.097156950793783,-0.008094153961588323,-0.0016220959078075475
72328.0,63114,STARLINK-11600 [DTC],43.0017,A1_NE,2.6555064125097143,-0.007883068435299878,-0.0015370483056035237
72329.0,63114,STARLINK-11600 [DTC],43.0017,A1_NE,3.2286989072660965,-0.007677104441344192,-0.0014554030790765058
72330.0,63114,STARLINK-11600 [DTC],43.0017,A1_NE,3.8047263602592984,-0.007476243507734416,-0.0013770601311062984
72331.0,63114,STARLINK-11600 [DTC],43.0017,A1_NE,4.3780498173821645,-0.007280454479639872,-0.0013019182988013437
72332.0,63114,STARLINK-11600 [DTC],43.0017,A1_NE,4.945866443472672,-0.0070896949106909815,-0.0012298759157349157
72732.0,61690,STARLINK-11340 [DTC],53.1591,A1_NE,4.606503620821619,-0.007007779375143437,-0.006229137684010375
72733.0,61690,STARLINK-11340 [DTC],53.1591,A1_NE,3.9730534603000165,-0.006812871243093098,-0.006040533936175371
72734.0,61690,STARLINK-11340 [DTC],53.1591,A1_NE,3.3778351644711164,-0.006622616356804691,-0.005856898359017548
72735.0,61690,STARLINK-11340 [DTC],53.1591,A1_NE,2.835381430359036,-0.006437056114901299,-0.005678238054254302
72736.0,61690,STARLINK-11340 [DTC],53.1591,A1_NE,2.370911421018186,-0.006256191484317572,-0.005504522378848451
72737.0,61690,STARLINK-11340 [DTC],53.1591,A1_NE,2.026021397546596,-0.006080015557271459,-0.005335714410019546
72738.0,61690,STARLINK-11340 [DTC],53.1591,A1_NE,1.8551442478951015,-0.0059085074209917965,-0.0051717650562125
72739.0,61690,STARLINK-11340 [DTC],53.1591,A1_NE,1.8934575307686727,-0.005741633721475096,-0.005012614558580964
72740.0,61690,STARLINK-11340 [DTC],53.1591,A1_NE,2.1192394153217555,-0.005579350095703734,-0.004858193879255714
72741.0,61690,STARLINK-11340 [DTC],53.1591,A1_NE,2.4732789073179666,-0.005421596262177424,-0.004708420054493631
72742.0,61690,STARLINK-11340 [DTC],53.1591,A1_NE,2.902106567614479,-0.005268322472246444,-0.004563221293238972
72743.0,61690,STARLINK-11340 [DTC],53.1591,A1_NE,3.3716139266891747,-0.005119452579296183,-0.004422501912366103
72744.0,61690,STARLINK-11340 [DTC],53.1591,A1_NE,3.8622243162999954,-0.004974910677130207,-0.004286167615170905
72745.0,61690,STARLINK-11340 [DTC],53.1591,A1_NE,4.362789480328385,-0.004834615612609565,-0.004154120269920354
72746.0,61690,STARLINK-11340 [DTC],53.1591,A1_NE,4.866789157927799,-0.004698481889009174,-0.0040262587275416125
73672.0,63113,STARLINK-11598 [DTC],43.0044,A3_NW,4.997614707255577,-0.010652929545541106,-0.007727992893502738
73673.0,63113,STARLINK-11598 [DTC],43.0044,A3_NW,4.209933178933085,-0.010857153676974672,-0.007719997681612589
73674.0,63113,STARLINK-11598 [DTC],43.0044,A3_NW,3.4150593517780394,-0.011059852900519132,-0.007706547767562755
73675.0,63113,STARLINK-11598 [DTC],43.0044,A3_NW,2.6132144017798535,-0.011260637988649569,-0.00768750089642316
73676.0,63113,STARLINK-11598 [DTC],43.0044,A3_NW,1.8046798734414045,-0.011459116909672794,-0.007662725923834299
73677.0,63113,STARLINK-11598 [DTC],43.0044,A3_NW,0.9902576943902799,-0.011654864430371507,-0.007632108295672414
73678.0,63113,STARLINK-11598 [DTC],43.0044,A3_NW,0.1806518207703348,-0.0118474716665675,-0.007595545310241392
73679.0,63113,STARLINK-11598 [DTC],43.0044,A3_NW,0.6666612329408381,-0.012036515807582408,-0.007552951061618164
73680.0,63113,STARLINK-11598 [DTC],43.0044,A3_NW,1.498723150357721,-0.01222157004355118,-0.0075042566945138205
73681.0,63113,STARLINK-11598 [DTC],43.0044,A3_NW,2.338057412374099,-0.012402205613519884,-0.007449411466476544
73682.0,63113,STARLINK-11598 [DTC],43.0044,A3_NW,3.1831619672168725,-0.01257799394911634,-0.0073883837230909275
73683.0,63113,STARLINK-11598 [DTC],43.0044,A3_NW,4.033581175478297,-0.012748515686857934,-0.007321158939361369
73684.0,63113,STARLINK-11598 [DTC],43.0044,A3_NW,4.888886574719302,-0.012913335764111515,-0.007247751542427347
73684.0,62410,STARLINK-11493 [DTC],43.0007,A3_NW,4.915809083734847,-0.007084665635634742,0.0011205274982664325
73685.0,62410,STARLINK-11493 [DTC],43.0007,A3_NW,4.3391148073859815,-0.0072733452088450555,0.0011904270900815334
73686.0,62410,STARLINK-11493 [DTC],43.0007,A3_NW,3.752892346797157,-0.007466945728460404,0.0012633807961146292
73687.0,62410,STARLINK-11493 [DTC],43.0007,A3_NW,3.157575649347302,-0.007665507323976047,0.0013394907337267634
73688.0,62410,STARLINK-11493 [DTC],43.0007,A3_NW,2.55422635835199,-0.007869059156023437,0.0014188587597870439
73689.0,62410,STARLINK-11493 [DTC],43.0007,A3_NW,1.9455499413965247,-0.008077618046517486,0.00150158593600352
73690.0,62410,STARLINK-11493 [DTC],43.0007,A3_NW,1.3397346299547344,-0.00829118706576677,0.0015877719333740818
73691.0,62410,STARLINK-11493 [DTC],43.0007,A3_NW,0.7722073216954727,-0.008509762877823245,0.001677518045690295
73692.0,62410,STARLINK-11493 [DTC],43.0007,A3_NW,0.4841378181045708,-0.00873329877135217,0.001770911865930024
73693.0,62410,STARLINK-11493 [DTC],43.0007,A3_NW,0.8693527873557949,-0.008961755712241814,0.0018680481246850322
73694.0,62410,STARLINK-11493 [DTC],43.0007,A3_NW,1.4862641510103394,-0.009195065598730146,0.0019690134977157245
73695.0,62410,STARLINK-11493 [DTC],43.0007,A3_NW,2.155079828597611,-0.009433138121375678,0.002073889165981673
73696.0,62410,STARLINK-11493 [DTC],43.0007,A3_NW,2.8485317367380367,-0.009675858833255549,0.002182749747218937
73697.0,62410,STARLINK-11493 [DTC],43.0007,A3_NW,3.559816529794099,-0.009923087214705232,0.002295662149572597
73698.0,62410,STARLINK-11493 [DTC],43.0007,A3_NW,4.2865987977053255,-0.010174664878849377,0.002412689127015541
73857.0,60995,STARLINK-11269 [DTC],53.1584,A1_NE,4.361287827893864,-0.011697807536841688,0.010067609472760496
73858.0,60995,STARLINK-11269 [DTC],53.1584,A1_NE,3.661780391234758,-0.011602164153430369,0.0101882737655596
73859.0,60995,STARLINK-11269 [DTC],53.1584,A1_NE,3.0589521083927784,-0.011498655005297169,0.01030211393433158
73860.0,60995,STARLINK-11269 [DTC],53.1584,A1_NE,2.620660972854127,-0.011387490188080376,0.010408902850695739
73861.0,60995,STARLINK-11269 [DTC],53.1584,A1_NE,2.437069844461513,-0.011268900299717069,0.01050844129180498
73862.0,60995,STARLINK-11269 [DTC],53.1584,A1_NE,2.5627209437316374,-0.011143154423683072,0.010600543284916658
73863.0,60995,STARLINK-11269 [DTC],53.1584,A1_NE,2.957318982590003,-0.01101052993298877,0.01068506101439839
73864.0,60995,STARLINK-11269 [DTC],53.1584,A1_NE,3.5305105743324035,-0.010871329554715814,0.01076186916086422
73865.0,60995,STARLINK-11269 [DTC],53.1584,A1_NE,4.208545509947028,-0.01072587488350047,0.010830869496952179
73866.0,60995,STARLINK-11269 [DTC],53.1584,A1_NE,4.947045975879025,-0.010574504382568106,0.010891991112003603
73898.0,63141,STARLINK-11522 [DTC],43.0009,A2_S,4.509115285294527,-0.014422703237681413,-0.005520612322407575
73899.0,63141,STARLINK-11522 [DTC],43.0009,A2_S,3.8876725403148082,-0.014598299847993778,-0.005719230284702779
73900.0,63141,STARLINK-11522 [DTC],43.0009,A2_S,3.4075875311935326,-0.0147657630045143,-0.005918887691890675
73901.0,63141,STARLINK-11522 [DTC],43.0009,A2_S,3.143298430462366,-0.014924417498237148,-0.006119139551789286
73902.0,63141,STARLINK-11522 [DTC],43.0009,A2_S,3.1580568743992954,-0.01507359566270943,-0.006319516148976506
73903.0,63141,STARLINK-11522 [DTC],43.0009,A2_S,3.455678273962069,-0.015212642488085524,-0.006519524976089485
73904.0,63141,STARLINK-11522 [DTC],43.0009,A2_S,3.9791956345135278,-0.015340920945868355,-0.0067186530530495125
73905.0,63141,STARLINK-11522 [DTC],43.0009,A2_S,4.657876304667967,-0.015457817440981186,-0.006916369594979492
74008.0,61687,STARLINK-11335 [DTC],53.1588,A3_NW,4.966196862430035,-0.00993519294124369,-0.010401674699942893
74009.0,61687,STARLINK-11335 [DTC],53.1588,A3_NW,4.14536463055948,-0.010081884686223315,-0.010347063418505466
74010.0,61687,STARLINK-11335 [DTC],53.1588,A3_NW,3.326455813906629,-0.010223822284830458,-0.010285581330261364
74011.0,61687,STARLINK-11335 [DTC],53.1588,A3_NW,2.5141943639876,-0.010360713871577349,-0.010217271959418989
74012.0,61687,STARLINK-11335 [DTC],53.1588,A3_NW,1.7216973510955058,-0.010492272789486263,-0.01014220244871403
74013.0,61687,STARLINK-11335 [DTC],53.1588,A3_NW,1.0025179752269817,-0.010618225163225593,-0.010060461455651792
74014.0,61687,STARLINK-11335 [DTC],53.1588,A3_NW,0.672295823866256,-0.010738311429634629,-0.009972158954868672
74015.0,61687,STARLINK-11335 [DTC],53.1588,A3_NW,1.1451212773564157,-0.010852287780560122,-0.009877425884413782
74016.0,61687,STARLINK-11335 [DTC],53.1588,A3_NW,1.8939513667290468,-0.010959927520719615,-0.009776413638536902
74017.0,61687,STARLINK-11335 [DTC],53.1588,A3_NW,2.6983760102555303,-0.011061026226723239,-0.0096692889798953
74018.0,61687,STARLINK-11335 [DTC],53.1588,A3_NW,3.520389889442216,-0.011155386868698816,-0.009556250724115119
74019.0,61687,STARLINK-11335 [DTC],53.1588,A3_NW,4.349743608869661,-0.011242845206050225,-0.00943750292910668
75180.0,62413,STARLINK-11441 [DTC],43.0031,A2_S,4.892595314514211,-0.015391834319710786,0.006585956572419875
75181.0,62413,STARLINK-11441 [DTC],43.0031,A2_S,4.807371722191491,-0.015237552002295481,0.006383500253115853
75182.0,62413,STARLINK-11441 [DTC],43.0031,A2_S,4.91910994617447,-0.015073087935081818,0.006180749169356855
75319.0,62879,STARLINK-11371 [DTC],43.0024,A1_NE,4.623431125892895,-0.01152222130321468,0.006976306400785727
75320.0,62879,STARLINK-11371 [DTC],43.0024,A1_NE,4.292313741588253,-0.011359164399542201,0.007029824622379019
75321.0,62879,STARLINK-11371 [DTC],43.0024,A1_NE,4.087075624451618,-0.011192759396354675,0.007078159787004716
75322.0,62879,STARLINK-11371 [DTC],43.0024,A1_NE,4.0240187488286345,-0.01102332944973664,0.007121351457080765
75323.0,62879,STARLINK-11371 [DTC],43.0024,A1_NE,4.10663635682888,-0.010851215702031564,0.007159447444360089
75324.0,62879,STARLINK-11371 [DTC],43.0024,A1_NE,4.323565748746439,-0.010676735061683942,0.00719251349587609
75325.0,62879,STARLINK-11371 [DTC],43.0024,A1_NE,4.653171212608261,-0.010500206136398975,0.007220625356971691
75451.0,62012,STARLINK-11363 [DTC],53.1574,A2_S,4.878814725893925,-0.010858954623392359,-0.0071553293862703276
75452.0,62012,STARLINK-11363 [DTC],53.1574,A2_S,4.0394795894339754,-0.011036522214690961,-0.00738821458984128
75453.0,62012,STARLINK-11363 [DTC],53.1574,A2_S,3.1881079770778658,-0.011211522685646244,-0.007624624003566198
75454.0,62012,STARLINK-11363 [DTC],53.1574,A2_S,2.3249761011711896,-0.011383451985221393,-0.00786423071070417
75455.0,62012,STARLINK-11363 [DTC],53.1574,A2_S,1.4508883923642806,-0.01155178518074388,-0.008106671656005919
75456.0,62012,STARLINK-11363 [DTC],53.1574,A2_S,0.5711132905601713,-0.01171598472343089,-0.008351556907730576
75457.0,62012,STARLINK-11363 [DTC],53.1574,A2_S,0.36392303193579406,-0.011875476331618602,-0.00859842985141187
75458.0,62012,STARLINK-11363 [DTC],53.1574,A2_S,1.2597781497122225,-0.012029691146272895,-0.008846826347982915
75459.0,62012,STARLINK-11363 [DTC],53.1574,A2_S,2.18007180877833,-0.012178041981776053,-0.009096235807813616
75460.0,62012,STARLINK-11363 [DTC],53.1574,A2_S,3.113099117435058,-0.012319933262984552,-0.009346111819240572
75461.0,62012,STARLINK-11363 [DTC],53.1574,A2_S,4.057569708554526,-0.012454764621828976,-0.009595873399338602
75795.0,62891,STARLINK-11435 [DTC],43.0004,A1_NE,4.573594155062935,-0.01309202675412699,0.007488134930746335
75796.0,62891,STARLINK-11435 [DTC],43.0004,A1_NE,3.81296920937971,-0.012916380575559213,0.007554787331181863
75797.0,62891,STARLINK-11435 [DTC],43.0004,A1_NE,3.1152537639139033,-0.012734916178963124,0.0076148892206421995
75798.0,62891,STARLINK-11435 [DTC],43.0004,A1_NE,2.5277677657254114,-0.012548113477563388,0.007668451441163223
75799.0,62891,STARLINK-11435 [DTC],43.0004,A1_NE,2.1363998160484448,-0.01235643415794293,0.007715514285593134
75800.0,62891,STARLINK-11435 [DTC],43.0004,A1_NE,2.0489181936037344,-0.012160348045773902,0.00775613656789559
75801.0,62891,STARLINK-11435 [DTC],43.0004,A1_NE,2.2932553291265245,-0.0119603234238707,0.007790397058459454
75802.0,62891,STARLINK-11435 [DTC],43.0004,A1_NE,2.7773004604558102,-0.011756824644032281,0.007818393269030428
75803.0,62891,STARLINK-11435 [DTC],43.0004,A1_NE,3.395024864663161,-0.011550309907786289,0.007840240153176246
75804.0,62891,STARLINK-11435 [DTC],43.0004,A1_NE,4.08184470601017,-0.011341220748029195,0.007856069259618183
75805.0,62891,STARLINK-11435 [DTC],43.0004,A1_NE,4.804327543434385,-0.011130013884434981,0.007866025015750228
75864.0,63132,STARLINK-11609 [DTC],43.0007,A1_NE,4.722336053847337,-0.01010340379388105,-0.0018311922067642398
75865.0,63132,STARLINK-11609 [DTC],43.0007,A1_NE,4.117119316748736,-0.009865139649254081,-0.001723546971564109
75866.0,63132,STARLINK-11609 [DTC],43.0007,A1_NE,3.560720515005816,-0.009630701880720688,-0.0016199587716384848
75867.0,63132,STARLINK-11609 [DTC],43.0007,A1_NE,3.071410387817849,-0.009400251808666518,-0.0015203533050097365
75868.0,63132,STARLINK-11609 [DTC],43.0007,A1_NE,2.6768806972606773,-0.00917392607998718,-0.001424649393200034
75869.0,63132,STARLINK-11609 [DTC],43.0007,A1_NE,2.413971639797132,-0.008951838322281802,-0.0013327600472159754
75870.0,63132,STARLINK-11609 [DTC],43.0007,A1_NE,2.3177658861158714,-0.008734080764975682,-0.0012445934534163617
75871.0,63132,STARLINK-11609 [DTC],43.0007,A1_NE,2.3990540957759934,-0.00852071735155613,-0.0011600505553438
75872.0,63132,STARLINK-11609 [DTC],43.0007,A1_NE,2.6333467920771656,-0.00831181943558726,-0.0010790393436471916
75873.0,63132,STARLINK-11609 [DTC],43.0007,A1_NE,2.9778911863568207,-0.008107415765579678,-0.0010014552132985616
75874.0,63132,STARLINK-11609 [DTC],43.0007,A1_NE,3.3934715862832605,-0.007907528450051724,-0.000927195400104698
75875.0,63132,STARLINK-11609 [DTC],43.0007,A1_NE,3.8522399824838693,-0.007712165651972211,-0.0008561561265203687
75876.0,63132,STARLINK-11609 [DTC],43.0007,A1_NE,4.336298689714604,-0.007521322882860806,-0.0007882331563385599
75877.0,63132,STARLINK-11609 [DTC],43.0007,A1_NE,4.834428783605009,-0.007334984249396067,-0.000723322290938356
76636.0,62885,STARLINK-11442 [DTC],43.0013,A3_NW,4.896387692202534,-0.007232642338984372,0.0008256750858492862
76637.0,62885,STARLINK-11442 [DTC],43.0013,A3_NW,4.3478116040667745,-0.007420481027999726,0.0008917907986790381
76638.0,62885,STARLINK-11442 [DTC],43.0013,A3_NW,3.7983550932791545,-0.007613040163023779,0.000960952636020899
76639.0,62885,STARLINK-11442 [DTC],43.0013,A3_NW,3.2530513485516743,-0.007810348009298792,0.0010332671363832621
76640.0,62885,STARLINK-11442 [DTC],43.0013,A3_NW,2.721249704000659,-0.008012421629476919,0.0011088409900786756
76641.0,62885,STARLINK-11442 [DTC],43.0013,A3_NW,2.2214641591725677,-0.008219265601127825,0.0011877805376817666
76642.0,62885,STARLINK-11442 [DTC],43.0013,A3_NW,1.7921880378251007,-0.008430870625958632,0.0012701912016920463
76643.0,62885,STARLINK-11442 [DTC],43.0013,A3_NW,1.5094544459818844,-0.008647220901208714,0.0013561803880437545
76644.0,62885,STARLINK-11442 [DTC],43.0013,A3_NW,1.4759404368997966,-0.00886825755532225,0.0014458427953515298
76645.0,62885,STARLINK-11442 [DTC],43.0013,A3_NW,1.7196884238301968,-0.00909392929324596,0.001539280386549294
76646.0,62885,STARLINK-11442 [DTC],43.0013,A3_NW,2.159299846160796,-0.009324156099937376,0.0016365878393411284
76647.0,62885,STARLINK-11442 [DTC],43.0013,A3_NW,2.709838166346488,-0.009558836115799897,0.0017378549902671869
76648.0,62885,STARLINK-11442 [DTC],43.0013,A3_NW,3.3241670846656524,-0.009797843875866036,0.0018431658122256063
76649.0,62885,STARLINK-11442 [DTC],43.0013,A3_NW,3.9794105576004593,-0.010041028483697924,0.0019525973025305082
76650.0,62885,STARLINK-11442 [DTC],43.0013,A3_NW,4.664181565726974,-0.010288221815428824,0.0020662229482380848
76704.0,63135,STARLINK-11610 [DTC],43.0014,A3_NW,4.856207322279574,-0.012085758227346298,-0.008060316141326244
76705.0,63135,STARLINK-11610 [DTC],43.0014,A3_NW,4.503306013468051,-0.01230249308360242,-0.008038322996440046
76706.0,63135,STARLINK-11610 [DTC],43.0014,A3_NW,4.2952936122355165,-0.012515475308460347,-0.008009612290977203
76707.0,63135,STARLINK-11610 [DTC],43.0014,A3_NW,4.257901528808948,-0.012724177834442605,-0.007974059968230762
76708.0,63135,STARLINK-11610 [DTC],43.0014,A3_NW,4.39957602791795,-0.012928068608054823,-0.007931562854437135
76709.0,63135,STARLINK-11610 [DTC],43.0014,A3_NW,4.70780707527515,-0.013126621335333917,-0.007882038041170904
76834.0,63319,STARLINK-11588 [DTC],43.0031,A2_S,4.969467501922205,-0.013903193767482714,-0.005176815987147018
76835.0,63319,STARLINK-11588 [DTC],43.0031,A2_S,4.807679741622704,-0.014030904668662301,-0.005370291265335017
76836.0,63319,STARLINK-11588 [DTC],43.0031,A2_S,4.807203980539908,-0.014150641848946283,-0.0055647804479775865
76837.0,63319,STARLINK-11588 [DTC],43.0031,A2_S,4.972304616455436,-0.014261925482146541,-0.005759905567967855
77134.0,61581,STARLINK-11374 [DTC],53.1594,A1_NE,4.822199099720881,-0.010580148754627568,0.009089690042504636
77135.0,61581,STARLINK-11374 [DTC],53.1594,A1_NE,4.364872874861353,-0.010486321610028056,0.009192936496478918
77136.0,61581,STARLINK-11374 [DTC],53.1594,A1_NE,4.016361646302551,-0.0103868342088968,0.00929102094272424
77137.0,61581,STARLINK-11374 [DTC],53.1594,A1_NE,3.8065413917103967,-0.010281858463242009,0.009383791430840314
77138.0,61581,STARLINK-11374 [DTC],53.1594,A1_NE,3.7583394613529135,-0.010171580684682779,0.009471111095606968
77139.0,61581,STARLINK-11374 [DTC],53.1594,A1_NE,3.8771968917889996,-0.010056200664368938,0.00955285871045007
77140.0,61581,STARLINK-11374 [DTC],53.1594,A1_NE,4.148028812387251,-0.009935925758213017,0.009628932082588033
77141.0,61581,STARLINK-11374 [DTC],53.1594,A1_NE,4.542831250915101,-0.009810989369434841,0.009699236381273157
77184.0,63136,STARLINK-11613 [DTC],42.9985,A3_NW,4.970002960337747,-0.010353944772537638,-0.007481422566795031
77185.0,63136,STARLINK-11613 [DTC],42.9985,A3_NW,4.301427376517755,-0.010544815499094556,-0.007467785750629065
77186.0,63136,STARLINK-11613 [DTC],42.9985,A3_NW,3.664373277944311,-0.010734248321491627,-0.007449073759122954
77187.0,63136,STARLINK-11613 [DTC],42.9985,A3_NW,3.083597887881797,-0.010921902630364978,-0.007425169445475873
77188.0,63136,STARLINK-11613 [DTC],42.9985,A3_NW,2.6030715117351875,-0.011107429001789546,-0.00739596668946206
77189.0,63136,STARLINK-11613 [DTC],42.9985,A3_NW,2.293445194669193,-0.01129047038024669,-0.007361371419203863
77190.0,63136,STARLINK-11613 [DTC],42.9985,A3_NW,2.2336975265609067,-0.011470663413607966,-0.0073213026067342046
77191.0,63136,STARLINK-11613 [DTC],42.9985,A3_NW,2.4479711498701446,-0.011647639888892324,-0.007275693224581835
77192.0,63136,STARLINK-11613 [DTC],42.9985,A3_NW,2.880338110094193,-0.011821035191629454,-0.007224488978288228
77193.0,63136,STARLINK-11613 [DTC],42.9985,A3_NW,3.453425049332221,-0.011990462177747171,-0.007167657617300973
77194.0,63136,STARLINK-11613 [DTC],42.9985,A3_NW,4.11171265252053,-0.01215555480391549,-0.007105177347687456
77195.0,63136,STARLINK-11613 [DTC],42.9985,A3_NW,4.822768500996213,-0.012315941892208707,-0.00703704552944131
77686.0,62011,STARLINK-11330 [DTC],53.1571,A3_NW,4.70180927051892,-0.00982764603500986,-0.009658783765668404
77687.0,62011,STARLINK-11330 [DTC],53.1571,A3_NW,4.36428056183883,-0.009951287533630214,-0.009586633093621927
77688.0,62011,STARLINK-11330 [DTC],53.1571,A3_NW,4.152346310603149,-0.01007023115032904,-0.009508770609013175
77689.0,62011,STARLINK-11330 [DTC],53.1571,A3_NW,4.086525699057888,-0.010184261632577405,-0.009425286136181776
77690.0,62011,STARLINK-11330 [DTC],53.1571,A3_NW,4.174441925128456,-0.010293161660066925,-0.00933629589308166
77691.0,62011,STARLINK-11330 [DTC],53.1571,A3_NW,4.4073609689552145,-0.010396740415744496,-0.009241921960931258
77692.0,62011,STARLINK-11330 [DTC],53.1571,A3_NW,4.764303334884141,-0.010494815986662801,-0.009142305021948953
78404.0,61578,STARLINK-11285 [DTC],53.1586,A3_NW,4.523283006057832,-0.004658310751805858,0.004143781555193198
78405.0,61578,STARLINK-11285 [DTC],53.1586,A3_NW,3.9934893142745835,-0.0047945987534466356,0.004273796800294171
78406.0,61578,STARLINK-11285 [DTC],53.1586,A3_NW,3.461170238887649,-0.004935077799998178,0.004408013819402201
78407.0,61578,STARLINK-11285 [DTC],53.1586,A3_NW,2.930764710692454,-0.0050798342730769335,0.0045465303700925035
78408.0,61578,STARLINK-11285 [DTC],53.1586,A3_NW,2.4109446375030106,-0.0052289562261640075,0.004689446615815467
78409.0,61578,STARLINK-11285 [DTC],53.1586,A3_NW,1.9202163167032233,-0.005382508299643678,0.004836841102160591
78410.0,61578,STARLINK-11285 [DTC],53.1586,A3_NW,1.5007576803183973,-0.005540566732297773,0.00498880431787428
78411.0,61578,STARLINK-11285 [DTC],53.1586,A3_NW,1.2445555862397621,-0.005703194465985158,0.0051454148529954035
78412.0,61578,STARLINK-11285 [DTC],53.1586,A3_NW,1.2728714775090242,-0.005870445885152657,0.005306743940306136
78413.0,61578,STARLINK-11285 [DTC],53.1586,A3_NW,1.5846472384371793,-0.006042365561728498,0.005472854239731257
78414.0,61578,STARLINK-11285 [DTC],53.1586,A3_NW,2.066060938213748,-0.006218986870128572,0.005643798514761241
78415.0,61578,STARLINK-11285 [DTC],53.1586,A3_NW,2.6347118987977374,-0.006400330544519762,0.0058196182132080965
78416.0,61578,STARLINK-11285 [DTC],53.1586,A3_NW,3.2529420928904544,-0.00658641068123779,0.006000349305544621
78417.0,61578,STARLINK-11285 [DTC],53.1586,A3_NW,3.90400294516197,-0.006777202946225887,0.006185991370514414
78418.0,61578,STARLINK-11285 [DTC],53.1586,A3_NW,4.579945355646606,-0.0069726877345071435,0.0063765494843071235
78672.0,62887,STARLINK-11436 [DTC],43.001,A2_S,4.8639066931521,-0.015272515772079031,0.006945126235866859
78673.0,62887,STARLINK-11436 [DTC],43.001,A2_S,3.8897141646883364,-0.015182885270389508,0.006748236445034606
78674.0,62887,STARLINK-11436 [DTC],43.001,A2_S,2.9224578434600037,-0.01508173584222747,0.00654965346186325
78675.0,62887,STARLINK-11436 [DTC],43.001,A2_S,1.962535546273131,-0.01496957403234887,0.006349888334025402
78676.0,62887,STARLINK-11436 [DTC],43.001,A2_S,1.0104767953418081,-0.014846948919143026,0.006149462030955796
78677.0,62887,STARLINK-11436 [DTC],43.001,A2_S,0.06935181626031325,-0.014714420215105937,0.0059488544461548535
78678.0,62887,STARLINK-11436 [DTC],43.001,A2_S,0.869515811777391,-0.014572571118268643,0.005748534067105126
78679.0,62887,STARLINK-11436 [DTC],43.001,A2_S,1.7960821871919852,-0.01442199932799111,0.005548947852799167
78680.0,62887,STARLINK-11436 [DTC],43.001,A2_S,2.713592625817023,-0.014263312482412988,0.005350519440502298
78681.0,62887,STARLINK-11436 [DTC],43.001,A2_S,3.621696045095506,-0.014097123788831973,0.005153647698552896
78682.0,62887,STARLINK-11436 [DTC],43.001,A2_S,4.520154010900349,-0.013924040777288408,0.004958697790398102
78784.0,63015,STARLINK-11541 [DTC],43.0012,A1_NE,4.314652063328211,-0.012817163327375192,0.00730505029721352
78785.0,63015,STARLINK-11541 [DTC],43.0012,A1_NE,3.462548629645406,-0.012648172794587053,0.007374145743050664
78786.0,63015,STARLINK-11541 [DTC],43.0012,A1_NE,2.6161028381373885,-0.012473745280810786,0.007437035131593508
78787.0,63015,STARLINK-11541 [DTC],43.0012,A1_NE,1.7765390807558317,-0.01229432142256649,0.007493718939422353
78788.0,63015,STARLINK-11541 [DTC],43.0012,A1_NE,0.9479960568679813,-0.012110324114132107,0.007544225653322228
78789.0,63015,STARLINK-11541 [DTC],43.0012,A1_NE,0.2086660676688866,-0.01192218408873055,0.007588600557250929
78790.0,63015,STARLINK-11541 [DTC],43.0012,A1_NE,0.7488843170894371,-0.011730330800746848,0.007626907437868056
78791.0,63015,STARLINK-11541 [DTC],43.0012,A1_NE,1.555431518700985,-0.011535190340092726,0.0076592275410130705
78792.0,63015,STARLINK-11541 [DTC],43.0012,A1_NE,2.363625097963394,-0.011337183458436002,0.007685658450270289
78793.0,63015,STARLINK-11541 [DTC],43.0012,A1_NE,3.1669152964292855,-0.011136723767304207,0.007706312903215663
78794.0,63015,STARLINK-11541 [DTC],43.0012,A1_NE,3.963961952983498,-0.010934207856489773,0.007721318051854269
78795.0,63015,STARLINK-11541 [DTC],43.0012,A1_NE,4.754139991481091,-0.010730046463983114,0.007730812013182562
78809.0,63313,STARLINK-11648 [DTC],43.0002,A1_NE,4.827488927474194,-0.009909929329250403,-0.002834912812096778
78810.0,63313,STARLINK-11648 [DTC],43.0002,A1_NE,4.28342092063864,-0.009653395196813712,-0.0027142417497292457
78811.0,63313,STARLINK-11648 [DTC],43.0002,A1_NE,3.811598794615607,-0.009401809301358748,-0.0025975886751563575
78812.0,63313,STARLINK-11648 [DTC],43.0002,A1_NE,3.433496823952822,-0.009155311779477501,-0.0024849058159200563
78813.0,63313,STARLINK-11648 [DTC],43.0002,A1_NE,3.173957189637772,-0.008914014370942433,-0.0023761357848477763
78814.0,63313,STARLINK-11648 [DTC],43.0002,A1_NE,3.054514210123078,-0.008678002636734619,-0.002271212855697455
78815.0,63313,STARLINK-11648 [DTC],43.0002,A1_NE,3.083101576804571,-0.008447338139312593,-0.0021700641555860148
78816.0,63313,STARLINK-11648 [DTC],43.0002,A1_NE,3.248211975275181,-0.008222051566972498,-0.002072606918434288
78817.0,63313,STARLINK-11648 [DTC],43.0002,A1_NE,3.5239863805758502,-0.00800218078375775,-0.0019787650362112327
78818.0,63313,STARLINK-11648 [DTC],43.0002,A1_NE,3.8810683522915626,-0.007787718356124414,-0.0018884464696315132
78819.0,63313,STARLINK-11648 [DTC],43.0002,A1_NE,4.294156640006429,-0.007578649821296692,-0.001801559923414696
78820.0,63313,STARLINK-11648 [DTC],43.0002,A1_NE,4.744247908748017,-0.007374946234448046,-0.001718011622469501
78888.0,63312,STARLINK-11650 [DTC],43.0011,A1_NE,4.425433779241766,-0.010100840793893144,-0.002628702935535232
78889.0,63312,STARLINK-11650 [DTC],43.0011,A1_NE,3.7556571814866593,-0.009845304103858135,-0.0025090960454712073
78890.0,63312,STARLINK-11650 [DTC],43.0011,A1_NE,3.126864054694085,-0.00959439420221193,-0.0023935819510914965
78891.0,63312,STARLINK-11650 [DTC],43.0011,A1_NE,2.558235560786415,-0.009348291254946375,-0.0022821171285180735
78892.0,63312,STARLINK-11650 [DTC],43.0011,A1_NE,2.0859874195619774,-0.009107116252785213,-0.0021746345603396193
78893.0,63312,STARLINK-11650 [DTC],43.0011,A1_NE,1.7731981799939627,-0.008870973736818555,-0.0020710637688712047
78894.0,63312,STARLINK-11650 [DTC],43.0011,A1_NE,1.694636284476431,-0.008639943675904907,-0.001971327274366092
78895.0,63312,STARLINK-11650 [DTC],43.0011,A1_NE,1.8666835722873738,-0.008414083518915703,-0.001875341702505387
78896.0,63312,STARLINK-11650 [DTC],43.0011,A1_NE,2.221435094547999,-0.008193430120752498,-0.0017830187971716886
78897.0,63312,STARLINK-11650 [DTC],43.0011,A1_NE,2.678969913359386,-0.007978001636294524,-0.0016942663552271095
78898.0,63312,STARLINK-11650 [DTC],43.0011,A1_NE,3.1885913915723143,-0.007767790945022981,-0.0016089857121599485
78899.0,63312,STARLINK-11650 [DTC],43.0011,A1_NE,3.7233354674725447,-0.007562800938987412,-0.0015270860931424265
78900.0,63312,STARLINK-11650 [DTC],43.0011,A1_NE,4.269087401431682,-0.007362995398619764,-0.0014484647295696083
78901.0,63312,STARLINK-11650 [DTC],43.0011,A1_NE,4.818121805250855,-0.007168334503964101,-0.0013730213380073629
79283.0,63316,STARLINK-11645 [DTC],43.0031,A1_NE,4.7402979589634215,-0.009310449747809755,-0.001086802153881215
79284.0,63316,STARLINK-11645 [DTC],43.0031,A1_NE,4.550337355896417,-0.009091599341180503,-0.0009982655471229454
79285.0,63316,STARLINK-11645 [DTC],43.0031,A1_NE,4.452137718688166,-0.00887677395151503,-0.00091349258010264
79286.0,63316,STARLINK-11645 [DTC],43.0031,A1_NE,4.4468933461201345,-0.008666057993234288,-0.0008323810104171466
79287.0,63316,STARLINK-11645 [DTC],43.0031,A1_NE,4.530303012739189,-0.008459517878400661,-0.0007548259713605439
79288.0,63316,STARLINK-11645 [DTC],43.0031,A1_NE,4.693345464915183,-0.00825720340400789,-0.0006807207021469479
79289.0,63316,STARLINK-11645 [DTC],43.0031,A1_NE,4.924176463845456,-0.008059149101346157,-0.0006099572101239706
79707.0,61245,STARLINK-11280 [DTC],53.1586,A1_NE,4.935571623617111,-0.007058280081944563,-0.00656232735707018
79708.0,61245,STARLINK-11280 [DTC],53.1586,A1_NE,4.23313006072237,-0.006859502766420585,-0.006367664050068065
79709.0,61245,STARLINK-11280 [DTC],53.1586,A1_NE,3.5487101524130575,-0.006665447408104192,-0.006177903045213263
79710.0,61245,STARLINK-11280 [DTC],53.1586,A1_NE,2.885283301119569,-0.006476150454834667,-0.005993060286666026
79711.0,61245,STARLINK-11280 [DTC],53.1586,A1_NE,2.2492644080392084,-0.006291629537022092,-0.005813134078431305
79712.0,61245,STARLINK-11280 [DTC],53.1586,A1_NE,1.6564114396946008,-0.006111885317717084,-0.005638106905890826
79713.0,61245,STARLINK-11280 [DTC],53.1586,A1_NE,1.1523191279848393,-0.005936903210199047,-0.005467947147782952
79714.0,61245,STARLINK-11280 [DTC],53.1586,A1_NE,0.873569542423816,-0.005766648286226988,-0.005302604137905013
79715.0,61245,STARLINK-11280 [DTC],53.1586,A1_NE,1.001570385803523,-0.0056010940139835826,-0.005142036083383309
79716.0,61245,STARLINK-11280 [DTC],53.1586,A1_NE,1.4154133047839794,-0.005440182597934424,-0.004986171556724691
79717.0,61245,STARLINK-11280 [DTC],53.1586,A1_NE,1.929082423775308,-0.005283853916317317,-0.004834937595471672
79718.0,61245,STARLINK-11280 [DTC],53.1586,A1_NE,2.473137914699463,-0.0051320397966895465,-0.004688254146018542
79719.0,61245,STARLINK-11280 [DTC],53.1586,A1_NE,3.024858542939112,-0.004984665175600364,-0.004546035164211819
79720.0,61245,STARLINK-11280 [DTC],53.1586,A1_NE,3.575533384936582,-0.004841649124356848,-0.004408189614800421
79721.0,61245,STARLINK-11280 [DTC],53.1586,A1_NE,4.121327136119635,-0.004702900327231404,-0.004274617098020582
79722.0,61245,STARLINK-11280 [DTC],53.1586,A1_NE,4.660314945367477,-0.004568340099818231,-0.004145229998119586
80142.0,63012,STARLINK-11449 [DTC],43.0004,A3_NW,4.601748953035815,-0.007147735361620315,0.0013238347366822988
80143.0,63012,STARLINK-11449 [DTC],43.0004,A3_NW,4.046857540835396,-0.007338616575831144,0.0013974481885229853
80144.0,63012,STARLINK-11449 [DTC],43.0004,A3_NW,3.49254239418829,-0.00753443911940204,0.0014741442375349055
80145.0,63012,STARLINK-11449 [DTC],43.0004,A3_NW,2.945523979001603,-0.007735220914589052,0.0015540127039347363
80146.0,63012,STARLINK-11449 [DTC],43.0004,A3_NW,2.418803700429886,-0.007940991698687597,0.0016371516108307819
80147.0,63012,STARLINK-11449 [DTC],43.0004,A3_NW,1.9395917008937351,-0.00815176029853132,0.0017236543844324425
80148.0,63012,STARLINK-11449 [DTC],43.0004,A3_NW,1.5661187583526466,-0.008367520939158353,0.0018136122281832657
80149.0,63012,STARLINK-11449 [DTC],43.0004,A3_NW,1.4024682756193128,-0.008588251674284463,0.0019071134028812056
80150.0,63012,STARLINK-11449 [DTC],43.0004,A3_NW,1.5331485654437895,-0.008813912725937836,0.0020042424326965442
80151.0,63012,STARLINK-11449 [DTC],43.0004,A3_NW,1.9108766457448862,-0.009044454146451691,0.0021050833721522676
80152.0,63012,STARLINK-11449 [DTC],43.0004,A3_NW,2.4329231900237023,-0.009279776685839826,0.002209702477879887
80153.0,63012,STARLINK-11449 [DTC],43.0004,A3_NW,3.0339710139846616,-0.009519785612022848,0.002318171524872094
80154.0,63012,STARLINK-11449 [DTC],43.0004,A3_NW,3.6826974038568605,-0.00976435185752084,0.0024305506208606473
80155.0,63012,STARLINK-11449 [DTC],43.0004,A3_NW,4.364168197690223,-0.010013319241815491,0.0025468910025962478
80195.0,63311,STARLINK-11589 [DTC],42.9988,A3_NW,4.581909439728848,-0.011011680542373017,-0.007819377691574272
80196.0,63311,STARLINK-11589 [DTC],42.9988,A3_NW,3.81541961975458,-0.011220276945690102,-0.0078087299927201625
80197.0,63311,STARLINK-11589 [DTC],42.9988,A3_NW,3.063043567370253,-0.011426865992254042,-0.007792315751821683
80198.0,63311,STARLINK-11589 [DTC],42.9988,A3_NW,2.346164371419116,-0.01163103132853971,-0.00776999288644369
80199.0,63311,STARLINK-11589 [DTC],42.9988,A3_NW,1.720366615090797,-0.011832338147024304,-0.0077416337470368685
80200.0,63311,STARLINK-11589 [DTC],42.9988,A3_NW,1.3349604943857651,-0.012030343367837142,-0.007707126156614059
80201.0,63311,STARLINK-11589 [DTC],42.9988,A3_NW,1.415963788251823,-0.012224597576241756,-0.007666374722300146
80202.0,63311,STARLINK-11589 [DTC],42.9988,A3_NW,1.9130689631303095,-0.012414647129867248,-0.00761930208532842
80203.0,63311,STARLINK-11589 [DTC],42.9988,A3_NW,2.6032690334683446,-0.012600043737543809,-0.007565847814960092
80204.0,63311,STARLINK-11589 [DTC],42.9988,A3_NW,3.3741084871692433,-0.012780317194717502,-0.007505978344285954
80205.0,63311,STARLINK-11589 [DTC],42.9988,A3_NW,4.184403007350324,-0.012955022634253148,-0.00743967503501729
80267.0,63673,STARLINK-11634 [DTC],43.0013,A2_S,4.643994519422471,-0.013908252393937932,-0.004875403964091598
80268.0,63673,STARLINK-11634 [DTC],43.0013,A2_S,3.8044395563148004,-0.014077002478774145,-0.005071816735859412
80269.0,63673,STARLINK-11634 [DTC],43.0013,A2_S,2.988531911636035,-0.014238823616910657,-0.005270279455044317
80270.0,63673,STARLINK-11634 [DTC],43.0013,A2_S,2.234297198384011,-0.014393120727216933,-0.005470431518603273
80271.0,63673,STARLINK-11634 [DTC],43.0013,A2_S,1.645560526057861,-0.014539282367622131,-0.0056718620945880914
80272.0,63673,STARLINK-11634 [DTC],43.0013,A2_S,1.4589040086661547,-0.0146767220778559,-0.005874159548507715
80273.0,63673,STARLINK-11634 [DTC],43.0013,A2_S,1.8170650582810144,-0.014804857484388733,-0.006076880682718842
80274.0,63673,STARLINK-11634 [DTC],43.0013,A2_S,2.5047456864738264,-0.01492312110294587,-0.006279560485502068
80275.0,63673,STARLINK-11634 [DTC],43.0013,A2_S,3.3298606867905534,-0.0150309649019652,-0.006481714186534309
80276.0,63673,STARLINK-11634 [DTC],43.0013,A2_S,4.2172500992459545,-0.015127864936514133,-0.006682839633300441
80843.0,61050,STARLINK-11286 [DTC],53.1589,A1_NE,4.283870134772173,-0.011553665953532133,0.009817113672098202
80844.0,61050,STARLINK-11286 [DTC],53.1589,A1_NE,3.4765271223654017,-0.011462751328324314,0.009938455714626569
80845.0,61050,STARLINK-11286 [DTC],53.1589,A1_NE,2.707097876409983,-0.011364285409477442,0.010053436698475646
80846.0,61050,STARLINK-11286 [DTC],53.1589,A1_NE,2.0199970209794147,-0.011258457066557849,0.010161831532213493
80847.0,61050,STARLINK-11286 [DTC],53.1589,A1_NE,1.5304109526800749,-0.011145478962116174,0.01026343663517192
80848.0,61050,STARLINK-11286 [DTC],53.1589,A1_NE,1.452949656226374,-0.011025581395305099,0.010358074666224668
80849.0,61050,STARLINK-11286 [DTC],53.1589,A1_NE,1.8390096759719885,-0.010899030532491872,0.010445580462820125
80850.0,61050,STARLINK-11286 [DTC],53.1589,A1_NE,2.479343853784604,-0.01076609793701984,0.010525824600938979
80851.0,61050,STARLINK-11286 [DTC],53.1589,A1_NE,3.2243650391064462,-0.010627077953440698,0.010598698392584108
80852.0,61050,STARLINK-11286 [DTC],53.1589,A1_NE,4.014674795451325,-0.010482281282348087,0.010664118160865491
80853.0,61050,STARLINK-11286 [DTC],53.1589,A1_NE,4.826548790976747,-0.01033203311254387,0.01072202536950111
80980.0,61243,STARLINK-11300 [DTC],53.1603,A3_NW,4.50325437875636,-0.010145444565638087,-0.010511898762835285
80981.0,61243,STARLINK-11300 [DTC],53.1603,A3_NW,3.6613792819212025,-0.010292064903513934,-0.010453288327183731
80982.0,61243,STARLINK-11300 [DTC],53.1603,A3_NW,2.8170670780032516,-0.01043356101543426,-0.010387563175128308
80983.0,61243,STARLINK-11300 [DTC],53.1603,A3_NW,1.970843112328513,-0.01056961654803429,-0.01031478748255938
80984.0,61243,STARLINK-11300 [DTC],53.1603,A3_NW,1.1235371420016174,-0.010699945379498265,-0.010235040582396673
80985.0,61243,STARLINK-11300 [DTC],53.1603,A3_NW,0.28250592982101014,-0.010824270300652389,-0.010148427121203136
80986.0,61243,STARLINK-11300 [DTC],53.1603,A3_NW,0.58650074170041,-0.010942330385177156,-0.010055074250822728
80987.0,61243,STARLINK-11300 [DTC],53.1603,A3_NW,1.4352324107163605,-0.011053882494868224,-0.00995513115498483
80988.0,61243,STARLINK-11300 [DTC],53.1603,A3_NW,2.286972087409308,-0.01115870264066871,-0.009848768408138356
80989.0,61243,STARLINK-11300 [DTC],53.1603,A3_NW,3.139363513808989,-0.011256591029635924,-0.009736172521573256
80990.0,61243,STARLINK-11300 [DTC],53.1603,A3_NW,3.991692496688945,-0.011347357684295482,-0.009617563360594805
80991.0,61243,STARLINK-11300 [DTC],53.1603,A3_NW,4.843559656802306,-0.011430847025378757,-0.009493165853483221
81801.0,64237,STARLINK-11670 [DTC],43.0012,A1_NE,4.800220356803795,-0.011423654342242209,0.006951285471990551
81802.0,64237,STARLINK-11670 [DTC],43.0012,A1_NE,4.512816515655563,-0.01126120668083016,0.007003518176714614
81803.0,64237,STARLINK-11670 [DTC],43.0012,A1_NE,4.347751466375424,-0.011095550472696772,0.007050644784502249
81804.0,64237,STARLINK-11670 [DTC],43.0012,A1_NE,4.316297052069623,-0.01092700865179074,0.007092705290380312
81805.0,64237,STARLINK-11670 [DTC],43.0012,A1_NE,4.418483151301586,-0.010755894410288276,0.007129753969125971
81806.0,64237,STARLINK-11670 [DTC],43.0012,A1_NE,4.6426986123950496,-0.010582537581563065,0.007161852890367443
81807.0,64237,STARLINK-11670 [DTC],43.0012,A1_NE,4.9697720116675494,-0.01040724216107886,0.007189080090082918
81878.0,64233,STARLINK-11686 [DTC],43.0019,A1_NE,4.50510530843743,-0.011766038541952597,0.0069848310034719115
81879.0,64233,STARLINK-11686 [DTC],43.0019,A1_NE,4.03165775380369,-0.011604060772218896,0.007042865398233007
81880.0,64233,STARLINK-11686 [DTC],43.0019,A1_NE,3.6724849197603735,-0.011438331571782092,0.007095583173876205
81881.0,64233,STARLINK-11686 [DTC],43.0019,A1_NE,3.4598877684482314,-0.011269186548566755,0.007143014006845506
81882.0,64233,STARLINK-11686 [DTC],43.0019,A1_NE,3.4176727757668455,-0.01109696652066024,0.007185199598412418
81883.0,64233,STARLINK-11686 [DTC],43.0019,A1_NE,3.5482707163541094,-0.010922009598596821,0.007222195396683419
81884.0,64233,STARLINK-11686 [DTC],43.0019,A1_NE,3.83055198220537,-0.0107446498102633,0.0072540698171559715
81885.0,64233,STARLINK-11686 [DTC],43.0019,A1_NE,4.231004183868546,-0.010565215834683667,0.007280903416914242
81886.0,64233,STARLINK-11686 [DTC],43.0019,A1_NE,4.716613111997826,-0.010384029795252455,0.007302788031960072
82114.0,61060,STARLINK-11297 [DTC],53.1592,A3_NW,4.76113678269996,-0.0043183948664986226,0.004353635766176539
82115.0,61060,STARLINK-11297 [DTC],53.1592,A3_NW,4.225178733574195,-0.004449344593790788,0.004485171738804255
82116.0,61060,STARLINK-11297 [DTC],53.1592,A3_NW,3.6827562362495487,-0.004584481216580369,0.004620844657917469
82117.0,61060,STARLINK-11297 [DTC],53.1592,A3_NW,3.135802122413288,-0.004723907140053591,0.004760752451657814
82118.0,61060,STARLINK-11297 [DTC],53.1592,A3_NW,2.5882577350943388,-0.004867704480254993,0.0049049724487019095
82119.0,61060,STARLINK-11297 [DTC],53.1592,A3_NW,2.0485796704979577,-0.00501596786957835,0.005053594306080278
82120.0,61060,STARLINK-11297 [DTC],53.1592,A3_NW,1.5376964612910122,-0.005168781300478193,0.005206696750999721
82121.0,61060,STARLINK-11297 [DTC],53.1592,A3_NW,1.1148359033832889,-0.005326222611529996,0.005364352109465347
82122.0,61060,STARLINK-11297 [DTC],53.1592,A3_NW,0.934823381584643,-0.005488362418400815,0.005526625209908035
82123.0,61060,STARLINK-11297 [DTC],53.1592,A3_NW,1.1409301443238133,-0.005655262890337217,0.005693572181008468
82124.0,61060,STARLINK-11297 [DTC],53.1592,A3_NW,1.6038990993683349,-0.005826983465971551,0.005865246158799795
82125.0,61060,STARLINK-11297 [DTC],53.1592,A3_NW,2.1758242575231037,-0.006003551625423713,0.006041668072883651
82126.0,61060,STARLINK-11297 [DTC],53.1592,A3_NW,2.799477318636319,-0.006185002815967457,0.006222866581735325
82127.0,61060,STARLINK-11297 [DTC],53.1592,A3_NW,3.4544644535351936,-0.006371351423517511,0.006408849041338835
82128.0,61060,STARLINK-11297 [DTC],53.1592,A3_NW,4.132471084510064,-0.006562595839286357,0.0065996066091275
82129.0,61060,STARLINK-11297 [DTC],53.1592,A3_NW,4.829650149258406,-0.006758716666530563,0.006795112452039027
82138.0,63017,STARLINK-11400 [DTC],43.0018,A2_S,4.647402462824064,-0.014788458014361102,0.006439552014326307
82139.0,63017,STARLINK-11400 [DTC],43.0018,A2_S,3.952879089400931,-0.014694257020851541,0.00624213257352459
82140.0,63017,STARLINK-11400 [DTC],43.0018,A2_S,3.3828314980815133,-0.01458990214414845,0.006044063501888109
82141.0,63017,STARLINK-11400 [DTC],43.0018,A2_S,3.002293498900214,-0.014475875381014795,0.005845798218350036
82142.0,63017,STARLINK-11400 [DTC],43.0018,A2_S,2.879988783522852,-0.01435268292039535,0.005647780857263244
82143.0,63017,STARLINK-11400 [DTC],43.0018,A2_S,3.039992878683714,-0.014220847509957009,0.005450436366783247
82144.0,63017,STARLINK-11400 [DTC],43.0018,A2_S,3.4365457134020607,-0.014080904463997694,0.0052541687901894755
82145.0,63017,STARLINK-11400 [DTC],43.0018,A2_S,3.9939932548267287,-0.013933397800773004,0.005059359867130931
82146.0,63017,STARLINK-11400 [DTC],43.0018,A2_S,4.649660671890203,-0.013778876524937433,0.004866367897613572
82219.0,63008,STARLINK-11405 [DTC],43.0012,A2_S,4.812778964764236,-0.014324050737332302,0.005823823088525301
82220.0,63008,STARLINK-11405 [DTC],43.0012,A2_S,4.606772778053414,-0.0142136126617101,0.005628023230051507
82221.0,63008,STARLINK-11405 [DTC],43.0012,A2_S,4.573772273946471,-0.014094549525534692,0.005432751255760696
82222.0,63008,STARLINK-11405 [DTC],43.0012,A2_S,4.712954673687351,-0.013967359638078066,0.005238416905440099
82265.0,64238,STARLINK-11708 [DTC],43.0019,A1_NE,4.409214553500002,-0.013013264913239862,0.007432890845412157
82266.0,64238,STARLINK-11708 [DTC],43.0019,A1_NE,3.598396499956377,-0.012839693535003607,0.007500710292580527
82267.0,64238,STARLINK-11708 [DTC],43.0019,A1_NE,2.8253656584490696,-0.012660417453689198,0.007562075709741173
82268.0,64238,STARLINK-11708 [DTC],43.0019,A1_NE,2.1255039439439445,-0.012475890075763508,0.007616998654755231
82269.0,64238,STARLINK-11708 [DTC],43.0019,A1_NE,1.5892334012833988,-0.01228656834812541,0.007665512262657099
82270.0,64238,STARLINK-11708 [DTC],43.0019,A1_NE,1.4059115778386462,-0.012092910211776454,0.007707670305804879
82271.0,64238,STARLINK-11708 [DTC],43.0019,A1_NE,1.6849721099706527,-0.01189537220206042,0.007743546133238824
82272.0,64238,STARLINK-11708 [DTC],43.0019,A1_NE,2.253978105292623,-0.011694407145914373,0.007773231511879477
82273.0,64238,STARLINK-11708 [DTC],43.0019,A1_NE,2.9438795028859044,-0.011490453768743383,0.007796836213364239
82274.0,64238,STARLINK-11708 [DTC],43.0019,A1_NE,3.6825964479864672,-0.011283967635940289,0.007814483154345868
82275.0,64238,STARLINK-11708 [DTC],43.0019,A1_NE,4.441783638915777,-0.011075370062210512,0.007826312730800694
82305.0,63669,STARLINK-11595 [DTC],43.0014,A1_NE,4.667398320563958,-0.0102928280365153,-0.0022497432067094636
82306.0,63669,STARLINK-11595 [DTC],43.0014,A1_NE,3.9434279553971936,-0.010044333216039321,-0.002134088018478573
82307.0,63669,STARLINK-11595 [DTC],43.0014,A1_NE,3.2351622053086766,-0.009799855476630296,-0.0020225561028496346
82308.0,63669,STARLINK-11595 [DTC],43.0014,A1_NE,2.5449319444822023,-0.009559577054906168,-0.0019150878833223124
82309.0,63669,STARLINK-11595 [DTC],43.0014,A1_NE,1.878472584720139,-0.009323652433691527,-0.001811614989837138
82310.0,63669,STARLINK-11595 [DTC],43.0014,A1_NE,1.2532794720747389,-0.009092200981443851,-0.0017120575431583255
82311.0,63669,STARLINK-11595 [DTC],43.0014,A1_NE,0.7438300682778354,-0.008865345856875324,-0.001616341147905095
82312.0,63669,STARLINK-11595 [DTC],43.0014,A1_NE,0.6544708131701525,-0.008643159927195075,-0.0015243739117865765
82313.0,63669,STARLINK-11595 [DTC],43.0014,A1_NE,1.0722198058631855,-0.008425704971039713,-0.0014360635893370492
82314.0,63669,STARLINK-11595 [DTC],43.0014,A1_NE,1.6348673675191963,-0.00821302394641184,-0.0013513143802365735
82315.0,63669,STARLINK-11595 [DTC],43.0014,A1_NE,2.2259830418899007,-0.008005142643240865,-0.001270027740263018
82316.0,63669,STARLINK-11595 [DTC],43.0014,A1_NE,2.820503967974906,-0.00780207122774753,-0.0011921031120715505
82317.0,63669,STARLINK-11595 [DTC],43.0014,A1_NE,3.410910427559756,-0.00760379784479121,-0.001117435646533944
82318.0,63669,STARLINK-11595 [DTC],43.0014,A1_NE,3.9942678086234285,-0.00741032173303935,-0.0010459286795726787
82319.0,63669,STARLINK-11595 [DTC],43.0014,A1_NE,4.5693376889572,-0.007221606677813386,-0.000977476242216645
82414.0,62062,STARLINK-11470 [DTC],53.1572,A2_S,4.924168765620199,-0.011434257684848619,-0.007624426174754549
82415.0,62062,STARLINK-11470 [DTC],53.1572,A2_S,4.847313045651305,-0.011575523689249412,-0.007857157222712281
82416.0,62062,STARLINK-11470 [DTC],53.1572,A2_S,4.922513452057998,-0.011711878007927307,-0.008091968785436205
83367.0,62059,STARLINK-11454 [DTC],53.158,A1_NE,4.533534113462816,-0.007017010999395402,-0.006036133160337644
83368.0,62059,STARLINK-11454 [DTC],53.158,A1_NE,3.9738247619514686,-0.006822010070119954,-0.005849286042990622
83369.0,62059,STARLINK-11454 [DTC],53.158,A1_NE,3.473406172417696,-0.006631734847666161,-0.005667563567148389
83370.0,62059,STARLINK-11454 [DTC],53.158,A1_NE,3.0525986222322623,-0.0064461969783601,-0.005490934412557578
83371.0,62059,STARLINK-11454 [DTC],53.158,A1_NE,2.7387562558237635,-0.006265413446698564,-0.005319373992450074
83372.0,62059,STARLINK-11454 [DTC],53.158,A1_NE,2.56157780600636,-0.006089363543727021,-0.005152823522338565
83373.0,62059,STARLINK-11454 [DTC],53.158,A1_NE,2.540296535576327,-0.00591802054948422,-0.00499122023273106
83374.0,62059,STARLINK-11454 [DTC],53.158,A1_NE,2.6700509111149473,-0.00575134571138164,-0.004834491633716881
83375.0,62059,STARLINK-11454 [DTC],53.158,A1_NE,2.9233521307432033,-0.005589289680653497,-0.004682556876500129
83376.0,62059,STARLINK-11454 [DTC],53.158,A1_NE,3.265213175766324,-0.005431793834141749,-0.004535328004033404
83377.0,62059,STARLINK-11454 [DTC],53.158,A1_NE,3.665518145764113,-0.005278791525984154,-0.004392711101496148
83378.0,62059,STARLINK-11454 [DTC],53.158,A1_NE,4.1025799874304445,-0.005130203311679501,-0.004254601872213
83379.0,62059,STARLINK-11454 [DTC],53.158,A1_NE,4.561836835383247,-0.0049859617361176015,-0.004120908633268616
83392.0,63763,STARLINK-11693 [DTC],43.0005,A2_S,4.91572154859245,-0.013749526133858726,-0.004906227173343608
83393.0,63763,STARLINK-11693 [DTC],43.0005,A2_S,4.444757783756126,-0.013893830148608562,-0.005098251319439389
83394.0,63763,STARLINK-11693 [DTC],43.0005,A2_S,4.107410622245986,-0.014030920631613457,-0.0052918804665632755
83395.0,63763,STARLINK-11693 [DTC],43.0005,A2_S,3.9439644038239603,-0.01416028513306258,-0.005486763433076541
83396.0,63763,STARLINK-11693 [DTC],43.0005,A2_S,3.9815038766408506,-0.01428141270981523,-0.005682519511819901
83397.0,63763,STARLINK-11693 [DTC],43.0005,A2_S,4.219722265317631,-0.014393803425481773,-0.005878747367817719
83398.0,63763,STARLINK-11693 [DTC],43.0005,A2_S,4.632130336532284,-0.014496972030214852,-0.0060750265339457555
83642.0,63665,STARLINK-11672 [DTC],43.0016,A3_NW,4.783540381986729,-0.010443612408664461,-0.007311811627461051
83643.0,63665,STARLINK-11672 [DTC],43.0016,A3_NW,4.346150058678468,-0.010624831455722026,-0.007287950627216525
83644.0,63665,STARLINK-11672 [DTC],43.0016,A3_NW,4.002893365857281,-0.010804206661641896,-0.0072590804608221975
83645.0,63665,STARLINK-11672 [DTC],43.0016,A3_NW,3.783261289930308,-0.010981419589148349,-0.00722511096447194
83646.0,63665,STARLINK-11672 [DTC],43.0016,A3_NW,3.7130198660488647,-0.01115612418733171,-0.007185967829361569
83647.0,63665,STARLINK-11672 [DTC],43.0016,A3_NW,3.803960296890854,-0.011327990797354288,-0.007141585266162083
83648.0,63665,STARLINK-11672 [DTC],43.0016,A3_NW,4.048397960826027,-0.011496678865933592,-0.00709191208069134
83649.0,63665,STARLINK-11672 [DTC],43.0016,A3_NW,4.423718397487967,-0.01166184551705176,-0.007036911179078983
83650.0,63665,STARLINK-11672 [DTC],43.0016,A3_NW,4.90231378476568,-0.011823147055475384,-0.006976560274475477
83731.0,63752,STARLINK-11702 [DTC],43.0016,A2_S,4.827714403802253,-0.014678275190271822,-0.005623153130398993
83732.0,63752,STARLINK-11702 [DTC],43.0016,A2_S,4.228938767006488,-0.014861716817021125,-0.005828212353421027
83733.0,63752,STARLINK-11702 [DTC],43.0016,A2_S,3.7734800695914985,-0.015036602575256275,-0.006034339482762016
83734.0,63752,STARLINK-11702 [DTC],43.0016,A2_S,3.525758311041773,-0.015202209508859102,-0.0062410646933189805
83735.0,63752,STARLINK-11702 [DTC],43.0016,A2_S,3.537788281619634,-0.015357802895916763,-0.006447866267097088
83736.0,63752,STARLINK-11702 [DTC],43.0016,A2_S,3.814178532699105,-0.015502682003115444,-0.0066542227040130774
83737.0,63752,STARLINK-11702 [DTC],43.0016,A2_S,4.310247275966123,-0.015636158989162444,-0.006859582050048627
83738.0,63752,STARLINK-11702 [DTC],43.0016,A2_S,4.9653676754533365,-0.015757571881295195,-0.007063373220645271
84113.0,59716,STARLINK-11099 [DTC],53.16,A1_NE,4.850880435535806,-0.010479654326336777,0.009088597110865862
84114.0,59716,STARLINK-11099 [DTC],53.16,A1_NE,4.471018950038455,-0.010383441736255852,0.00918858964564882
84115.0,59716,STARLINK-11099 [DTC],53.16,A1_NE,4.2089725537289535,-0.010281746747079663,0.009283425366493132
84116.0,59716,STARLINK-11099 [DTC],53.16,A1_NE,4.087231614010223,-0.010174745763166272,0.009372962425506597
84117.0,59716,STARLINK-11099 [DTC],53.16,A1_NE,4.11781383382414,-0.01006262873541462,0.00945707394908832
84118.0,59716,STARLINK-11099 [DTC],53.16,A1_NE,4.296840418705367,-0.009945598245838646,0.009535648525624144
84119.0,59716,STARLINK-11099 [DTC],53.16,A1_NE,4.606266302914575,-0.009823868493570781,0.009608590590478567
84635.0,62069,STARLINK-11460 [DTC],53.158,A3_NW,4.208577631006228,-0.010075239623125728,-0.010331863993001336
84636.0,62069,STARLINK-11460 [DTC],53.158,A3_NW,3.4205889134197847,-0.010217466440990527,-0.01026918396137546
84637.0,62069,STARLINK-11460 [DTC],53.158,A3_NW,2.6572381865891916,-0.010354660301173345,-0.010199693957735376
84638.0,62069,STARLINK-11460 [DTC],53.158,A3_NW,1.9509097055705409,-0.010486534885037648,-0.010123463487521966
84639.0,62069,STARLINK-11460 [DTC],53.158,A3_NW,1.395057180956582,-0.010612821575187007,-0.01004058002103303
84640.0,62069,STARLINK-11460 [DTC],53.158,A3_NW,1.2205569047663887,-0.01073325087861548,-0.009951162388667905
84641.0,62069,STARLINK-11460 [DTC],53.158,A3_NW,1.5629462091351518,-0.01084758435633057,-0.009855340400390662
84642.0,62069,STARLINK-11460 [DTC],53.158,A3_NW,2.1930009590208965,-0.010955595420489427,-0.009753267402985525
84643.0,62069,STARLINK-11460 [DTC],53.158,A3_NW,2.931015199262746,-0.011057075755612556,-0.00964511641042511
84644.0,62069,STARLINK-11460 [DTC],53.158,A3_NW,3.713098924320626,-0.01115183643109178,-0.009531079293048169
84645.0,62069,STARLINK-11460 [DTC],53.158,A3_NW,4.516115878112043,-0.011239708892333358,-0.009411365828735767
85153.0,64242,STARLINK-11690 [DTC],43.0013,A2_S,4.1443107354608095,-0.015292002858067442,0.006852341534770722
85154.0,64242,STARLINK-11690 [DTC],43.0013,A2_S,3.1856406073104195,-0.015190801346030826,0.00665386691227999
85155.0,64242,STARLINK-11690 [DTC],43.0013,A2_S,2.248047823248154,-0.015078301105889022,0.006454005709711728
85156.0,64242,STARLINK-11690 [DTC],43.0013,A2_S,1.3601045877223685,-0.014955051950443285,0.006253275697362389
85157.0,64242,STARLINK-11690 [DTC],43.0013,A2_S,0.7016221957588403,-0.014821629264195979,0.006052178196143899
85158.0,64242,STARLINK-11690 [DTC],43.0013,A2_S,0.9663517803438163,-0.014678623099924862,0.005851187404039733
85159.0,64242,STARLINK-11690 [DTC],43.0013,A2_S,1.767807545811509,-0.014526656685592618,0.005650780459524898
85160.0,64242,STARLINK-11690 [DTC],43.0013,A2_S,2.648545499615403,-0.014366347095734444,0.0054513869495633
85161.0,64242,STARLINK-11690 [DTC],43.0013,A2_S,3.5425542426713856,-0.01419832334115618,0.005253419707206238
85162.0,64242,STARLINK-11690 [DTC],43.0013,A2_S,4.435686494704028,-0.014023216443775266,0.005057265447380978
85250.0,62466,STARLINK-11506 [DTC],43.0023,A1_NE,4.804408021550113,-0.01282784180254663,0.007214621261439131
85251.0,62466,STARLINK-11506 [DTC],43.0023,A1_NE,3.9542586501675223,-0.01266383036305582,0.007286924303633441
85252.0,62466,STARLINK-11506 [DTC],43.0023,A1_NE,3.109082109619544,-0.012494269428076158,0.007353130859924935
85253.0,62466,STARLINK-11506 [DTC],43.0023,A1_NE,2.2693007071705695,-0.012319572526147507,0.00741323409283622
85254.0,62466,STARLINK-11506 [DTC],43.0023,A1_NE,1.4355966561737534,-0.012140150220627274,0.007467249345424798
85255.0,62466,STARLINK-11506 [DTC],43.0023,A1_NE,0.6111016965927027,-0.01195643693413578,0.007515204949116324
85256.0,62466,STARLINK-11506 [DTC],43.0023,A1_NE,0.24227634704176473,-0.011768845435877261,0.007557154405396256
85257.0,62466,STARLINK-11506 [DTC],43.0023,A1_NE,1.0425282365359172,-0.011577793461082468,0.007593166495686838
85258.0,62466,STARLINK-11506 [DTC],43.0023,A1_NE,1.8511673264952055,-0.011383694636905323,0.007623326538601622
85259.0,62466,STARLINK-11506 [DTC],43.0023,A1_NE,2.65448247596976,-0.011186956642975124,0.0076477352838706944
85260.0,62466,STARLINK-11506 [DTC],43.0023,A1_NE,3.4513656220387956,-0.01098797951643524,0.0076665077516713375
85261.0,62466,STARLINK-11506 [DTC],43.0023,A1_NE,4.241410431745129,-0.010787154101755304,0.007679772032329683
85268.0,63758,STARLINK-11705 [DTC],43.0009,A1_NE,4.7172062544027815,-0.009279471017664574,-0.0027869574276687156
85269.0,63758,STARLINK-11705 [DTC],43.0009,A1_NE,4.421387950735219,-0.009033564636717492,-0.0026730483034241113
85270.0,63758,STARLINK-11705 [DTC],43.0009,A1_NE,4.2268124236410936,-0.008792971950576062,-0.002562963958707034
85271.0,63758,STARLINK-11705 [DTC],43.0009,A1_NE,4.141281722851599,-0.008557759713029665,-0.002456641843371401
85272.0,63758,STARLINK-11705 [DTC],43.0009,A1_NE,4.165331774986454,-0.008327981035930606,-0.002354016575136719
85273.0,63758,STARLINK-11705 [DTC],43.0009,A1_NE,4.291359888067658,-0.008103667531847188,-0.0022550163845147914
85274.0,63758,STARLINK-11705 [DTC],43.0009,A1_NE,4.505556485692785,-0.007884831295192237,-0.002159564126056873
85275.0,63758,STARLINK-11705 [DTC],43.0009,A1_NE,4.791370548379679,-0.007671466831831332,-0.0020675782133224934
85766.0,63755,STARLINK-11681 [DTC],43.0021,A1_NE,4.804331291577178,-0.009698664499320291,-0.0013263652013711315
85767.0,63755,STARLINK-11681 [DTC],43.0021,A1_NE,4.454139690601155,-0.009470363710555553,-0.0012297101890195446
85768.0,63755,STARLINK-11681 [DTC],43.0021,A1_NE,4.190847387531925,-0.009246033464475677,-0.0011370260692596913
85769.0,63755,STARLINK-11681 [DTC],43.0021,A1_NE,4.0256904491346575,-0.009025790899019883,-0.0010482164682224173
85770.0,63755,STARLINK-11681 [DTC],43.0021,A1_NE,3.965217113160142,-0.008809732143590935,-0.0009631808090196751
85771.0,63755,STARLINK-11681 [DTC],43.0021,A1_NE,4.00870499800729,-0.008597933863834922,-0.0008818151987255646
85772.0,63755,STARLINK-11681 [DTC],43.0021,A1_NE,4.147805839303666,-0.00839045474320473,-0.0008040132343298364
85773.0,63755,STARLINK-11681 [DTC],43.0021,A1_NE,4.3687582783361725,-0.008187336926758422,-0.0007296667360356814
85774.0,63755,STARLINK-11681 [DTC],43.0021,A1_NE,4.655751299009805,-0.007988599489252301,-0.0006586636167360193
85775.0,63755,STARLINK-11681 [DTC],43.0021,A1_NE,4.993640500781831,-0.007794271580117161,-0.0005908997683798737
86333.0,59710,STARLINK-11092 [DTC],53.1597,A2_S,4.5827166580990495,-0.01245926055811293,0.009742359298914106
86334.0,59710,STARLINK-11092 [DTC],53.1597,A2_S,3.642345700044277,-0.012327353006782504,0.009495461646636614
86335.0,59710,STARLINK-11092 [DTC],53.1597,A2_S,2.71828702415614,-0.012188208704220924,0.009248045105613773
86336.0,59710,STARLINK-11092 [DTC],53.1597,A2_S,1.8190131637032456,-0.012042423675580978,0.009000703098253914
86337.0,59710,STARLINK-11092 [DTC],53.1597,A2_S,0.9822580356552483,-0.011890584612719904,0.008753986193968881
86338.0,59710,STARLINK-11092 [DTC],53.1597,A2_S,0.543514993271952,-0.011733289837695329,0.008508440264567041
86339.0,59710,STARLINK-11092 [DTC],53.1597,A2_S,1.1125731230251643,-0.011571109259236094,0.008264545835660256
86340.0,59710,STARLINK-11092 [DTC],53.1597,A2_S,1.93108326274258,-0.01140460560276518,0.008022757202241437
86341.0,59710,STARLINK-11092 [DTC],53.1597,A2_S,2.7759859824378275,-0.011234325779769606,0.0077834922197432335
86342.0,59710,STARLINK-11092 [DTC],53.1597,A2_S,3.620205442576948,-0.011060798642145072,0.007547132420680188
86343.0,59710,STARLINK-11092 [DTC],53.1597,A2_S,4.457109092532126,-0.010884533062789012,0.007314023420194703
