OBJECT_NAME,OBJECT_ID,EPOCH,MEAN_MOTION,ECCENTRICITY,INCLINATION,RA_OF_ASC_NODE,ARG_OF_PERICENTER,MEAN_ANOMALY,EPHEMERIS_TYPE,CLASSIFICATION_TYPE,NORAD_CAT_ID,ELEMENT_SET_NO,REV_AT_EPOCH,BSTAR,MEAN_MOTION_DOT,MEAN_MOTION_DDOT
STARLINK-11072 [DTC],2024-002A,2026-10-05T09:25:17.687712,15.69720488,.00014749,53.1604,320.2564,75.8857,284.2325,0,U,58705,999,15937,.23592585E-4,.2271E-4,0
STARLINK-11075 [DTC],2024-002B,2026-10-05T09:50:11.598144,15.83130596,.00049853,53.1425,315.9046,11.7600,348.3539,0,U,58706,999,15943,.75708815E-3,.168653E-2,0
STARLINK-11077 [DTC],2024-002C,2026-10-05T09:39:25.863552,15.69712536,.00010959,53.1584,320.3045,80.7034,279.4108,0,U,58707,999,15937,-.6234348E-5,-.1344E-4,0
STARLINK-11079 [DTC],2024-002D,2026-10-05T09:18:13.691808,15.69714714,.00010467,53.1593,320.2185,86.7177,273.3961,0,U,58708,999,15937,.16668404E-4,.1432E-4,0
STARLINK-11076 [DTC],2024-002E,2026-10-05T09:11:09.903264,15.69716169,.00013221,53.1587,320.1922,80.6681,279.4487,0,U,58709,999,15937,.17188695E-4,.1494E-4,0
STARLINK-11078 [DTC],2024-002F,2026-10-05T09:04:05.979072,15.69716903,.00008366,53.1595,320.1590,74.4813,285.6298,0,U,58710,999,15937,.13628724E-4,.1064E-4,0
STARLINK-11087 [DTC],2024-065A,2026-10-05T01:11:36.386016,15.69718666,.00009664,53.1588,141.9489,103.7034,256.4092,0,U,59421,999,14439,.21190052E-4,.198E-4,0
STARLINK-11090 [DTC],2024-065B,2026-10-05T08:28:50.318688,15.69716569,.00011466,53.1601,140.2816,95.9614,264.1534,0,U,59422,999,14446,.20343931E-4,.1877E-4,0
STARLINK-11093 [DTC],2024-065C,2026-10-05T00:57:29.373984,15.69709772,.00008714,53.1578,141.8851,87.8719,272.2399,0,U,59423,999,14440,.16635201E-4,.1427E-4,0
STARLINK-11083 [DTC],2024-065D,2026-10-05T01:04:32.586240,15.69720900,.00009192,53.1587,141.9149,105.7246,254.3873,0,U,59424,999,14435,.2402913E-4,.2325E-4,0
STARLINK-11085 [DTC],2024-065E,2026-10-05T08:21:46.429056,15.69715886,.0000766,53.1592,140.2487,112.1611,247.9488,0,U,59425,999,14440,.17368068E-4,.1517E-4,0
STARLINK-11089 [DTC],2024-065F,2026-10-05T01:18:40.256640,15.69725931,.00010881,53.1589,141.9975,77.2478,282.8661,0,U,59426,999,14440,.33082573E-4,.3423E-4,0
STARLINK-11107 [DTC],2024-088A,2026-10-05T12:36:31.000320,15.69688940,.0001126,53.1596,11.5499,70.0256,290.0884,0,U,59708,999,13921,-.23358411E-4,-.3415E-4,0
STARLINK-11088 [DTC],2024-088B,2026-10-05T12:22:30.431136,15.69674655,.000023,53.1548,12.2108,100.3690,259.7354,0,U,59709,999,13922,-.44516134E-3,-.54086E-3,0
STARLINK-11092 [DTC],2024-088C,2026-10-05T12:15:28.891584,15.69683859,.00009637,53.1597,12.1789,53.5477,306.5629,0,U,59710,999,13922,-.5361292E-5,-.1237E-4,0
STARLINK-11082 [DTC],2024-088D,2026-10-05T13:40:06.159072,15.69680144,.00011964,53.1589,11.8313,54.7247,305.3883,0,U,59711,999,13923,-.31283514E-4,-.4372E-4,0
STARLINK-11108 [DTC],2024-088E,2026-10-05T15:04:42.723264,15.69686092,.00007135,53.1581,11.4845,70.7691,289.3404,0,U,59712,999,13924,-.22322016E-4,-.3288E-4,0
STARLINK-11100 [DTC],2024-088F,2026-10-05T13:25:58.220832,15.69682056,.00011598,53.1592,11.7635,62.6256,297.4880,0,U,59713,999,13923,-.3338392E-4,-.4626E-4,0
STARLINK-11094 [DTC],2024-088G,2026-10-05T13:18:53.035200,15.69691658,.00008844,53.1585,11.7437,67.0373,293.0739,0,U,59714,999,13923,.1267689E-5,-.435E-5,0
STARLINK-11101 [DTC],2024-088H,2026-10-05T13:04:46.408512,15.69677815,.00008858,53.1585,11.6673,100.5041,259.6077,0,U,59715,999,13923,-.16047418E-4,-.2529E-4,0
STARLINK-11099 [DTC],2024-088J,2026-10-05T13:11:50.473536,15.69685943,.00012522,53.1600,11.7012,78.9365,281.1794,0,U,59716,999,13923,-.19818116E-4,-.2986E-4,0
STARLINK-11084 [DTC],2024-088K,2026-10-05T12:57:42.421248,15.69688211,.00009466,53.1589,11.6324,78.3997,281.7127,0,U,59717,999,13923,-.24966678E-4,-.3609E-4,0
STARLINK-11103 [DTC],2024-088L,2026-10-05T14:22:19.908192,15.69672331,.00008513,53.1583,11.2850,79.3467,280.7647,0,U,59718,999,13924,-.24017431E-4,-.3492E-4,0
STARLINK-11096 [DTC],2024-088M,2026-10-05T12:29:36.124800,15.69683551,.00011201,53.1580,12.2377,43.3773,316.7333,0,U,59719,999,13922,-.24675063E-4,-.3573E-4,0
STARLINK-11095 [DTC],2024-088N,2026-10-05T12:43:35.027328,15.69681829,.00011355,53.1595,11.5662,90.5303,269.5845,0,U,59720,999,13923,-.28421104E-4,-.4026E-4,0
STARLINK-11118 [DTC],2024-091B,2026-10-05T03:05:21.034752,15.69715618,.00011717,53.1602,254.1331,80.4490,279.6660,0,U,59754,999,13840,.1767313E-4,.1553E-4,0
STARLINK-11132 [DTC],2024-091C,2026-10-05T15:04:42.022560,15.69712168,.00013058,53.1585,251.5579,68.1317,291.9840,0,U,59755,999,13848,-.4027509E-5,-.1077E-4,0
STARLINK-11131 [DTC],2024-091D,2026-10-05T05:47:31.800192,15.69714742,.00011758,53.1591,253.4113,88.2044,271.9109,0,U,59756,999,13842,.4709386E-5,-.18E-6,0
STARLINK-11114 [DTC],2024-091E,2026-10-05T05:40:27.231456,15.69729109,.00011718,53.1570,253.3965,106.8995,253.2151,0,U,59757,999,13842,.34152165E-4,.3554E-4,0
STARLINK-11105 [DTC],2024-091F,2026-10-05T05:33:23.798016,15.69721912,.00011706,53.1592,253.3629,97.1327,262.9824,0,U,59758,999,13842,.26904716E-4,.2673E-4,0
STARLINK-11097 [DTC],2024-091G,2026-10-05T05:26:19.808160,15.69718248,.00010305,53.1585,253.3100,76.5943,283.5190,0,U,59759,999,13842,.20068467E-4,.1844E-4,0
STARLINK-11098 [DTC],2024-091H,2026-10-05T05:19:16.284864,15.69717035,.00015059,53.1598,253.2753,101.5720,258.5467,0,U,59760,999,13842,.10765589E-4,.715E-5,0
STARLINK-11117 [DTC],2024-091J,2026-10-05T03:40:31.709856,15.69713750,.00011326,53.1573,253.5570,69.4912,290.6228,0,U,59761,999,13841,.10260624E-4,.655E-5,0
STARLINK-11110 [DTC],2024-091K,2026-10-05T05:05:08.211840,15.69720375,.00011722,53.1596,253.2108,90.5343,269.5809,0,U,59762,999,13842,.24055955E-4,.2328E-4,0
STARLINK-11104 [DTC],2024-091L,2026-10-05T04:58:04.628928,15.69715178,.00011082,53.1578,253.1806,59.5679,300.5449,0,U,59763,999,13842,.18717865E-4,.168E-4,0
STARLINK-11106 [DTC],2024-091N,2026-10-05T04:51:00.774720,15.69717303,.00010905,53.1587,253.1465,79.8792,280.2349,0,U,59765,999,13842,.13300475E-4,.1023E-4,0
STARLINK-11145 [DTC],2024-107A,2026-10-05T08:45:38.676672,15.69711078,.00009911,53.1583,297.9502,74.1396,285.9731,0,U,59945,999,13507,.4634566E-5,-.27E-6,0
STARLINK-11113 [DTC],2024-107C,2026-10-05T07:20:55.615200,15.69668916,.00010974,53.1589,297.5477,87.6632,272.4512,0,U,59947,999,13507,-.39123491E-4,-.5317E-4,0
STARLINK-11123 [DTC],2024-107D,2026-10-05T08:31:30.620064,15.69709102,.00010269,53.1583,297.8848,85.4738,274.6398,0,U,59948,999,13513,.13640188E-4,.1064E-4,0
STARLINK-11138 [DTC],2024-107E,2026-10-05T08:03:15.218784,15.69710500,.00011418,53.1593,297.7501,84.5351,275.5797,0,U,59949,999,13513,.12933269E-4,.978E-5,0
STARLINK-11130 [DTC],2024-107F,2026-10-05T09:56:07.709568,15.69721565,.00011905,53.1585,297.5376,79.6079,280.5073,0,U,59950,999,13508,-.11344159E-4,-.1963E-4,0
STARLINK-11124 [DTC],2024-107H,2026-10-05T06:38:38.333184,15.69715633,.0001192,53.1607,298.0998,90.4921,269.6233,0,U,59952,999,13513,.668755E-5,.222E-5,0
STARLINK-11133 [DTC],2024-107K,2026-10-05T07:49:08.156640,15.69701403,.00015771,53.1586,297.6885,82.5066,277.6131,0,U,59954,999,13507,.4744284E-5,-.15E-6,0
STARLINK-11144 [DTC],2024-107L,2026-10-05T07:42:03.545568,15.69714305,.00009696,53.1587,297.6602,64.7857,295.3261,0,U,59955,999,13513,.11962254E-4,.861E-5,0
STARLINK-11134 [DTC],2024-107M,2026-10-05T07:34:58.979424,15.69725675,.00014146,53.1597,297.6228,125.4007,234.7143,0,U,59956,999,13500,.24889644E-4,.2429E-4,0
STARLINK-11142 [DTC],2024-107N,2026-10-05T07:27:55.626336,15.69720879,.0001167,53.1589,297.5904,56.9381,303.1749,0,U,59957,999,13508,.19304912E-4,.1752E-4,0
STARLINK-11129 [DTC],2024-112A,2026-10-05T14:08:17.230848,15.69709389,.00012194,53.1592,311.8680,84.9888,275.1269,0,U,60038,999,13394,.35680711E-4,.3736E-4,0
STARLINK-11140 [DTC],2024-112B,2026-10-05T09:26:11.605632,15.69702610,.00022619,53.1592,312.7774,100.1263,260.0010,0,U,60039,999,13391,.1330891E-5,-.429E-5,0
STARLINK-11122 [DTC],2024-112C,2026-10-05T09:19:07.501728,15.69710023,.00018352,53.1594,312.7448,94.4174,265.7054,0,U,60040,999,13391,.5697722E-5,.101E-5,0
STARLINK-11149 [DTC],2024-112D,2026-10-05T09:12:04.025952,15.69703265,.00012043,53.1599,312.7120,89.2646,270.8510,0,U,60041,999,13391,.1370755E-5,-.423E-5,0
STARLINK-11120 [DTC],2024-112E,2026-10-05T09:04:59.943648,15.69703904,.00012177,53.1588,312.6796,91.3280,268.7878,0,U,60042,999,13391,-.15208E-6,-.607E-5,0
STARLINK-11086 [DTC],2024-112F,2026-10-05T08:57:55.819008,15.69711462,.00007614,53.1587,312.6477,87.9139,272.1966,0,U,60043,999,13391,-.3886945E-5,-.1059E-4,0
STARLINK-11148 [DTC],2024-112G,2026-10-05T08:50:51.534528,15.69718657,.00012612,53.1591,312.6155,85.7112,274.4050,0,U,60044,999,13391,.9835673E-5,.603E-5,0
STARLINK-11116 [DTC],2024-112H,2026-10-05T08:43:47.625888,15.69719855,.00009869,53.1607,312.5824,97.8827,262.2303,0,U,60045,999,13391,.10948708E-4,.739E-5,0
STARLINK-11155 [DTC],2024-112J,2026-10-05T08:36:44.042112,15.69724694,.00010733,53.1590,312.5492,77.9906,282.1232,0,U,60046,999,13391,.5213628E-5,.43E-6,0
STARLINK-11163 [DTC],2024-112K,2026-10-05T08:29:40.634592,15.69733935,.00010645,53.1583,312.5170,52.9400,307.1715,0,U,60047,999,13391,-.10878751E-4,-.1908E-4,0
STARLINK-11135 [DTC],2024-112L,2026-10-05T09:40:08.668704,15.69724795,.00009683,53.1578,312.1204,74.0985,286.0139,0,U,60048,999,13392,.36816652E-4,.3877E-4,0
STARLINK-11151 [DTC],2024-112M,2026-10-05T08:22:36.077088,15.69716497,.00017004,53.1567,312.4821,144.5634,215.5497,0,U,60049,999,13391,.11079309E-4,.753E-5,0
STARLINK-11137 [DTC],2024-112N,2026-10-05T14:22:16.153248,15.69719184,.00010686,53.1581,311.1939,79.4221,280.6917,0,U,60050,999,13395,.13762971E-4,.108E-4,0
STARLINK-11181 [DTC],2024-113A,2026-10-05T04:31:41.119968,15.69719232,.00010961,53.1592,238.5863,84.1498,275.9645,0,U,60059,999,13246,.26439762E-4,.2617E-4,0
STARLINK-11176 [DTC],2024-113B,2026-10-05T04:24:37.793664,15.69726518,.00009795,53.1573,238.5538,105.1916,254.9210,0,U,60060,999,13246,.63747038E-4,.7146E-4,0
STARLINK-11167 [DTC],2024-113C,2026-10-05T04:17:33.400320,15.69721827,.00010145,53.1588,238.5207,92.4696,267.6438,0,U,60061,999,13276,.20607473E-4,.191E-4,0
STARLINK-11166 [DTC],2024-113D,2026-10-05T14:52:17.944896,15.69701018,.00012997,53.1599,236.2924,88.1693,271.9474,0,U,60062,999,13253,.1810085E-4,.1604E-4,0
STARLINK-11165 [DTC],2024-113E,2026-10-05T14:45:14.809536,15.69690503,.00012157,53.1601,236.2582,90.2017,269.9140,0,U,60063,999,13253,.6477991E-5,.196E-5,0
STARLINK-11169 [DTC],2024-113F,2026-10-05T14:38:10.816224,15.69700246,.00014263,53.1608,236.2261,92.2190,267.8991,0,U,60064,999,13253,-.704216E-6,-.674E-5,0
STARLINK-11102 [DTC],2024-113G,2026-10-05T14:31:06.993984,15.69700676,.00010825,53.1591,236.1932,92.8220,267.2921,0,U,60065,999,13253,-.4121E-6,-.638E-5,0
STARLINK-11141 [DTC],2024-113H,2026-10-05T03:42:14.683104,15.69714388,.00008608,53.1579,238.3558,91.6943,268.4173,0,U,60066,999,13246,.12959644E-4,.982E-5,0
STARLINK-11153 [DTC],2024-113J,2026-10-05T14:17:07.960128,15.69699340,.00010257,53.1586,236.8627,74.7223,285.3908,0,U,60067,999,13252,.19242404E-4,.1742E-4,0
STARLINK-11170 [DTC],2024-113K,2026-10-05T14:10:03.876096,15.69704854,.00009011,53.1584,236.8295,88.1062,272.0059,0,U,60068,999,13252,.3452214E-5,-.17E-5,0
STARLINK-11171 [DTC],2024-113L,2026-10-05T14:03:01.245312,15.69691415,.00016499,53.1595,236.7984,55.9471,304.1703,0,U,60069,999,13252,-.5832831E-5,-.1295E-4,0
STARLINK-11186 [DTC],2024-113M,2026-10-05T04:45:48.983040,15.69716685,.00012262,53.1583,238.6484,88.6657,271.4502,0,U,60070,999,13287,.18595299E-4,.1665E-4,0
STARLINK-11184 [DTC],2024-113N,2026-10-05T04:38:45.388032,15.69719686,.00012333,53.1580,238.6527,89.7603,270.3556,0,U,60071,999,13246,.27520242E-4,.2748E-4,0
STARLINK-11201 [DTC],2024-118A,2026-10-05T06:06:57.026880,15.69715314,.00013024,53.1589,268.4943,81.4670,278.6495,0,U,60113,999,13090,.13667974E-4,.1067E-4,0
STARLINK-11198 [DTC],2024-118B,2026-10-05T05:59:53.018016,15.69721377,.00010528,53.1584,268.4622,89.8485,270.2654,0,U,60114,999,13090,.958378E-5,.573E-5,0
STARLINK-11112 [DTC],2024-118C,2026-10-05T05:52:49.732320,15.69732511,.0001102,53.1579,268.4293,76.3697,283.7443,0,U,60115,999,13090,.83424369E-4,.9539E-4,0
STARLINK-11210 [DTC],2024-118D,2026-10-05T05:45:45.603360,15.69718685,.00012242,53.1593,268.4033,73.8330,286.2822,0,U,60116,999,13090,.12104168E-4,.878E-5,0
STARLINK-11203 [DTC],2024-118E,2026-10-05T05:38:41.490816,15.69714435,.00012132,53.1590,268.3630,69.9627,290.1522,0,U,60117,999,13090,.17549913E-4,.1538E-4,0
STARLINK-11177 [DTC],2024-118F,2026-10-05T05:31:37.726464,15.69719059,.00014414,53.1599,268.3318,76.2185,283.8994,0,U,60118,999,13090,.7676222E-5,.341E-5,0
STARLINK-11127 [DTC],2024-118G,2026-10-05T05:24:34.033824,15.69723989,.00013069,53.1592,268.2973,83.1614,276.9553,0,U,60119,999,13090,.33212582E-4,.3439E-4,0
STARLINK-11164 [DTC],2024-118H,2026-10-05T06:49:10.944480,15.69734993,.00007697,53.1552,267.9508,85.9930,274.1176,0,U,60120,999,13091,.64864468E-4,.7285E-4,0
STARLINK-11119 [DTC],2024-118J,2026-10-05T04:56:22.006464,15.69675073,.00006575,53.1574,268.1654,82.8113,277.2980,0,U,60121,999,13090,-.35671978E-4,-.49E-4,0
STARLINK-11157 [DTC],2024-118K,2026-10-05T06:35:03.444288,15.69731764,.00012114,53.1587,267.8858,76.6146,283.5007,0,U,60122,999,13091,-.10832471E-4,-.1902E-4,0
STARLINK-11162 [DTC],2024-118L,2026-10-05T06:20:55.624416,15.69722655,.00014538,53.1584,267.8207,62.5614,297.5552,0,U,60123,999,13091,.28880596E-4,.2913E-4,0
STARLINK-11161 [DTC],2024-118M,2026-10-05T06:14:00.831840,15.69716538,.00009469,53.1584,268.5195,82.0347,278.0778,0,U,60124,999,13090,.10840942E-4,.725E-5,0
STARLINK-11160 [DTC],2024-118N,2026-10-05T06:42:07.160256,15.69714868,.00011167,53.1578,267.9164,80.5878,279.5266,0,U,60125,999,13091,.16400585E-4,.1399E-4,0
STARLINK-11168 [DTC],2024-124A,2026-10-05T12:48:53.217792,15.69699415,.00012634,53.1604,206.7158,90.0109,270.1054,0,U,60183,999,13068,-.1011015E-5,-.711E-5,0
STARLINK-11187 [DTC],2024-124B,2026-10-05T12:41:49.557120,15.69695266,.00013488,53.1607,206.6843,88.0616,272.0557,0,U,60184,999,12949,.9473702E-5,.558E-5,0
STARLINK-11180 [DTC],2024-124C,2026-10-05T12:34:45.270912,15.69708546,.00011152,53.1586,206.6507,67.3834,292.7302,0,U,60185,999,12949,-.5876783E-5,-.13E-4,0
STARLINK-11197 [DTC],2024-124D,2026-10-05T12:27:41.590368,15.69701335,.0001235,53.1604,206.6175,92.3568,267.7591,0,U,60186,999,12949,.325004E-6,-.549E-5,0
STARLINK-11194 [DTC],2024-124E,2026-10-05T12:20:37.623840,15.69704077,.00011574,53.1598,206.5859,83.0595,277.0554,0,U,60187,999,12949,-.1687418E-5,-.793E-5,0
STARLINK-11189 [DTC],2024-124F,2026-10-05T12:13:42.413952,15.69710033,.00012166,53.1582,207.2886,94.9212,265.1945,0,U,60188,999,12948,.10822718E-4,.722E-5,0
STARLINK-11183 [DTC],2024-124G,2026-10-05T12:06:38.471616,15.69706500,.00009633,53.1595,207.2536,102.4247,257.6879,0,U,60189,999,12948,.7148955E-5,.278E-5,0
STARLINK-11179 [DTC],2024-124H,2026-10-05T02:49:28.932672,15.69699010,.0001274,53.1595,209.1047,83.9238,276.1925,0,U,60190,999,12942,.1625276E-5,-.392E-5,0
STARLINK-11175 [DTC],2024-124J,2026-10-05T02:42:26.755488,15.69684454,.00010261,53.1591,209.0725,88.9406,271.1729,0,U,60191,999,12942,-.17604303E-4,-.2718E-4,0
STARLINK-11173 [DTC],2024-124K,2026-10-05T02:35:20.006880,15.69714123,.00011357,53.1601,209.0402,87.4017,272.7131,0,U,60192,999,12942,.23321502E-4,.2238E-4,0
STARLINK-11172 [DTC],2024-124L,2026-10-05T02:28:16.048128,15.69717600,.00008233,53.1608,209.0066,90.6695,269.4417,0,U,60193,999,12942,.22218016E-4,.2105E-4,0
STARLINK-11152 [DTC],2024-124M,2026-10-05T02:21:12.256992,15.69718140,.00011652,53.1594,208.9734,88.3780,271.7371,0,U,60194,999,13061,.22579922E-4,.2148E-4,0
STARLINK-11193 [DTC],2024-124N,2026-10-05T12:55:56.238240,15.69718030,.00010117,53.1591,206.7447,87.2929,272.8204,0,U,60195,999,12949,-.22690237E-4,-.3337E-4,0
STARLINK-11147 [DTC],2024-133A,2026-10-05T11:54:18.332064,15.69653652,.00014231,53.1592,192.1697,103.4099,256.7077,0,U,60301,999,12668,.90649158E-4,.10382E-3,0
STARLINK-11128 [DTC],2024-133B,2026-10-05T11:47:13.252704,15.69697729,.00010924,53.1589,192.1359,80.0792,280.0349,0,U,60302,999,12668,.107662E-6,-.575E-5,0
STARLINK-11227 [DTC],2024-133C,2026-10-05T11:40:08.799744,15.69702588,.00009237,53.1576,192.1042,71.9452,288.1667,0,U,60303,999,12676,.7264516E-5,.292E-5,0
STARLINK-11224 [DTC],2024-133D,2026-10-05T00:51:16.942464,15.69717609,.00011669,53.1601,194.2675,96.5283,263.5868,0,U,60304,999,12669,.21190638E-4,.198E-4,0
STARLINK-11115 [DTC],2024-133E,2026-10-05T11:26:00.986784,15.69709212,.00012415,53.1603,192.0391,85.7237,274.3923,0,U,60305,999,12668,.5674647E-5,.99E-6,0
STARLINK-11109 [DTC],2024-133F,2026-10-05T11:18:57.172320,15.69712945,.00011539,53.1597,192.0044,87.0808,273.0342,0,U,60306,999,12668,.2403477E-5,-.297E-5,0
STARLINK-11223 [DTC],2024-133G,2026-10-05T01:54:42.664608,15.69723098,.00013346,53.1598,193.8217,99.5648,260.5521,0,U,60307,999,12662,.11776757E-4,.839E-5,0
STARLINK-11192 [DTC],2024-133H,2026-10-05T11:11:53.629152,15.69705788,.00015677,53.1603,191.9736,93.9362,266.1835,0,U,60308,999,12668,.11551703E-4,.81E-5,0
STARLINK-11213 [DTC],2024-133J,2026-10-05T01:47:39.279552,15.69713840,.00015934,53.1599,193.7888,81.1635,278.9564,0,U,60309,999,12662,.8863322E-5,.485E-5,0
STARLINK-11200 [DTC],2024-133K,2026-10-05T10:50:41.283744,15.69714651,.00011641,53.1599,191.8730,83.7800,276.3351,0,U,60310,999,12668,.11241335E-4,.774E-5,0
STARLINK-11206 [DTC],2024-133M,2026-10-05T01:26:35.909376,15.69720488,.00010744,53.1598,194.4249,81.1827,278.9313,0,U,60312,999,12661,.19704958E-4,.18E-4,0
STARLINK-11205 [DTC],2024-133N,2026-10-05T01:19:30.045504,15.69784292,.00008728,53.1608,194.3912,90.4468,269.6650,0,U,60313,999,12661,-.3969794E-4,-.541E-4,0
STARLINK-11182 [DTC],2024-141B,2026-10-05T00:37:08.716512,15.69719566,.00008669,53.1585,134.1553,73.8276,286.2837,0,U,60399,999,12462,.21783562E-4,.2052E-4,0
STARLINK-11234 [DTC],2024-141C,2026-10-05T00:30:04.961664,15.69720905,.00011283,53.1597,134.1222,88.1315,271.9832,0,U,60400,999,12457,.18747978E-4,.1684E-4,0
STARLINK-11232 [DTC],2024-141D,2026-10-05T00:23:00.913056,15.69724232,.00010133,53.1590,134.0891,84.1833,275.9300,0,U,60401,999,12462,.2889385E-4,.2915E-4,0
STARLINK-11139 [DTC],2024-141E,2026-10-05T00:15:57.356928,15.69717496,.00012241,53.1581,134.0596,103.4350,256.6804,0,U,60402,999,12462,.16677085E-4,.1433E-4,0
STARLINK-11158 [DTC],2024-141F,2026-10-05T00:09:02.780352,15.69708546,.00010688,53.1587,134.7581,82.6955,277.4184,0,U,60403,999,12456,.27865466E-4,.2788E-4,0
STARLINK-11199 [DTC],2024-141G,2026-10-05T07:40:23.744064,15.69714155,.00012184,53.1600,133.1552,73.5926,286.5226,0,U,60404,999,12466,.22192588E-4,.2101E-4,0
STARLINK-11081 [DTC],2024-141H,2026-10-04T23:54:54.668448,15.69726800,.00011459,53.1587,134.6932,87.1870,272.9279,0,U,60405,999,12456,.10847117E-4,.726E-5,0
STARLINK-11150 [DTC],2024-141J,2026-10-04T23:47:51.079488,15.69713906,.00010007,53.1597,134.6586,100.1695,259.9436,0,U,60406,999,12461,.19561116E-4,.1782E-4,0
STARLINK-11136 [DTC],2024-141K,2026-10-04T23:40:47.356608,15.69711978,.00012222,53.1595,134.6267,87.5071,272.6087,0,U,60407,999,12456,.17468472E-4,.1528E-4,0
STARLINK-11196 [DTC],2024-141L,2026-10-05T01:05:24.115200,15.69719141,.00009648,53.1589,134.2792,93.3374,266.7754,0,U,60408,999,12462,.17126924E-4,.1488E-4,0
STARLINK-11174 [DTC],2024-141M,2026-10-05T00:51:15.708672,15.69725721,.00010202,53.1596,134.2148,106.6140,253.4990,0,U,60409,999,12457,.25354999E-4,.2486E-4,0
STARLINK-11191 [DTC],2024-141N,2026-10-05T00:44:12.573312,15.69718635,.00010783,53.1593,134.1833,91.9309,268.1832,0,U,60410,999,12462,.20930062E-4,.1948E-4,0
STARLINK-11247 [DTC],2024-152A,2026-10-05T01:16:01.646976,15.69720288,.00010005,53.1601,164.4883,91.9014,268.2118,0,U,60720,999,12171,.25647656E-4,.2521E-4,0
STARLINK-11259 [DTC],2024-152B,2026-10-05T01:08:57.727968,15.69719266,.00011657,53.1600,164.4556,83.3395,276.7756,0,U,60721,999,12171,.27417849E-4,.2735E-4,0
STARLINK-11188 [DTC],2024-152C,2026-10-05T01:01:53.554080,15.69728404,.00009537,53.1586,164.4242,78.2642,281.8483,0,U,60722,999,12183,.1146908E-4,.802E-5,0
STARLINK-11272 [DTC],2024-152D,2026-10-05T09:57:51.703200,15.69734224,.00009332,53.1589,162.4735,93.4806,266.6318,0,U,60723,999,12177,-.16081199E-4,-.2538E-4,0
STARLINK-11261 [DTC],2024-152E,2026-10-05T03:58:12.424512,15.69708192,.00011592,53.1585,163.7633,87.6665,272.4486,0,U,60724,999,12173,.29295048E-4,.2961E-4,0
STARLINK-11263 [DTC],2024-152F,2026-10-05T09:50:49.170912,15.69713644,.00013107,53.1600,162.4420,93.6549,266.4619,0,U,60725,999,12177,.13874596E-4,.1092E-4,0
STARLINK-11235 [DTC],2024-152G,2026-10-05T09:43:45.018624,15.69712711,.00010043,53.1590,162.4082,82.2284,277.8848,0,U,60726,999,12190,.20504868E-4,.1896E-4,0
STARLINK-11080 [DTC],2024-152H,2026-10-05T09:36:41.202432,15.69718422,.00010685,53.1597,162.3761,94.1167,265.9974,0,U,60727,999,12190,.244812E-6,-.559E-5,0
STARLINK-11249 [DTC],2024-152J,2026-10-05T15:36:21.637152,15.69716001,.00013355,53.1606,161.0888,91.3263,268.7908,0,U,60728,999,12181,.4895144E-5,.4E-7,0
STARLINK-11146 [DTC],2024-152K,2026-10-05T09:22:33.354912,15.69717391,.00011414,53.1587,162.2981,74.3152,285.7991,0,U,60729,999,12190,.23077665E-4,.2209E-4,0
STARLINK-11255 [DTC],2024-152L,2026-10-05T09:15:29.588832,15.69716952,.00012491,53.1595,162.2756,64.6993,295.4155,0,U,60730,999,12178,.22626508E-4,.2154E-4,0
STARLINK-11254 [DTC],2024-152M,2026-10-05T09:08:26.480256,15.69709869,.00019044,53.1624,162.2434,87.8947,272.2289,0,U,60731,999,12178,.21041314E-4,.196E-4,0
STARLINK-11266 [DTC],2024-152N,2026-10-05T01:22:56.346240,15.69723701,.00011235,53.1597,163.7691,86.8613,273.2534,0,U,60732,999,12172,.23070414E-4,.2209E-4,0
STARLINK-11242 [DTC],2024-154A,2026-10-05T10:52:28.869888,15.69695577,.00012547,53.1602,176.9499,86.7106,273.4055,0,U,60903,999,12146,.41263538E-4,.441E-4,0
STARLINK-11256 [DTC],2024-154B,2026-10-05T10:45:24.405696,15.69710619,.00008399,53.1575,176.9159,86.3220,273.7894,0,U,60904,999,12146,.16242371E-4,.138E-4,0
STARLINK-11159 [DTC],2024-154C,2026-10-04T23:49:38.754624,15.69710392,.00010155,53.1578,179.7839,103.1491,256.9641,0,U,60905,999,12138,.923311E-5,.53E-5,0
STARLINK-11264 [DTC],2024-154D,2026-10-05T10:24:22.227840,15.69704440,.00014068,53.1599,177.5544,90.2450,269.8729,0,U,60906,999,12145,.23431003E-4,.225E-4,0
STARLINK-11226 [DTC],2024-154E,2026-10-05T10:17:18.723552,15.69705139,.00014616,53.1615,177.5207,90.8276,269.2909,0,U,60907,999,12145,.12325803E-4,.904E-5,0
STARLINK-11229 [DTC],2024-154F,2026-10-05T10:10:14.305152,15.69709427,.00012075,53.1594,177.4882,95.2299,264.8857,0,U,60908,999,12145,.9953926E-5,.617E-5,0
STARLINK-11265 [DTC],2024-154G,2026-10-05T10:38:29.424768,15.69712847,.00010729,53.1579,177.6168,91.2938,268.8203,0,U,60909,999,12145,.10001231E-4,.623E-5,0
STARLINK-11250 [DTC],2024-154H,2026-10-05T00:53:04.287552,15.69709726,.00016192,53.1607,179.3369,76.0225,284.0972,0,U,60910,999,12139,.1256564E-4,.933E-5,0
STARLINK-11190 [DTC],2024-154J,2026-10-04T23:14:20.211936,15.69682619,.0001347,53.1596,179.6155,74.3968,285.7199,0,U,60911,999,12137,.60781854E-4,.6773E-4,0
STARLINK-11225 [DTC],2024-154K,2026-10-05T00:38:55.940640,15.69718411,.00007079,53.1595,179.2720,99.3633,260.7465,0,U,60912,999,12138,.20688767E-4,.192E-4,0
STARLINK-11273 [DTC],2024-154L,2026-10-05T00:31:52.680000,15.69714500,.00008974,53.1595,179.2419,89.4934,270.6186,0,U,60913,999,12138,.15331178E-4,.127E-4,0
STARLINK-11271 [DTC],2024-154N,2026-10-05T00:17:44.897280,15.69714000,.00009593,53.1592,179.1730,86.6402,273.4725,0,U,60915,999,12138,.14929593E-4,.1221E-4,0
STARLINK-11239 [DTC],2024-155A,2026-10-05T13:59:31.708032,15.69677909,.00009819,53.1592,26.9162,95.1822,264.9308,0,U,60924,999,12136,-.4172002E-4,-.5632E-4,0
STARLINK-11245 [DTC],2024-155B,2026-10-05T13:38:19.135392,15.69690908,.00009405,53.1598,26.8168,47.8999,312.2099,0,U,60925,999,12136,-.1704552E-4,-.2651E-4,0
STARLINK-11244 [DTC],2024-155C,2026-10-05T13:24:11.819232,15.69686135,.00007683,53.1592,26.7541,80.6589,279.4516,0,U,60926,999,12141,-.2543338E-4,-.3665E-4,0
STARLINK-11243 [DTC],2024-155D,2026-10-05T13:31:15.206880,15.69688585,.0000449,53.1584,26.7835,35.8855,324.2193,0,U,60927,999,12136,-.14338611E-4,-.2322E-4,0
STARLINK-11238 [DTC],2024-155E,2026-10-05T13:17:08.769408,15.69680661,.00008202,53.1590,26.7194,64.4611,295.6492,0,U,60928,999,12141,-.26469922E-4,-.3789E-4,0
STARLINK-11240 [DTC],2024-155F,2026-10-05T14:41:44.103264,15.69655732,.00018752,53.1571,26.3718,29.8593,330.2531,0,U,60929,999,12137,.10628732E-2,.129921E-2,0
STARLINK-11251 [DTC],2024-155G,2026-10-05T14:34:42.009024,15.69675159,.00009073,53.1589,26.3388,76.4471,283.6648,0,U,60930,999,12137,-.3559579E-4,-.4891E-4,0
STARLINK-11204 [DTC],2024-155H,2026-10-05T14:27:38.426976,15.69674487,.00008063,53.1585,26.3058,76.3840,283.7267,0,U,60931,999,12137,-.37228513E-4,-.5088E-4,0
STARLINK-11246 [DTC],2024-155J,2026-10-05T14:20:33.703584,15.69696558,.0001005,53.1595,26.2731,72.6623,287.4505,0,U,60932,999,12137,-.7627756E-5,-.1512E-4,0
STARLINK-11207 [DTC],2024-155K,2026-10-05T14:13:29.830368,15.69690715,.00010384,53.1596,26.2404,89.8277,270.2860,0,U,60933,999,12137,-.28466697E-4,-.4032E-4,0
STARLINK-11237 [DTC],2024-155L,2026-10-05T14:06:26.510976,15.69681218,.00009626,53.1610,26.2089,35.8576,324.2507,0,U,60934,999,12138,-.27271254E-4,-.3886E-4,0
STARLINK-11253 [DTC],2024-155M,2026-10-05T13:52:27.302592,15.69690913,.00015637,53.1590,26.8770,86.0030,274.1166,0,U,60935,999,12136,-.41936566E-4,-.5662E-4,0
STARLINK-11241 [DTC],2024-155N,2026-10-05T13:45:22.901472,15.69690304,.0001497,53.1601,26.8436,95.8638,264.2551,0,U,60936,999,12136,-.1755853E-4,-.2714E-4,0
STARLINK-11289 [DTC],2024-158B,2026-10-05T09:24:19.244160,15.69717439,.00009733,53.1604,327.2962,78.7343,281.3784,0,U,60991,999,12053,.23630561E-4,.2276E-4,0
STARLINK-11282 [DTC],2024-158C,2026-10-05T09:45:30.513888,15.69719692,.00011267,53.1590,327.3965,78.0637,282.0507,0,U,60992,999,12053,.11995532E-4,.865E-5,0
STARLINK-11283 [DTC],2024-158D,2026-10-05T10:34:58.346976,15.69701981,.00012058,53.1578,327.6197,64.8563,295.2580,0,U,60993,999,12053,-.145693E-5,-.765E-5,0
STARLINK-11267 [DTC],2024-158E,2026-10-05T10:27:54.596448,15.69702911,.00021218,53.1586,327.5916,87.4351,272.6909,0,U,60994,999,12053,.5623129E-5,.91E-6,0
STARLINK-11269 [DTC],2024-158F,2026-10-05T10:20:49.009056,15.69735849,.00022444,53.1584,327.5548,85.7558,274.3716,0,U,60995,999,12052,.37726249E-4,.3987E-4,0
STARLINK-11281 [DTC],2024-158G,2026-10-05T10:13:46.704000,15.69701282,.0000895,53.1586,327.5205,66.1212,293.9900,0,U,60996,999,12052,.3989391E-5,-.105E-5,0
STARLINK-11260 [DTC],2024-158H,2026-10-05T08:37:42.032928,15.69718216,.0000931,53.1567,305.5015,81.4721,278.6402,0,U,60997,999,12088,.12569306E-4,.935E-5,0
STARLINK-11287 [DTC],2024-158J,2026-10-05T10:06:41.463936,15.69728673,.00016539,53.1589,327.4880,86.5143,273.6064,0,U,60998,999,12052,.1260612E-4,.939E-5,0
STARLINK-11270 [DTC],2024-158K,2026-10-05T11:31:19.328448,15.69722912,.00014967,53.1574,327.1411,56.2212,303.8948,0,U,60999,999,12053,.108833E-2,.133474E-2,0
STARLINK-11290 [DTC],2024-158L,2026-10-05T09:52:36.087456,15.69686135,.00011859,53.1596,327.4225,83.2235,276.8918,0,U,61000,999,12059,-.5108041E-5,-.1207E-4,0
STARLINK-11274 [DTC],2024-158M,2026-10-05T11:10:08.488128,15.69705810,.00014646,53.1589,327.0443,95.1898,264.9287,0,U,61001,999,12053,-.7464331E-5,-.1493E-4,0
STARLINK-11288 [DTC],2024-158N,2026-10-05T09:31:23.006784,15.69717363,.00007054,53.1586,327.3260,68.9931,291.1162,0,U,61002,999,12052,.15498122E-4,.129E-4,0
STARLINK-11286 [DTC],2024-164A,2026-10-05T12:17:11.723136,15.69680946,.00008651,53.1589,356.9398,91.9427,268.1690,0,U,61050,999,11837,-.22131627E-4,-.3265E-4,0
STARLINK-11252 [DTC],2024-164B,2026-10-05T12:10:07.958784,15.69679373,.00011432,53.1591,356.9069,100.3148,259.7998,0,U,61051,999,11837,-.2211155E-5,-.856E-5,0
STARLINK-11230 [DTC],2024-164D,2026-10-05T14:59:21.917472,15.69684259,.00012034,53.1581,356.2119,96.0841,264.0314,0,U,61053,999,11839,-.21115467E-4,-.3143E-4,0
STARLINK-11294 [DTC],2024-164E,2026-10-05T11:48:55.731744,15.69691330,.00011516,53.1593,356.8072,72.0640,288.0504,0,U,61054,999,11837,-.20442852E-4,-.3062E-4,0
STARLINK-11268 [DTC],2024-164F,2026-10-05T11:41:50.151264,15.69715912,.00013421,53.1612,356.7756,84.9659,275.1512,0,U,61055,999,11837,.10968114E-4,.74E-5,0
STARLINK-11156 [DTC],2024-164G,2026-10-05T11:34:45.975648,15.69710825,.00008704,53.1598,356.7380,102.5647,257.5468,0,U,61056,999,11837,.4171684E-5,-.83E-6,0
STARLINK-11231 [DTC],2024-164H,2026-10-05T11:27:53.765568,15.69686061,.00010085,53.1599,357.4441,54.5943,305.5169,0,U,61057,999,11836,-.21080424E-4,-.3139E-4,0
STARLINK-11299 [DTC],2024-164J,2026-10-05T11:20:49.988256,15.69681925,.00014699,53.1577,357.4120,36.5875,323.5243,0,U,61058,999,11836,-.21604327E-4,-.3202E-4,0
STARLINK-11154 [DTC],2024-164K,2026-10-05T11:13:45.725376,15.69689499,.0001313,53.1602,357.3778,74.2550,285.8612,0,U,61059,999,11836,-.19616161E-4,-.2962E-4,0
STARLINK-11297 [DTC],2024-164L,2026-10-05T12:38:25.113984,15.69659445,.00009099,53.1592,357.0316,82.9747,277.1374,0,U,61060,999,11837,-.53305153E-4,-.7026E-4,0
STARLINK-11233 [DTC],2024-164M,2026-10-05T12:31:18.956352,15.69687523,.00011167,53.1583,356.9985,67.3629,292.7507,0,U,61061,999,11837,-.17404626E-4,-.2694E-4,0
STARLINK-11236 [DTC],2024-164N,2026-10-05T12:24:15.329376,15.69683148,.0000891,53.1588,356.9657,91.1440,268.9680,0,U,61062,999,11837,-.25584107E-4,-.3683E-4,0
STARLINK-11209 [DTC],2024-171A,2026-10-05T01:58:19.505280,15.69718637,.00011188,53.1587,224.2275,91.5463,268.5683,0,U,61200,999,11819,.7935044E-5,.373E-5,0
STARLINK-11257 [DTC],2024-171B,2026-10-05T03:22:56.625024,15.69714334,.00013445,53.1599,223.8730,101.2352,258.8817,0,U,61201,999,11729,.19111263E-4,.1727E-4,0
STARLINK-11309 [DTC],2024-171C,2026-10-05T03:15:51.523200,15.69726268,.00012666,53.1599,223.8395,118.9177,241.1969,0,U,61202,999,11729,.33047372E-4,.3419E-4,0
STARLINK-11292 [DTC],2024-171D,2026-10-05T13:50:36.909312,15.69702560,.00012639,53.1593,221.6126,87.7315,272.3848,0,U,61203,999,11736,.3389428E-5,-.178E-5,0
STARLINK-11302 [DTC],2024-171E,2026-10-05T03:01:45.026112,15.69717395,.00014355,53.1598,223.7784,84.6547,275.4635,0,U,61204,999,11729,.11903519E-4,.853E-5,0
STARLINK-11277 [DTC],2024-171F,2026-10-05T13:29:25.414944,15.69705363,.00011654,53.1588,221.5128,96.1550,263.9600,0,U,61205,999,11736,-.190071E-5,-.819E-5,0
STARLINK-11279 [DTC],2024-171G,2026-10-05T13:22:21.398304,15.69708190,.0001186,53.1595,221.4800,78.6096,281.5055,0,U,61206,999,11736,.4605745E-5,-.31E-6,0
STARLINK-11091 [DTC],2024-171H,2026-10-05T13:36:29.752128,15.69703549,.00010306,53.1603,221.5467,89.4256,270.6880,0,U,61207,999,11736,.4653473E-5,-.25E-6,0
STARLINK-11291 [DTC],2024-171J,2026-10-05T13:15:17.771328,15.69697465,.00012815,53.1587,221.4457,74.0699,286.0460,0,U,61208,999,11736,.1771142E-4,.1556E-4,0
STARLINK-11304 [DTC],2024-171K,2026-10-05T13:08:13.584480,15.69709870,.00011345,53.1576,221.4162,86.1975,273.9173,0,U,61209,999,11827,.7787176E-5,.355E-5,0
STARLINK-11307 [DTC],2024-171L,2026-10-05T03:51:11.719584,15.69716328,.00012164,53.1600,223.9982,117.6482,242.4660,0,U,61210,999,11729,.21338151E-4,.1998E-4,0
STARLINK-11298 [DTC],2024-171M,2026-10-05T02:12:27.085824,15.69712690,.0000885,53.1604,224.2817,88.3790,271.7330,0,U,61211,999,11728,.12889785E-4,.974E-5,0
STARLINK-11310 [DTC],2024-171N,2026-10-05T03:37:04.089792,15.69731015,.00011551,53.1593,223.9330,88.0795,272.0356,0,U,61212,999,11729,-.7281E-6,-.677E-5,0
STARLINK-11300 [DTC],2024-175A,2026-10-04T21:23:14.701632,15.69705533,.00013613,53.1603,105.0039,71.3468,288.7698,0,U,61243,999,11622,.22595786E-4,.2149E-4,0
STARLINK-11276 [DTC],2024-175B,2026-10-04T22:47:51.422208,15.69719210,.00013603,53.1592,104.6556,69.5196,290.5967,0,U,61244,999,11623,.23938478E-4,.2313E-4,0
STARLINK-11280 [DTC],2024-175C,2026-10-04T22:33:44.131104,15.69716128,.00011628,53.1586,104.5965,95.2094,264.9057,0,U,61245,999,11623,.14261423E-4,.114E-4,0
STARLINK-11308 [DTC],2024-175D,2026-10-04T22:40:47.849664,15.69715445,.00009389,53.1590,104.6232,82.9556,277.1569,0,U,61246,999,11623,.11257927E-4,.776E-5,0
STARLINK-11305 [DTC],2024-175E,2026-10-04T17:51:37.601280,15.69708547,.00009228,53.1593,105.4981,88.8711,271.2412,0,U,61247,999,11620,.5366518E-5,.62E-6,0
STARLINK-11317 [DTC],2024-175F,2026-10-04T19:16:14.801376,15.69704618,.000092,53.1591,105.1518,82.1872,277.9250,0,U,61248,999,11621,.12894189E-4,.974E-5,0
STARLINK-11293 [DTC],2024-175G,2026-10-04T22:12:32.532192,15.69711998,.00011182,53.1596,104.4907,83.4400,276.6745,0,U,61249,999,11623,.20725429E-4,.1923E-4,0
STARLINK-11319 [DTC],2024-175J,2026-10-05T05:36:58.541760,15.69716066,.00009626,53.1600,103.5899,88.2074,271.9054,0,U,61251,999,11627,.1179269E-4,.841E-5,0
STARLINK-11318 [DTC],2024-175K,2026-10-05T05:29:54.436992,15.69720773,.00009759,53.1591,103.5558,89.4736,270.6394,0,U,61252,999,11744,.1996424E-4,.1832E-4,0
STARLINK-11311 [DTC],2024-175L,2026-10-04T21:44:26.131200,15.69718917,.00012361,53.1591,105.0909,83.7811,276.3348,0,U,61253,999,11743,.14096728E-4,.112E-4,0
STARLINK-11306 [DTC],2024-175M,2026-10-05T05:15:47.062944,15.69717363,.00014402,53.1589,103.4912,98.6381,261.4800,0,U,61254,999,11747,.17904469E-4,.1581E-4,0
STARLINK-11313 [DTC],2024-175N,2026-10-04T23:01:59.381184,15.69711373,.00011943,53.1596,104.7120,104.4349,255.6801,0,U,61255,999,11623,.13232575E-4,.1015E-4,0
STARLINK-11354 [DTC],2024-184A,2026-10-05T05:01:40.670400,15.69706532,.0001013,53.1591,283.4910,61.0640,299.0480,0,U,61532,999,11332,.9983513E-5,.621E-5,0
STARLINK-11323 [DTC],2024-184B,2026-10-05T06:19:14.240064,15.69709257,.00014572,53.1599,283.1123,77.4060,282.7121,0,U,61533,999,11333,-.314585E-6,-.627E-5,0
STARLINK-11338 [DTC],2024-184C,2026-10-05T06:26:17.312352,15.69716254,.00008917,53.1584,283.1436,87.8645,272.2475,0,U,61534,999,11333,.9595153E-5,.575E-5,0
STARLINK-11362 [DTC],2024-184D,2026-10-05T06:05:05.685792,15.69716215,.0000679,53.1583,283.0459,76.9890,283.1204,0,U,61535,999,11333,.141596E-4,.1128E-4,0
STARLINK-11295 [DTC],2024-184E,2026-10-05T06:12:10.560384,15.69708208,.00016364,53.1578,283.0809,70.2762,289.8432,0,U,61536,999,11333,.3429474E-5,-.174E-5,0
STARLINK-11325 [DTC],2024-184G,2026-10-05T07:22:38.679168,15.69732342,.00007123,53.1593,282.6652,28.7258,331.3799,0,U,61538,999,11334,-.2275485E-4,-.3346E-4,0
STARLINK-11332 [DTC],2024-184H,2026-10-05T07:15:36.151200,15.69708612,.00010954,53.1607,282.6550,87.0316,273.0827,0,U,61539,999,11334,-.384513E-6,-.635E-5,0
STARLINK-11350 [DTC],2024-184J,2026-10-05T05:36:48.477888,15.69801145,.00010054,53.1589,282.9142,105.3242,254.7887,0,U,61540,999,11333,-.11256019E-3,-.14254E-3,0
STARLINK-11357 [DTC],2024-184K,2026-10-05T07:01:36.566112,15.69714178,.00011215,53.1596,283.3030,81.5899,278.5246,0,U,61541,999,11333,.1487431E-4,.1214E-4,0
STARLINK-11322 [DTC],2024-184L,2026-10-05T06:54:32.668704,15.69714917,.00010556,53.1589,283.2706,73.6289,286.4845,0,U,61542,999,11439,.8931756E-5,.494E-5,0
STARLINK-11364 [DTC],2024-184M,2026-10-05T06:47:29.129856,15.69704671,.00008669,53.1594,283.2365,106.8630,253.2483,0,U,61543,999,11333,.22574106E-4,.2147E-4,0
STARLINK-11349 [DTC],2024-184N,2026-10-05T06:40:24.717504,15.69721008,.00008278,53.1585,283.2040,70.4627,289.6481,0,U,61544,999,11333,.19134962E-4,.1731E-4,0
STARLINK-11356 [DTC],2024-187A,2026-10-05T10:33:08.654400,15.69690247,.00011699,53.1577,342.2844,63.0701,297.0436,0,U,61574,999,11372,-.36766583E-4,-.5036E-4,0
STARLINK-11376 [DTC],2024-187B,2026-10-05T10:26:04.198848,15.69709880,.00008186,53.1570,342.2518,45.4088,314.6996,0,U,61575,999,11364,.5954896E-5,.133E-5,0
STARLINK-11372 [DTC],2024-187C,2026-10-05T10:19:02.157312,15.69683039,.0001197,53.1596,342.2185,91.5190,268.5965,0,U,61576,999,11369,-.28806997E-4,-.4073E-4,0
STARLINK-11375 [DTC],2024-187D,2026-10-05T10:11:55.680864,15.69695278,.00006892,53.1594,342.1857,105.1733,254.9361,0,U,61577,999,11369,.35947075E-4,.3766E-4,0
STARLINK-11285 [DTC],2024-187E,2026-10-05T10:04:56.196768,15.69658925,.00011319,53.1586,342.1523,50.7872,309.3247,0,U,61578,999,11364,-.504931E-4,-.6687E-4,0
STARLINK-11275 [DTC],2024-187F,2026-10-05T11:29:31.070976,15.69694473,.00010698,53.1584,341.8059,94.4624,265.6516,0,U,61579,999,11365,-.23345729E-4,-.3414E-4,0
STARLINK-11342 [DTC],2024-187G,2026-10-05T11:22:27.498432,15.69703300,.00010296,53.1589,341.7751,81.6566,278.4568,0,U,61580,999,11375,-.33827645E-4,-.4683E-4,0
STARLINK-11374 [DTC],2024-187H,2026-10-05T09:43:51.284352,15.69695448,.0001479,53.1594,342.7897,60.9011,299.2155,0,U,61581,999,11373,-.7796506E-5,-.1533E-4,0
STARLINK-11373 [DTC],2024-187J,2026-10-05T11:08:27.708576,15.69690280,.0000556,53.1602,342.4412,63.7216,296.3859,0,U,61582,999,11369,-.194715E-5,-.823E-5,0
STARLINK-11368 [DTC],2024-187K,2026-10-05T12:33:05.672448,15.69691858,.00010351,53.1586,342.0945,99.7116,260.4019,0,U,61583,999,11365,-.17277518E-4,-.2679E-4,0
STARLINK-11370 [DTC],2024-187L,2026-10-05T10:54:21.199392,15.69684338,.00013689,53.1588,342.3773,66.8081,293.3081,0,U,61584,999,11369,-.26466023E-4,-.379E-4,0
STARLINK-11361 [DTC],2024-187M,2026-10-05T12:18:56.550528,15.69698076,.00012681,53.1574,342.0297,71.6816,288.4340,0,U,61585,999,11370,.10661642E-2,.130562E-2,0
STARLINK-11360 [DTC],2024-187N,2026-10-05T10:40:11.362080,15.69718293,.00010728,53.1599,342.3116,73.5591,286.5545,0,U,61586,999,11374,.12672189E-4,.947E-5,0
STARLINK-11335 [DTC],2024-195A,2026-10-05T15:18:52.346304,15.69676413,.00011725,53.1588,71.6417,93.4593,266.6559,0,U,61687,999,11200,-.4014266E-4,-.5442E-4,0
STARLINK-11344 [DTC],2024-195B,2026-10-05T15:11:46.183488,15.69710270,.00009237,53.1583,71.6080,71.1767,288.9351,0,U,61688,999,11200,.334481E-6,-.548E-5,0
STARLINK-11312 [DTC],2024-195C,2026-10-05T15:04:44.056416,15.69813808,.00018216,53.1601,71.5756,58.7070,301.4126,0,U,61689,999,11200,-.1468077E-3,-.18414E-3,0
STARLINK-11340 [DTC],2024-195D,2026-10-05T14:57:38.201184,15.69710258,.00006276,53.1591,71.5425,65.2863,294.8220,0,U,61690,999,11200,.943667E-5,.555E-5,0
STARLINK-11339 [DTC],2024-195E,2026-10-05T14:43:31.067328,15.69706534,.00012598,53.1609,71.4761,102.9478,257.1681,0,U,61691,999,11200,.1600671E-5,-.395E-5,0
STARLINK-11315 [DTC],2024-195F,2026-10-05T14:50:33.918432,15.69734888,.00009423,53.1578,71.5081,60.0327,300.0784,0,U,61692,999,11200,-.32461691E-4,-.4523E-4,0
STARLINK-11366 [DTC],2024-195G,2026-10-05T14:36:27.377280,15.69705647,.0000883,53.1599,71.4465,81.8337,278.2781,0,U,61693,999,11200,-.13860874E-4,-.2267E-4,0
STARLINK-11348 [DTC],2024-195H,2026-10-05T14:29:22.483680,15.69713731,.00009836,53.1594,71.4111,102.1351,257.9777,0,U,61694,999,11200,.16490321E-4,.141E-4,0
STARLINK-11327 [DTC],2024-195J,2026-10-05T14:22:18.496416,15.69719638,.00010126,53.1587,71.3792,83.7252,276.3881,0,U,61695,999,11200,.7581576E-5,.33E-5,0
STARLINK-11341 [DTC],2024-195K,2026-10-05T14:15:14.749344,15.69720964,.00011034,53.1575,71.3446,68.9888,291.1248,0,U,61696,999,11200,.12059255E-4,.873E-5,0
STARLINK-11346 [DTC],2024-195L,2026-10-05T14:08:10.518432,15.69723576,.00014083,53.1587,71.3131,101.5155,258.6021,0,U,61697,999,11200,.10270296E-4,.656E-5,0
STARLINK-11296 [DTC],2024-195N,2026-10-05T13:54:03.083904,15.69721057,.00012474,53.1603,71.2485,98.0441,262.0718,0,U,61699,999,11200,.15668108E-4,.131E-4,0
STARLINK-11402 [DTC],2024-204A,2026-10-05T15:08:17.910240,15.69675067,.00012916,53.1595,41.6924,72.5261,287.5898,0,U,61874,999,11047,-.32840777E-4,-.4559E-4,0
STARLINK-11316 [DTC],2024-204B,2026-10-05T13:43:31.488672,15.69677917,.00012236,53.1585,41.2815,46.8312,313.2808,0,U,61875,999,10988,-.3647471E-4,-.4999E-4,0
STARLINK-11321 [DTC],2024-204D,2026-10-05T14:54:09.981504,15.69671320,.00011733,53.1598,41.6058,94.2218,265.8934,0,U,61877,999,10987,-.43715748E-4,-.5872E-4,0
STARLINK-11314 [DTC],2024-204E,2026-10-05T14:47:05.169984,15.69687880,.00011609,53.1608,41.5733,98.0871,262.0279,0,U,61878,999,10988,-.23348188E-4,-.3413E-4,0
STARLINK-11324 [DTC],2024-204F,2026-10-05T14:40:01.504128,15.69681792,.00010067,53.1604,41.5395,90.8134,269.3000,0,U,61879,999,10988,-.29471804E-4,-.4153E-4,0
STARLINK-11328 [DTC],2024-204G,2026-10-05T14:32:58.169184,15.69675535,.00010399,53.1587,41.5062,57.2111,302.9007,0,U,61880,999,10988,-.34566837E-4,-.4767E-4,0
STARLINK-11329 [DTC],2024-204H,2026-10-05T14:25:53.886432,15.69688840,.00022384,53.1572,41.4718,23.0407,337.0711,0,U,61881,999,10988,-.23838588E-4,-.3475E-4,0
STARLINK-11398 [DTC],2024-204J,2026-10-05T14:18:50.682816,15.69677896,.00008871,53.1597,41.4420,67.3643,292.7468,0,U,61882,999,10988,-.34265931E-4,-.4731E-4,0
STARLINK-11383 [DTC],2024-204K,2026-10-05T14:04:43.249152,15.69674326,.00013684,53.1590,41.3757,53.0761,307.0382,0,U,61883,999,10988,-.3950411E-4,-.5364E-4,0
STARLINK-11359 [DTC],2024-204L,2026-10-05T14:11:46.875264,15.69677622,.00009455,53.1574,41.4095,54.0618,306.0487,0,U,61884,999,10988,-.33869306E-4,-.4683E-4,0
STARLINK-11301 [DTC],2024-204M,2026-10-05T13:57:38.351232,15.69685394,.00008596,53.1595,41.3431,41.9433,318.1650,0,U,61885,999,10988,-.26059323E-4,-.374E-4,0
STARLINK-11351 [DTC],2024-204N,2026-10-05T13:50:36.293280,15.69662515,.00011302,53.1595,41.3091,58.6721,301.4407,0,U,61886,999,10988,-.51226634E-4,-.6777E-4,0
STARLINK-11407 [DTC],2024-209A,2026-10-05T14:59:19.274496,15.69630959,.00010858,53.1568,56.1346,76.9288,283.1851,0,U,61939,999,10971,.11221094E-2,.137171E-2,0
STARLINK-11337 [DTC],2024-209B,2026-10-05T14:52:15.476448,15.69632376,.0001047,53.1570,56.1012,65.6807,294.4320,0,U,61940,999,10969,.14921069E-2,.183641E-2,0
STARLINK-11353 [DTC],2024-209C,2026-10-05T14:45:11.744928,15.69630795,.00016531,53.1569,56.0682,29.5517,330.5594,0,U,61941,999,10965,.18918645E-2,.23443E-2,0
STARLINK-11320 [DTC],2024-209D,2026-10-05T14:38:16.502208,15.69646477,.00008784,53.1570,56.7702,81.8160,278.2958,0,U,61942,999,10964,.14845101E-2,.182791E-2,0
STARLINK-11425 [DTC],2024-209E,2026-10-05T14:31:12.756864,15.69640177,.00010009,53.1568,56.7382,76.8210,283.2919,0,U,61943,999,10964,.13618798E-2,.167283E-2,0
STARLINK-11422 [DTC],2024-209F,2026-10-05T14:24:08.773056,15.69826887,.00006794,53.1575,56.7065,156.2667,203.8382,0,U,61944,999,10964,.1484673E-2,.184219E-2,0
STARLINK-11421 [DTC],2024-209G,2026-10-05T15:48:46.183968,15.69643551,.00010792,53.1583,56.3594,107.1706,252.9430,0,U,61945,999,10965,.12257334E-2,.150209E-2,0
STARLINK-11410 [DTC],2024-209H,2026-10-05T15:41:42.290880,15.69638548,.00012005,53.1584,56.3250,104.1271,255.9880,0,U,61946,999,10969,.15961642E-2,.196855E-2,0
STARLINK-11390 [DTC],2024-209J,2026-10-05T15:34:38.573184,15.69644354,.00008863,53.1570,56.2929,99.3830,260.7288,0,U,61947,999,10969,.11582247E-2,.141763E-2,0
STARLINK-11414 [DTC],2024-209K,2026-10-05T15:06:23.257440,15.69625263,.00017591,53.1573,56.1639,28.3464,331.7650,0,U,61948,999,10969,.11794642E-2,.144306E-2,0
STARLINK-11424 [DTC],2024-209L,2026-10-05T15:13:27.172128,15.69633585,.00017109,53.1575,56.1966,40.2053,319.9091,0,U,61949,999,10965,.13242968E-2,.162513E-2,0
STARLINK-11423 [DTC],2024-209M,2026-10-05T15:27:35.354016,15.69677487,.00010254,53.1572,56.2622,62.0390,298.0732,0,U,61950,999,10969,.14134062E-2,.174046E-2,0
STARLINK-11395 [DTC],2024-209N,2026-10-05T15:20:30.951168,15.69643803,.00009793,53.1574,56.2272,82.0382,278.0747,0,U,61951,999,10965,.1127607E-2,.137932E-2,0
STARLINK-11433 [DTC],2024-213A,2026-10-05T15:31:04.004832,15.69782251,.00012118,53.1571,86.0773,108.8288,251.2862,0,U,62008,999,10789,.14680087E-2,.181751E-2,0
STARLINK-11262 [DTC],2024-213B,2026-10-05T14:54:03.730464,15.70417542,.0000609,53.1567,86.6475,29.1099,330.9953,0,U,62009,999,10788,.16208449E-2,.206747E-2,0
STARLINK-11326 [DTC],2024-213C,2026-10-04T23:10:48.182880,15.69781863,.00009632,53.1585,89.6585,81.7816,278.3311,0,U,62010,999,10778,.12736283E-2,.157133E-2,0
STARLINK-11330 [DTC],2024-213D,2026-10-05T14:48:49.700160,15.69830234,.00000887,53.1571,86.6209,273.2037,86.8971,0,U,62011,999,10788,.16407252E-2,.204175E-2,0
STARLINK-11363 [DTC],2024-213E,2026-10-05T05:03:24.500736,15.69789850,.00010696,53.1574,88.3409,72.9040,287.2095,0,U,62012,999,10782,.16124523E-2,.200205E-2,0
STARLINK-11377 [DTC],2024-213F,2026-10-04T22:49:36.774912,15.69775069,.00009769,53.1583,89.5668,89.0669,271.0461,0,U,62013,999,10778,.13221993E-2,.163223E-2,0
STARLINK-11385 [DTC],2024-213G,2026-10-05T14:41:45.921120,15.69840100,.0000466,53.1579,86.5877,201.1724,158.9274,0,U,62014,999,10788,.15586023E-2,.193754E-2,0
STARLINK-11396 [DTC],2024-213H,2026-10-04T22:35:29.081184,15.69799920,.00009458,53.1581,89.4959,102.8900,257.2223,0,U,62015,999,10778,.18826007E-2,.234936E-2,0
STARLINK-11393 [DTC],2024-213J,2026-10-05T15:16:56.247168,15.69851927,.00007258,53.1574,86.0144,134.1558,225.9520,0,U,62016,999,10789,.14386267E-2,.178549E-2,0
STARLINK-11343 [DTC],2024-213K,2026-10-04T21:46:11.064000,15.69757086,.00011829,53.1579,90.0090,67.4848,292.6296,0,U,62017,999,10777,.10066827E-2,.12344E-2,0
STARLINK-11411 [DTC],2024-213L,2026-10-04T23:03:44.293248,15.69785420,.00008483,53.1573,89.6290,94.9498,265.1616,0,U,62018,999,10778,.12868266E-2,.158824E-2,0
STARLINK-11404 [DTC],2024-213M,2026-10-05T15:02:57.196896,15.69911613,.00010179,53.1568,86.6825,159.0735,201.0324,0,U,62019,999,10788,.20350912E-2,.255846E-2,0
STARLINK-11378 [DTC],2024-213N,2026-10-05T15:09:52.392960,15.69782143,.00010399,53.1576,85.9792,118.3459,241.7664,0,U,62020,999,10789,.14800045E-2,.183274E-2,0
STARLINK-11465 [DTC],2024-217A,2026-10-04T21:21:26.156448,15.69734792,.00011811,53.1582,119.7689,92.9928,267.1225,0,U,62057,999,10803,.12862065E-2,.158405E-2,0
STARLINK-11426 [DTC],2024-217B,2026-10-04T22:46:03.505152,15.69760913,.00013504,53.1575,119.4231,60.4363,299.6790,0,U,62058,999,10798,.12636451E-2,.155735E-2,0
STARLINK-11454 [DTC],2024-217C,2026-10-04T23:35:30.233184,15.69784677,.00012471,53.1580,119.6487,80.1695,279.9464,0,U,62059,999,10804,.15965309E-2,.198129E-2,0
STARLINK-11473 [DTC],2024-217D,2026-10-04T23:49:37.576128,15.69783910,.00009928,53.1584,119.7143,88.4334,271.6797,0,U,62060,999,10804,.10459072E-2,.128495E-2,0
STARLINK-11429 [DTC],2024-217E,2026-10-04T23:28:26.455872,15.69775962,.00011949,53.1579,119.6158,65.7960,294.3182,0,U,62061,999,10804,.12697718E-2,.156607E-2,0
STARLINK-11470 [DTC],2024-217F,2026-10-04T23:21:22.539456,15.69788583,.00009683,53.1572,119.5806,80.7000,279.4128,0,U,62062,999,10798,.17789372E-2,.2215E-2,0
STARLINK-11427 [DTC],2024-217G,2026-10-04T23:42:33.747840,15.69762468,.00007842,53.1577,119.6806,97.8159,262.2948,0,U,62063,999,10804,.76629987E-3,.93503E-3,0
STARLINK-11456 [DTC],2024-217H,2026-10-04T21:28:29.971776,15.69742398,.0001033,53.1580,119.7982,93.7553,266.3583,0,U,62064,999,10803,.10243134E-2,.125568E-2,0
STARLINK-11474 [DTC],2024-217J,2026-10-04T22:38:59.700192,15.69749358,.00013422,53.1574,119.3879,79.8810,280.2359,0,U,62065,999,10804,.10316863E-2,.126528E-2,0
STARLINK-11463 [DTC],2024-217K,2026-10-04T23:14:18.746592,15.69788871,.00011942,53.1579,119.5550,86.6299,273.4855,0,U,62066,999,10804,.1676901E-2,.20843E-2,0
STARLINK-11472 [DTC],2024-217L,2026-10-05T00:03:45.542016,15.69781922,.00011127,53.1577,119.7751,74.8366,285.2775,0,U,62067,999,10797,.16392241E-2,.203555E-2,0
STARLINK-11467 [DTC],2024-217M,2026-10-04T23:07:14.772288,15.69777032,.00008218,53.1578,119.5157,99.1054,261.0057,0,U,62068,999,10804,.15885233E-2,.197045E-2,0
STARLINK-11460 [DTC],2024-217N,2026-10-04T23:56:41.553888,15.69789203,.00009696,53.1580,119.7418,77.4349,282.6778,0,U,62069,999,10798,.16813152E-2,.208999E-2,0
STARLINK-11384 [DTC],2024-220A,2026-10-05T06:57:05.395392,15.70900169,.00025406,42.9983,220.0454,228.4254,131.6396,0,U,62088,999,10801,.13940766E-2,.182893E-2,0
STARLINK-11379 [DTC],2024-220B,2026-10-05T12:55:41.809440,15.70947004,.00021938,43.0002,218.4706,293.9287,66.1351,0,U,62089,999,10795,.13115964E-2,.172156E-2,0
STARLINK-11387 [DTC],2024-220C,2026-10-05T12:48:03.236256,15.70965481,.00018761,42.9986,218.4275,298.6018,61.4660,0,U,62090,999,10805,.15543779E-2,.205078E-2,0
STARLINK-11389 [DTC],2024-220D,2026-10-05T12:40:24.258720,15.70941463,.00023909,42.9995,218.3837,301.7950,58.2685,0,U,62091,999,10795,.12607625E-2,.165292E-2,0
STARLINK-11388 [DTC],2024-220E,2026-10-04T21:17:10.009824,15.71109089,.00032109,43.0018,222.1767,262.3683,97.6820,0,U,62092,999,10785,.16188829E-2,.215187E-2,0
STARLINK-11345 [DTC],2024-220F,2026-10-05T07:50:24.884160,15.71008491,.0003701,43.0001,219.4494,253.0613,106.9850,0,U,62093,999,10792,.16922447E-2,.224269E-2,0
STARLINK-11381 [DTC],2024-220G,2026-10-05T01:36:32.417568,15.70946406,.00014971,43.0000,220.9397,257.5839,102.4861,0,U,62094,999,10788,.13429352E-2,.17636E-2,0
STARLINK-11369 [DTC],2024-220H,2026-10-04T20:54:13.586976,15.70906265,.00015487,43.0001,222.0474,254.2088,105.8609,0,U,62095,999,10795,.15694295E-2,.206589E-2,0
STARLINK-11303 [DTC],2024-220J,2026-10-04T22:18:08.694720,15.70860900,.00027034,43.0010,221.6215,291.4158,68.6421,0,U,62096,999,10796,.18455872E-2,.243664E-2,0
STARLINK-11367 [DTC],2024-220K,2026-10-05T13:26:04.848576,15.70932452,.00037744,43.0010,217.7465,277.9296,82.1143,0,U,62097,999,10806,.1293073E-2,.169593E-2,0
STARLINK-11386 [DTC],2024-220L,2026-10-05T13:18:26.976960,15.70998350,.00016408,42.9998,217.7038,292.6463,67.4231,0,U,62098,999,10796,.20145516E-2,.268345E-2,0
STARLINK-11380 [DTC],2024-220M,2026-10-05T13:10:48.243072,15.70977140,.00020756,42.9998,217.6607,294.0496,66.0154,0,U,62099,999,10796,.20822052E-2,.277433E-2,0
STARLINK-11394 [DTC],2024-231A,2026-10-05T08:49:06.357216,15.69770842,.00011143,53.1583,147.6428,81.4519,278.6625,0,U,62218,999,10634,.14263581E-2,.176378E-2,0
STARLINK-11490 [DTC],2024-231B,2026-10-05T08:56:10.293504,15.69770078,.00015639,53.1579,147.6743,74.7376,285.3815,0,U,62219,999,10634,.1252534E-2,.154395E-2,0
STARLINK-11466 [DTC],2024-231C,2026-10-05T01:31:52.835808,15.69789623,.00010446,53.1575,149.3080,83.6267,276.4870,0,U,62220,999,10629,.14178759E-2,.175443E-2,0
STARLINK-11468 [DTC],2024-231D,2026-10-05T00:14:19.514976,15.69762033,.0000899,53.1580,149.6862,93.0962,267.0159,0,U,62221,999,10628,.10455505E-2,.128331E-2,0
STARLINK-11488 [DTC],2024-231E,2026-10-05T01:24:49.169952,15.69787520,.00012791,53.1582,149.2751,61.2091,298.9055,0,U,62222,999,10629,.13114686E-2,.161952E-2,0
STARLINK-11483 [DTC],2024-231F,2026-10-05T08:13:47.212320,15.69751715,.00010712,53.1573,147.4777,96.9791,263.1348,0,U,62223,999,10634,.11765041E-2,.144705E-2,0
STARLINK-11492 [DTC],2024-231G,2026-10-05T00:07:15.843072,15.69797047,.00005821,53.1573,149.6644,87.2310,272.8775,0,U,62224,999,10628,.17725868E-2,.220768E-2,0
STARLINK-11471 [DTC],2024-231H,2026-10-05T08:20:51.196992,15.69755409,.00011432,53.1582,147.5225,81.6611,278.4536,0,U,62225,999,10634,.11806722E-2,.145251E-2,0
STARLINK-11475 [DTC],2024-231J,2026-10-05T08:27:54.900864,15.69791115,.00011017,53.1574,147.5415,81.3015,278.8127,0,U,62226,999,10634,.14691491E-2,.181965E-2,0
STARLINK-11469 [DTC],2024-231K,2026-10-05T08:42:02.423520,15.69812493,.00008887,53.1572,147.6050,73.3697,286.7418,0,U,62227,999,10634,.18664636E-2,.232984E-2,0
STARLINK-11476 [DTC],2024-231L,2026-10-05T08:06:43.076448,15.69755975,.0001013,53.1582,147.4425,103.3691,256.7440,0,U,62228,999,10635,.89771614E-3,.109828E-2,0
STARLINK-11485 [DTC],2024-231M,2026-10-05T08:34:58.506240,15.69757888,.000117,53.1584,147.5747,88.3133,271.8019,0,U,62229,999,10634,.10142965E-2,.124397E-2,0
STARLINK-11481 [DTC],2024-231N,2026-10-05T15:38:13.302240,15.69846567,.00006551,53.1570,146.5743,114.6317,245.4770,0,U,62230,999,10638,.17852307E-2,.222861E-2,0
STARLINK-11496 [DTC],2024-237A,2026-10-04T21:52:04.549728,15.70903597,.00008611,42.9997,235.8289,265.2725,94.8044,0,U,62267,999,10595,.13804399E-2,.181075E-2,0
STARLINK-11501 [DTC],2024-237B,2026-10-05T13:53:21.312960,15.70988734,.00027311,42.9996,231.3553,301.9670,58.0932,0,U,62268,999,10601,.1669014E-2,.220886E-2,0
STARLINK-11491 [DTC],2024-237C,2026-10-05T13:45:42.777792,15.71005578,.00028553,42.9986,231.3120,304.4911,55.5687,0,U,62269,999,10606,.19350274E-2,.257487E-2,0
STARLINK-11479 [DTC],2024-237D,2026-10-05T14:08:39.282720,15.70990106,.00023397,42.9999,231.4398,295.0204,65.0421,0,U,62270,999,10606,.17149127E-2,.227151E-2,0
STARLINK-11489 [DTC],2024-237E,2026-10-04T22:15:00.830016,15.70909780,.00015017,43.0003,235.9551,254.4908,105.5794,0,U,62271,999,10595,.17382467E-2,.229532E-2,0
STARLINK-11494 [DTC],2024-237F,2026-10-04T21:44:25.656864,15.70942140,.00015064,42.9991,235.7839,252.9660,107.1043,0,U,62272,999,10590,.24817894E-2,.332497E-2,0
STARLINK-11333 [DTC],2024-237G,2026-10-04T21:59:43.326816,15.70901784,.00008342,42.9975,235.8698,263.8761,96.2012,0,U,62273,999,10595,.14292138E-2,.187624E-2,0
STARLINK-11504 [DTC],2024-237H,2026-10-05T14:23:56.746176,15.70913092,.00011221,43.0003,231.5238,264.7124,95.3616,0,U,62274,999,10601,.15435373E-2,.203146E-2,0
STARLINK-11495 [DTC],2024-237J,2026-10-05T13:38:15.380448,15.70929760,.00012674,43.0007,232.1636,284.9377,75.1350,0,U,62275,999,10600,.12206164E-2,.159821E-2,0
STARLINK-11498 [DTC],2024-237K,2026-10-04T22:45:24.424704,15.70865559,.00027483,43.0008,235.2266,283.1536,76.9025,0,U,62276,999,10596,.1778594E-2,.234591E-2,0
STARLINK-11484 [DTC],2024-237L,2026-10-05T14:16:17.936256,15.71005683,.0002429,42.9995,231.4809,301.2358,58.8272,0,U,62277,999,10606,.19989554E-2,.266286E-2,0
STARLINK-11487 [DTC],2024-237M,2026-10-05T07:16:42.597120,15.70917822,.00024158,43.0023,233.6076,249.7116,110.3492,0,U,62278,999,10601,.14294563E-2,.187794E-2,0
STARLINK-11499 [DTC],2024-237N,2026-10-05T13:39:33.868800,15.70940209,.00023795,42.9973,232.1691,303.0136,57.0503,0,U,62279,999,10598,.12150472E-2,.159156E-2,0
STARLINK-11444 [DTC],2024-249A,2026-10-04T22:04:27.547392,15.70977803,.00017454,43.0003,346.7975,289.5073,70.5606,0,U,62409,999,10238,.25266439E-2,.339301E-2,0
STARLINK-11493 [DTC],2024-249B,2026-10-05T07:21:27.105408,15.70802909,.00014731,43.0007,344.5408,305.2907,54.7823,0,U,62410,999,10244,.13016629E-2,.169761E-2,0
STARLINK-11453 [DTC],2024-249C,2026-10-05T11:10:15.439008,15.70923084,.00029022,43.0008,343.1321,253.1523,106.9027,0,U,62411,999,10247,.13500399E-2,.177155E-2,0
STARLINK-11441 [DTC],2024-249E,2026-10-05T12:18:53.116992,15.71023011,.00027676,43.0031,342.6202,295.1704,64.8877,0,U,62413,999,10248,.12774028E-2,.168119E-2,0
STARLINK-11445 [DTC],2024-249F,2026-10-05T09:31:03.088128,15.70970461,.00021045,43.0004,343.4710,263.4304,96.6324,0,U,62414,999,10246,.20806337E-2,.277136E-2,0
STARLINK-11355 [DTC],2024-249G,2026-10-05T10:54:59.313888,15.70889973,.00011069,43.0006,343.0361,256.2581,103.8164,0,U,62415,999,10247,.15637029E-2,.205669E-2,0
STARLINK-11446 [DTC],2024-249H,2026-10-05T00:00:02.000160,15.70947640,.00015565,43.0007,345.5615,268.2118,126.9092,0,U,62416,999,600,-.18462725E-2,-.231922E-2,0
STARLINK-11428 [DTC],2024-249J,2026-10-05T11:33:11.742624,15.71062545,.00054177,43.0012,343.2647,127.2442,232.8920,0,U,62417,999,10247,.14348305E-2,.189794E-2,0
STARLINK-11447 [DTC],2024-249K,2026-10-04T11:46:18.728256,15.70850157,.00010751,43.0005,348.7056,249.2818,110.7935,0,U,62418,999,10232,.94095661E-3,.122128E-2,0
STARLINK-11434 [DTC],2024-249M,2026-10-05T11:40:50.463552,15.70866837,.00016895,43.0015,343.2996,235.8238,124.2469,0,U,62420,999,10247,.90732615E-3,.11777E-2,0
STARLINK-11461 [DTC],2024-249N,2026-10-05T11:25:32.803968,15.71060958,.000465,43.0011,343.2115,130.5815,229.5458,0,U,62421,999,10247,.1420103E-2,.187749E-2,0
STARLINK-11518 [DTC],2024-254A,2026-10-05T14:53:57.578784,15.70764788,.00019422,43.0009,37.9738,245.4401,114.6264,0,U,62462,999,10242,.13617974E-2,.177511E-2,0
STARLINK-11455 [DTC],2024-254B,2026-10-05T15:01:36.263424,15.70921526,.00038056,43.0002,38.0155,252.1466,107.8987,0,U,62463,999,10241,.16485064E-2,.217489E-2,0
STARLINK-11178 [DTC],2024-254D,2026-10-05T14:38:40.649280,15.70890779,.00025961,43.0029,37.8869,259.7296,100.3279,0,U,62465,999,10225,.12663858E-2,.165688E-2,0
STARLINK-11506 [DTC],2024-254E,2026-10-05T15:09:03.908736,15.70932935,.00032693,43.0023,37.1600,252.9091,107.1419,0,U,62466,999,10226,.17742774E-2,.234699E-2,0
STARLINK-11486 [DTC],2024-254F,2026-10-05T14:46:18.818976,15.70896930,.00032791,43.0036,37.9294,261.6229,98.4267,0,U,62467,999,10241,.12154424E-2,.158929E-2,0
STARLINK-11511 [DTC],2024-254G,2026-10-04T15:22:20.395776,15.70898638,.00026865,43.0015,43.5062,263.6759,96.3802,0,U,62468,999,10226,.12740122E-2,.166768E-2,0
STARLINK-11505 [DTC],2024-254H,2026-10-05T10:57:18.976032,15.71033813,.00109003,43.0016,38.4386,289.8628,70.1064,0,U,62469,999,10238,.17399308E-2,.231655E-2,0
STARLINK-11497 [DTC],2024-254J,2026-10-05T11:20:15.150912,15.71000049,.00060917,43.0008,38.5664,289.2440,70.7768,0,U,62470,999,10239,.14211482E-2,.18747E-2,0
STARLINK-11477 [DTC],2024-254K,2026-10-05T01:40:19.195104,15.70936264,.00013625,43.0010,40.6954,283.2630,76.8086,0,U,62471,999,10232,.1928385E-2,.255788E-2,0
STARLINK-11500 [DTC],2024-254L,2026-10-05T15:16:41.246400,15.70898271,.00029513,43.0015,37.2008,260.6654,99.3880,0,U,62472,999,10189,.66810908E-3,.86398E-3,0
STARLINK-11464 [DTC],2024-254M,2026-10-05T14:31:01.259616,15.70994788,.00023867,43.0006,37.8398,217.4076,142.6626,0,U,62473,999,10246,.12954171E-2,.170333E-2,0
STARLINK-11502 [DTC],2024-254N,2026-10-04T15:14:41.719776,15.70893641,.00026903,43.0033,43.4600,263.3471,96.7090,0,U,62474,999,10226,.12213716E-2,.159688E-2,0
STARLINK-11452 [DTC],2025-004A,2026-10-05T14:35:59.243712,15.70910876,.00021412,42.9967,245.3784,308.5228,51.5447,0,U,62511,999,10114,.1419857E-2,.186442E-2,0
STARLINK-11443 [DTC],2025-004B,2026-10-05T04:40:55.988544,15.70909088,.00012103,42.9992,248.3170,163.2228,196.8680,0,U,62512,999,10015,.18267183E-2,.241585E-2,0
STARLINK-11440 [DTC],2025-004C,2026-10-05T14:58:56.955648,15.70974398,.00015151,42.9999,245.5064,293.6340,66.4368,0,U,62513,999,10022,.16407257E-2,.216885E-2,0
STARLINK-11514 [DTC],2025-004D,2026-10-05T14:29:38.222304,15.71010879,.00050026,42.9984,245.3415,276.7584,83.2714,0,U,62514,999,10022,.19287307E-2,.256763E-2,0
STARLINK-11508 [DTC],2025-004E,2026-10-04T15:27:18.275328,15.70950285,.00017276,42.9996,251.0414,277.3072,82.7599,0,U,62515,999,10007,.20815159E-2,.277013E-2,0
STARLINK-11510 [DTC],2025-004F,2026-10-05T15:06:34.161120,15.70961184,.00022494,42.9999,245.5486,295.1812,64.8822,0,U,62516,999,10022,.15712147E-2,.207327E-2,0
STARLINK-11512 [DTC],2025-004G,2026-10-04T22:42:09.505440,15.70898377,.00019229,43.0002,248.9950,260.0183,100.0467,0,U,62517,999,10012,.147904E-2,.194313E-2,0
STARLINK-11450 [DTC],2025-004H,2026-10-05T14:43:37.234560,15.70952991,.00032041,42.9998,245.4172,290.5036,69.5487,0,U,62518,999,10022,.12072928E-2,.158218E-2,0
STARLINK-11507 [DTC],2025-004J,2026-10-04T23:35:41.242272,15.70819984,.00025029,42.9999,249.2923,274.0501,86.0081,0,U,62519,999,10012,.19957791E-2,.263715E-2,0
STARLINK-11482 [DTC],2025-004K,2026-10-05T04:56:02.276160,15.70891101,.00008756,43.0002,247.5034,253.7993,106.2779,0,U,62520,999,10016,.12891184E-2,.168723E-2,0
STARLINK-11528 [DTC],2025-004L,2026-10-05T15:14:12.712704,15.70902624,.00021649,42.9991,245.5834,287.2873,72.7758,0,U,62521,999,10022,.1474183E-2,.193696E-2,0
STARLINK-11516 [DTC],2025-004M,2026-10-05T14:28:19.791840,15.70949058,.00035214,42.9982,245.3291,285.6137,74.4342,0,U,62522,999,10022,.12726258E-2,.166961E-2,0
STARLINK-11527 [DTC],2025-004N,2026-10-05T05:03:43.494912,15.70793026,.00007525,43.0014,247.5452,258.0107,102.0676,0,U,62523,999,10016,.12352408E-2,.160834E-2,0
STARLINK-11538 [DTC],2025-006A,2026-10-05T13:26:21.059808,15.71049939,.00017495,43.0009,314.5036,295.7925,64.2762,0,U,62554,999,9961,.12862876E-2,.169499E-2,0
STARLINK-11534 [DTC],2025-006B,2026-10-04T10:05:55.588128,15.70837149,.00009072,43.0002,321.4415,240.3078,119.7699,0,U,62555,999,9943,.97154757E-3,.126105E-2,0
STARLINK-11515 [DTC],2025-006C,2026-10-04T20:16:26.656608,15.70943483,.00022633,43.0013,319.4866,268.8440,91.2169,0,U,62556,999,9949,.1718941E-2,.227241E-2,0
STARLINK-11478 [DTC],2025-006D,2026-10-05T09:29:53.498976,15.70830588,.00012163,42.9996,315.8629,240.5055,119.5691,0,U,62557,999,9958,.13660713E-2,.178582E-2,0
STARLINK-11358 [DTC],2025-006E,2026-10-05T13:56:55.283424,15.70899451,.00032787,43.0008,314.6729,265.5745,94.4748,0,U,62558,999,9961,.12022804E-2,.157187E-2,0
STARLINK-11517 [DTC],2025-006F,2026-10-05T09:37:32.202624,15.71124576,.00023135,43.0007,315.9048,202.6495,157.4271,0,U,62559,999,9958,.19061279E-2,.254815E-2,0
STARLINK-11519 [DTC],2025-006G,2026-10-04T09:44:29.359968,15.70838795,.00011015,43.0001,322.2160,265.0000,95.0742,0,U,62560,999,9942,.87473403E-3,.113326E-2,0
STARLINK-11451 [DTC],2025-006H,2026-10-04T10:13:34.236480,15.70849035,.00008115,42.9995,321.4814,162.7929,197.2966,0,U,62561,999,9943,.13688062E-2,.17909E-2,0
STARLINK-11530 [DTC],2025-006J,2026-10-04T09:43:10.455168,15.70830788,.00010903,43.0011,322.2077,254.4075,105.6673,0,U,62562,999,9942,.85319613E-3,.110449E-2,0
STARLINK-11536 [DTC],2025-006K,2026-10-04T19:30:34.568640,15.70938974,.00028155,42.9994,319.2254,284.1387,75.9167,0,U,62563,999,9949,.22586155E-2,.30138E-2,0
STARLINK-11540 [DTC],2025-006L,2026-10-05T09:45:11.080800,15.70961233,.00006854,43.0001,315.9459,203.3827,156.7010,0,U,62564,999,9958,.14206184E-2,.186944E-2,0
STARLINK-11523 [DTC],2025-006M,2026-10-05T09:52:49.781856,15.70959145,.00006853,43.0003,315.9886,197.7086,162.3758,0,U,62565,999,9958,.14173282E-2,.186483E-2,0
STARLINK-11525 [DTC],2025-006N,2026-10-04T09:50:49.216704,15.70801273,.00023048,43.0000,322.2454,277.2244,82.8362,0,U,62566,999,9942,-.27641514E-3,-.35711E-3,0
STARLINK-11547 [DTC],2025-008A,2026-10-05T01:55:23.454912,15.71029942,.00053509,42.9993,304.2352,292.1960,67.8340,0,U,62587,999,9904,.19340283E-2,.257726E-2,0
STARLINK-11185 [DTC],2025-008B,2026-10-05T08:47:18.746880,15.70976888,.00008195,43.0004,302.0610,216.6428,143.4384,0,U,62588,999,9909,.16778309E-2,.221962E-2,0
STARLINK-11513 [DTC],2025-008C,2026-10-05T01:40:06.083040,15.71022237,.00048236,42.9998,304.1477,285.8286,74.2050,0,U,62589,999,9904,.19171377E-2,.255284E-2,0
STARLINK-11397 [DTC],2025-008D,2026-10-05T12:59:03.511968,15.70963033,.00011547,42.9997,300.7805,256.8813,103.1926,0,U,62590,999,10023,.12070377E-2,.158229E-2,0
STARLINK-11420 [DTC],2025-008E,2026-10-05T01:47:44.644992,15.71008693,.00048534,43.0003,304.1906,289.1317,70.9025,0,U,62591,999,10022,.14328507E-2,.189061E-2,0
STARLINK-11415 [DTC],2025-008F,2026-10-04T18:32:53.608416,15.70912697,.00016678,42.9996,306.2336,293.0343,67.0349,0,U,62592,999,10010,.18317877E-2,.242315E-2,0
STARLINK-11413 [DTC],2025-008G,2026-10-05T02:03:02.022048,15.70973435,.00039044,43.0012,304.2762,290.9717,69.0733,0,U,62593,999,10011,.12813163E-2,.168314E-2,0
STARLINK-11535 [DTC],2025-008J,2026-10-04T03:32:23.796960,15.70837471,.00032134,42.9982,309.2523,287.9656,72.0861,0,U,62595,999,9992,.89816955E-3,.116432E-2,0
STARLINK-11521 [DTC],2025-008L,2026-10-05T08:54:57.402144,15.70973452,.00006137,43.0001,302.0986,183.3782,176.7082,0,U,62597,999,10026,.15383204E-2,.20297E-2,0
STARLINK-11258 [DTC],2025-008M,2026-10-04T19:18:34.523136,15.70968772,.00019368,43.0000,305.5918,276.8443,83.2204,0,U,62598,999,10017,.23560121E-2,.315313E-2,0
STARLINK-11529 [DTC],2025-008N,2026-10-04T08:45:18.248256,15.70832433,.00015216,43.0002,308.3158,269.4983,90.5710,0,U,62599,999,10011,.79762041E-3,.103143E-2,0
STARLINK-11548 [DTC],2025-019A,2026-10-04T22:33:03.390912,15.70924429,.00030148,43.0006,124.3983,271.2137,88.8385,0,U,62829,999,9679,.13409949E-2,.175951E-2,0
STARLINK-11480 [DTC],2025-019B,2026-10-05T14:19:13.526112,15.70885801,.00022499,43.0011,120.7387,306.5299,53.5362,0,U,62830,999,9689,.12270037E-2,.160381E-2,0
STARLINK-11559 [DTC],2025-019C,2026-10-04T23:49:30.861984,15.70863512,.00016897,43.0010,124.8257,275.2482,84.8192,0,U,62831,999,9679,.13053922E-2,.170704E-2,0
STARLINK-11549 [DTC],2025-019D,2026-10-04T23:26:33.832608,15.70989953,.00044821,43.0037,124.6970,263.6067,96.4291,0,U,62832,999,9679,.1341873E-2,.176608E-2,0
STARLINK-11554 [DTC],2025-019E,2026-10-04T23:34:13.316448,15.70863672,.00016806,43.0006,124.7394,266.4126,93.6550,0,U,62833,999,9679,.13138311E-2,.171835E-2,0
STARLINK-11520 [DTC],2025-019F,2026-10-04T22:40:42.037536,15.70930570,.00028241,43.0000,124.4411,264.4539,95.6006,0,U,62834,999,9680,.13260365E-2,.173984E-2,0
STARLINK-11546 [DTC],2025-019G,2026-10-04T20:54:02.373120,15.70947633,.00023518,43.0006,125.6323,262.8448,97.2152,0,U,62835,999,9677,.18133817E-2,.240171E-2,0
STARLINK-11533 [DTC],2025-019H,2026-10-04T23:11:18.796128,15.70973953,.00020635,43.0029,124.6089,299.4918,60.5744,0,U,62836,999,9679,.15799083E-2,.208618E-2,0
STARLINK-11557 [DTC],2025-019J,2026-10-04T22:48:20.608992,15.70954029,.00031899,42.9995,124.4788,252.8301,107.2218,0,U,62837,999,9679,.16394808E-2,.216549E-2,0
STARLINK-11556 [DTC],2025-019K,2026-10-04T21:10:27.427296,15.70967403,.0000884,42.9999,124.8265,237.4676,122.6106,0,U,62838,999,9678,.18404453E-2,.244077E-2,0
STARLINK-11524 [DTC],2025-019L,2026-10-04T23:41:51.923328,15.70865731,.00017062,43.0004,124.7800,260.2973,99.7702,0,U,62839,999,9679,.13129001E-2,.171726E-2,0
STARLINK-11551 [DTC],2025-019M,2026-10-05T14:11:34.542528,15.70943987,.0002426,43.0009,120.6894,248.9340,111.1269,0,U,62840,999,9689,.10779088E-2,.140852E-2,0
STARLINK-11531 [DTC],2025-019N,2026-10-05T14:34:30.729504,15.70880884,.00022523,43.0002,120.8175,264.7016,95.3594,0,U,62841,999,9689,.12231991E-3,.15303E-3,0
STARLINK-11371 [DTC],2025-024A,2026-10-05T12:23:23.608608,15.70797119,.00019213,43.0024,356.9832,241.7222,118.3452,0,U,62879,999,9646,.10035946E-2,.130128E-2,0
STARLINK-11352 [DTC],2025-024B,2026-10-04T12:36:29.361312,15.70893109,.00024403,43.0012,2.4320,263.2358,96.8232,0,U,62880,999,9631,.11772905E-2,.153791E-2,0
STARLINK-11382 [DTC],2025-024C,2026-10-05T15:03:34.916544,15.70814123,.00021282,43.0022,356.0869,259.5608,100.5020,0,U,62881,999,9648,.11189965E-2,.14552E-2,0
STARLINK-11432 [DTC],2025-024D,2026-10-05T09:12:37.664064,15.70882913,.00017619,43.0008,357.7052,249.6567,110.4112,0,U,62882,999,9644,.11313173E-2,.147587E-2,0
STARLINK-11419 [DTC],2025-024E,2026-10-05T05:46:33.850848,15.70941611,.0001299,43.0001,358.3433,265.7141,94.3578,0,U,62883,999,9642,.15222847E-2,.200519E-2,0
STARLINK-11437 [DTC],2025-024F,2026-10-05T12:08:06.239328,15.70907659,.00030801,43.0024,356.8950,252.6516,107.4015,0,U,62884,999,9646,.117849E-2,.154058E-2,0
STARLINK-11442 [DTC],2025-024G,2026-10-05T08:11:27.530304,15.71090169,.0004052,43.0013,357.3618,258.3095,101.7318,0,U,62885,999,9644,.23914104E-2,.322003E-2,0
STARLINK-11365 [DTC],2025-024H,2026-10-05T11:22:13.944000,15.71061315,.00034371,43.0019,356.6371,299.2993,60.7531,0,U,62886,999,9646,.17286748E-2,.22976E-2,0
STARLINK-11436 [DTC],2025-024J,2026-10-05T13:16:43.827456,15.70846399,.00017249,43.0010,356.3823,261.7816,98.2856,0,U,62887,999,9647,.1109043E-2,.144394E-2,0
STARLINK-11438 [DTC],2025-024K,2026-10-05T08:20:25.129248,15.70903698,.00021468,43.0015,357.4103,224.9421,135.1274,0,U,62888,999,9644,.70713129E-3,.9154E-3,0
STARLINK-11391 [DTC],2025-024L,2026-10-04T12:44:07.756512,15.70906893,.00026603,43.0009,2.4527,260.4648,99.5920,0,U,62889,999,9631,.13765633E-2,.180592E-2,0
STARLINK-11431 [DTC],2025-024M,2026-10-05T12:38:40.884576,15.70812433,.0002549,43.0039,357.0638,258.6451,101.4130,0,U,62890,999,9646,.18520328E-4,.1925E-4,0
STARLINK-11435 [DTC],2025-024N,2026-10-05T12:31:02.287200,15.70859044,.0001287,43.0004,357.0195,279.0160,81.0562,0,U,62891,999,9646,.69696726E-3,.90027E-3,0
STARLINK-11552 [DTC],2025-027A,2026-10-05T14:17:13.730784,15.70863004,.00013652,42.9991,162.5308,272.0383,88.0328,0,U,62907,999,9620,.12458948E-2,.162741E-2,0
STARLINK-11561 [DTC],2025-027B,2026-10-05T09:04:19.916256,15.70911603,.00005809,43.0027,163.4635,341.5409,18.5438,0,U,62908,999,9613,.19338851E-2,.256274E-2,0
STARLINK-11567 [DTC],2025-027C,2026-10-05T00:56:07.618848,15.70942794,.00027653,43.0035,166.1056,254.9272,105.1290,0,U,62909,999,9607,.13099354E-2,.171909E-2,0
STARLINK-11569 [DTC],2025-027D,2026-10-05T09:19:37.647552,15.71057784,.00011595,43.0013,163.5516,339.6889,20.3933,0,U,62910,999,9613,.14333036E-2,.189441E-2,0
STARLINK-11537 [DTC],2025-027E,2026-10-05T09:34:55.116192,15.71058867,.00012987,42.9997,163.6365,342.9524,17.1300,0,U,62911,999,9617,.1439942E-2,.190351E-2,0
STARLINK-11565 [DTC],2025-027F,2026-10-05T01:11:13.855488,15.70944636,.00030449,43.0012,165.2949,269.6275,90.4244,0,U,62912,999,9608,.14663001E-2,.192996E-2,0
STARLINK-11564 [DTC],2025-027G,2026-10-05T09:50:11.780448,15.70937063,.00019968,43.0013,163.7214,278.6171,81.4471,0,U,62913,999,9613,.1698891E-2,.224446E-2,0
STARLINK-11566 [DTC],2025-027H,2026-10-05T00:48:28.868544,15.70962056,.0002964,43.0022,166.0609,249.7558,110.2991,0,U,62914,999,9611,.14807747E-2,.195096E-2,0
STARLINK-11555 [DTC],2025-027J,2026-10-05T00:49:47.546976,15.70951717,.00030328,43.0017,166.0683,253.5393,106.5141,0,U,62915,999,9611,.14918794E-2,.196513E-2,0
STARLINK-11430 [DTC],2025-027K,2026-10-05T14:47:50.332992,15.70932708,.0002738,43.0007,162.6983,234.3942,125.6670,0,U,62916,999,9620,.19249026E-2,.255283E-2,0
STARLINK-11560 [DTC],2025-027L,2026-10-05T09:27:16.200864,15.71066668,.00014935,43.0003,163.5915,330.4926,29.5857,0,U,62917,999,9613,.14815973E-2,.196071E-2,0
STARLINK-11562 [DTC],2025-027M,2026-10-05T09:11:55.696992,15.71022369,.00088804,43.0016,163.5047,264.9730,95.0124,0,U,62918,999,9617,.15407917E-2,.204105E-2,0
STARLINK-11457 [DTC],2025-027N,2026-10-05T01:18:52.534944,15.70931767,.00027307,43.0008,165.3358,260.2240,99.8319,0,U,62919,999,9608,.11977833E-2,.156792E-2,0
STARLINK-11543 [DTC],2025-031A,2026-10-05T10:24:59.847264,15.70958705,.00021866,43.0006,176.8434,284.2499,75.8126,0,U,62981,999,9573,.14702136E-2,.193627E-2,0
STARLINK-11458 [DTC],2025-031B,2026-10-05T15:22:36.670080,15.70971574,.00024425,43.0003,175.8216,230.4962,129.5690,0,U,62982,999,9576,.18745215E-2,.248795E-2,0
STARLINK-11417 [DTC],2025-031C,2026-10-05T14:44:34.407168,15.70845894,.00014466,43.0003,176.5036,255.7413,104.3295,0,U,62983,999,9575,.13088112E-2,.171031E-2,0
STARLINK-11544 [DTC],2025-031D,2026-10-05T10:40:19.665984,15.71105878,.00042352,43.0009,176.9273,59.3331,300.7954,0,U,62984,999,9570,.16423197E-2,.218397E-2,0
STARLINK-11582 [DTC],2025-031E,2026-10-05T00:22:18.543360,15.70960885,.00021107,43.0006,179.7370,250.6818,109.3821,0,U,62985,999,9566,.1733734E-2,.229428E-2,0
STARLINK-11571 [DTC],2025-031F,2026-10-05T14:52:02.255520,15.70812018,.0001399,42.9997,175.6476,279.5097,80.5612,0,U,62986,999,9576,.13986626E-2,.182804E-2,0
STARLINK-11539 [DTC],2025-031G,2026-10-05T00:14:39.920064,15.70948144,.00017866,42.9994,179.6938,255.2145,104.8525,0,U,62987,999,9566,.16016372E-2,.211332E-2,0
STARLINK-11542 [DTC],2025-031H,2026-10-05T10:32:39.297408,15.70918835,.00009149,43.0013,176.8830,13.5367,346.5525,0,U,62988,999,9570,.19533248E-2,.259016E-2,0
STARLINK-11573 [DTC],2025-031J,2026-10-05T00:37:36.043968,15.70941879,.00018919,42.9993,179.8202,251.6187,108.4475,0,U,62989,999,9563,.15141967E-2,.19943E-2,0
STARLINK-11572 [DTC],2025-031K,2026-10-05T00:00:41.164416,15.70984165,.0001489,42.9997,179.6136,241.0725,118.9994,0,U,62990,999,9566,.13617779E-2,.179186E-2,0
STARLINK-11583 [DTC],2025-031L,2026-10-05T00:45:14.725152,15.70935827,.00011437,43.0010,179.8632,253.4296,106.6447,0,U,62991,999,9567,.13193587E-2,.173109E-2,0
STARLINK-11570 [DTC],2025-031M,2026-10-05T10:02:12.374592,15.71018072,.00094013,43.0019,177.6050,263.8704,96.1093,0,U,62992,999,9571,.15390483E-2,.203882E-2,0
STARLINK-11576 [DTC],2025-031N,2026-10-05T14:13:59.412864,15.70926167,.00028515,43.0016,176.3268,280.5858,79.4688,0,U,62993,999,9574,.12084157E-2,.158179E-2,0
STARLINK-11448 [DTC],2025-032A,2026-10-05T13:13:26.666112,15.70828381,.00015991,43.0006,9.9994,217.5830,142.4926,0,U,63005,999,9523,.46888964E-4,.5569E-4,0
STARLINK-11553 [DTC],2025-032B,2026-10-05T12:58:20.521056,15.70820639,.00015666,43.0007,10.8113,244.6012,115.4694,0,U,63006,999,9521,.15065602E-3,.18911E-3,0
STARLINK-11526 [DTC],2025-032C,2026-10-05T13:05:48.331392,15.70843646,.00017929,43.0015,9.9558,279.0325,81.0340,0,U,63007,999,9522,.25204508E-3,.32022E-3,0
STARLINK-11405 [DTC],2025-032D,2026-10-05T12:44:21.930432,15.71010030,.00022397,43.0012,10.7320,210.0829,149.9910,0,U,63008,999,9506,.13699905E-2,.180501E-2,0
STARLINK-11586 [DTC],2025-032E,2026-10-05T09:17:00.384000,15.70987835,.00051583,43.0016,11.3622,286.9355,73.0947,0,U,63009,999,9519,.13837911E-2,.182276E-2,0
STARLINK-11574 [DTC],2025-032F,2026-10-05T14:00:01.999872,15.70817611,.00015308,43.0007,10.3294,260.6483,72.1463,0,U,63010,999,598,-.40458482E-3,-.5199E-3,0
STARLINK-11580 [DTC],2025-032G,2026-10-05T13:28:44.031072,15.70821513,.00015945,43.0008,10.0826,220.0572,140.0178,0,U,63011,999,9507,.13424263E-4,.1273E-4,0
STARLINK-11449 [DTC],2025-032H,2026-10-05T09:09:20.835360,15.71003871,.0006994,43.0004,11.3179,287.1353,72.8749,0,U,63012,999,9519,.14400734E-2,.19012E-2,0
STARLINK-11577 [DTC],2025-032J,2026-10-05T07:53:05.043840,15.70871231,.00014069,43.0009,11.7875,296.4686,63.6037,0,U,63013,999,9518,.53699588E-3,.69121E-3,0
STARLINK-11578 [DTC],2025-032K,2026-10-05T12:50:41.896032,15.70917183,.00028314,43.0014,10.7644,258.7726,101.2824,0,U,63014,999,9516,.13123833E-2,.17205E-2,0
STARLINK-11541 [DTC],2025-032L,2026-10-05T13:21:05.610816,15.70861267,.00014484,43.0012,10.0389,218.0176,142.0590,0,U,63015,999,9523,.13407261E-2,.175419E-2,0
STARLINK-11545 [DTC],2025-032M,2026-10-04T23:52:21.181440,15.70937046,.00013135,43.0000,13.5739,280.5609,79.5110,0,U,63016,999,9514,.18023105E-2,.238542E-2,0
STARLINK-11400 [DTC],2025-032N,2026-10-05T12:43:03.124128,15.70990492,.00022382,43.0018,10.7217,221.6177,138.4521,0,U,63017,999,9521,.12142251E-2,.159387E-2,0
STARLINK-11550 [DTC],2025-035A,2026-10-05T01:42:58.218624,15.70880946,.00017547,43.0020,193.0400,277.2963,82.7705,0,U,63052,999,9415,.13292156E-2,.174025E-2,0
STARLINK-11563 [DTC],2025-035B,2026-10-05T10:59:57.091488,15.70985856,.00073292,43.0008,190.7833,262.5180,97.4855,0,U,63053,999,9410,.13736369E-2,.181015E-2,0
STARLINK-11347 [DTC],2025-035C,2026-10-05T01:04:55.610112,15.70993140,.00023981,43.0012,193.7204,250.5753,109.4856,0,U,63054,999,9414,.22429915E-2,.299914E-2,0
STARLINK-11558 [DTC],2025-035D,2026-10-05T15:04:03.876960,15.70899127,.00038311,43.0018,189.4611,286.7257,73.3190,0,U,63055,999,9413,.11471699E-2,.149839E-2,0
STARLINK-11392 [DTC],2025-035E,2026-10-05T11:30:33.264288,15.70936411,.00017077,43.0006,190.9518,281.3874,78.6802,0,U,63056,999,9421,.12266538E-2,.160677E-2,0
STARLINK-11406 [DTC],2025-035F,2026-10-05T11:06:43.168896,15.71381022,.00020028,43.0004,190.8187,264.4653,95.5987,0,U,63057,999,9409,.1399309E-2,.187434E-2,0
STARLINK-11418 [DTC],2025-035G,2026-10-05T01:12:34.310304,15.70939607,.00019247,42.9999,193.7619,247.5284,112.5380,0,U,63058,999,9402,.14426385E-2,.189743E-2,0
STARLINK-11509 [DTC],2025-035H,2026-10-05T11:38:11.049504,15.70943088,.00044397,43.0010,190.9935,272.9418,87.0942,0,U,63059,999,9409,.12241058E-2,.160438E-2,0
STARLINK-11403 [DTC],2025-035J,2026-10-05T11:22:57.300384,15.71061521,.0003738,43.0011,190.9070,59.6471,300.4766,0,U,63060,999,9421,.12754812E-2,.16816E-2,0
STARLINK-11409 [DTC],2025-035K,2026-10-04T01:57:33.276960,15.70951842,.00009907,42.9997,199.3869,231.5240,128.5539,0,U,63061,999,9399,.95496558E-3,.124521E-2,0
STARLINK-11412 [DTC],2025-035L,2026-10-05T14:00:01.999872,15.70835211,.00015775,43.0010,190.1711,274.8731,13.0605,0,U,63062,999,598,-.63109549E-3,-.80631E-3,0
STARLINK-11399 [DTC],2025-035M,2026-10-05T15:19:21.786240,15.70915747,.00033781,43.0008,189.5411,289.7084,70.3419,0,U,63063,999,9424,.11788355E-2,.154165E-2,0
STARLINK-11408 [DTC],2025-035N,2026-10-04T11:43:39.134496,15.70876024,.00005002,43.0009,196.3968,308.9436,51.1387,0,U,63064,999,9406,.14930971E-2,.19602E-2,0
STARLINK-11629 [DTC],2025-039A,2026-10-04T17:21:08.614368,15.70859935,.00021767,43.0012,56.6248,272.3413,87.7205,0,U,63104,999,9249,.15032862E-2,.197259E-2,0
STARLINK-11624 [DTC],2025-039B,2026-10-05T15:45:27.344736,15.70839715,.00042909,43.0081,51.6095,264.0825,95.9554,0,U,63105,999,9263,.13244891E-2,.173136E-2,0
STARLINK-11584 [DTC],2025-039C,2026-10-05T15:44:08.484000,15.70879641,.00036948,43.0011,51.6001,256.7393,103.3063,0,U,63106,999,9263,.11702117E-2,.152783E-2,0
STARLINK-11627 [DTC],2025-039D,2026-10-04T19:07:59.255040,15.70918550,.00034243,43.0042,56.3257,267.9057,92.1419,0,U,63107,999,9250,.12272522E-2,.16066E-2,0
STARLINK-11632 [DTC],2025-039E,2026-10-05T14:00:01.999872,15.70807287,.0001766,43.0006,51.8143,258.3410,142.5867,0,U,63108,999,599,-.58232761E-3,-.74405E-3,0
STARLINK-11625 [DTC],2025-039F,2026-10-04T07:26:05.716032,15.70853431,.00020335,43.0015,59.5631,269.2654,90.7980,0,U,63109,999,9242,.88531758E-3,.114799E-2,0
STARLINK-11601 [DTC],2025-039G,2026-10-04T19:15:38.154816,15.70890086,.00027213,43.0013,56.3679,271.7169,88.3387,0,U,63110,999,9250,.15117498E-2,.198666E-2,0
STARLINK-11630 [DTC],2025-039H,2026-10-05T15:36:29.668032,15.70902047,.00033976,43.0004,51.5560,253.4211,106.6284,0,U,63111,999,9263,.13423304E-2,.175971E-2,0
STARLINK-11590 [DTC],2025-039J,2026-10-05T15:51:47.152224,15.70829995,.0004381,43.0083,51.6419,265.6263,94.4104,0,U,63112,999,9263,.11227208E-2,.14616E-2,0
STARLINK-11598 [DTC],2025-039K,2026-10-04T19:23:16.181088,15.70981626,.00049598,43.0044,56.4100,272.7541,87.2759,0,U,63113,999,9250,.20597515E-2,.274481E-2,0
STARLINK-11600 [DTC],2025-039L,2026-10-04T15:57:13.786560,15.70909346,.00022692,43.0017,57.0464,265.6427,94.4182,0,U,63114,999,9248,.13451084E-2,.176377E-2,0
STARLINK-11597 [DTC],2025-039M,2026-10-04T17:13:30.229536,15.70994992,.00018667,43.0018,56.5769,302.6364,57.4324,0,U,63115,999,9249,.14646764E-2,.193177E-2,0
STARLINK-11591 [DTC],2025-039N,2026-10-05T00:00:02.000160,15.70939108,.00016485,43.0008,54.8013,259.3010,289.1338,0,U,63116,999,600,-.44588511E-3,-.57507E-3,0
STARLINK-11609 [DTC],2025-043A,2026-10-05T14:00:01.999872,15.70802116,.00017897,43.0007,65.6558,246.6280,46.9947,0,U,63132,999,598,-.45532391E-3,-.58374E-3,0
STARLINK-11604 [DTC],2025-043B,2026-10-04T17:25:41.097504,15.70848914,.00015282,43.0002,71.1171,267.0050,93.0643,0,U,63133,999,9222,.1529593E-2,.200705E-2,0
STARLINK-11605 [DTC],2025-043C,2026-10-05T09:49:53.296032,15.71031691,.00057767,43.0027,66.7737,288.7900,71.2341,0,U,63134,999,9233,.19383337E-2,.258366E-2,0
STARLINK-11610 [DTC],2025-043D,2026-10-04T17:10:24.818592,15.70899250,.00020664,43.0014,71.0312,273.7593,86.3039,0,U,63135,999,9222,.13525625E-2,.177299E-2,0
STARLINK-11613 [DTC],2025-043E,2026-10-04T17:18:02.250432,15.70897426,.00026544,42.9985,71.0731,262.8770,97.1795,0,U,63136,999,9234,.12059248E-2,.157649E-2,0
STARLINK-11616 [DTC],2025-043F,2026-10-04T17:42:06.235488,15.70890191,.00013949,42.9992,70.3123,256.2940,103.7772,0,U,63137,999,9235,.13303993E-2,.174252E-2,0
STARLINK-11611 [DTC],2025-043G,2026-10-05T13:53:59.655552,15.70669938,.00026457,43.0024,65.4515,281.8631,78.1939,0,U,63138,999,9248,.22249295E-2,.293254E-2,0
STARLINK-11628 [DTC],2025-043H,2026-10-04T18:11:22.706016,15.70971605,.000098,42.9976,70.4741,229.2698,130.8084,0,U,63139,999,9235,.14503616E-2,.191046E-2,0
STARLINK-11607 [DTC],2025-043J,2026-10-04T19:19:58.960128,15.71022760,.0004531,42.9999,69.9639,251.1744,108.8633,0,U,63140,999,9236,.19129721E-2,.254701E-2,0
STARLINK-11522 [DTC],2025-043K,2026-10-04T08:00:01.999872,15.70809380,.00017301,43.0009,72.8835,259.4816,277.0459,0,U,63141,999,595,-.42776096E-3,-.54906E-3,0
STARLINK-11503 [DTC],2025-043L,2026-10-04T17:33:08.616672,15.70917531,.00020178,43.0014,70.2599,263.8021,96.2617,0,U,63142,999,9217,.14595755E-2,.191847E-2,0
STARLINK-11579 [DTC],2025-043M,2026-10-04T19:12:20.739456,15.70916417,.0002182,43.0009,69.9194,262.1131,97.9489,0,U,63143,999,9224,.12902836E-2,.16907E-2,0
STARLINK-11581 [DTC],2025-043N,2026-10-04T21:22:08.101056,15.70902270,.00013818,43.0002,69.7477,261.1424,98.9287,0,U,63144,999,9237,.18834582E-2,.249264E-2,0
STARLINK-11602 [DTC],2025-048A,2026-10-05T14:46:36.183648,15.70961620,.00001975,42.9972,134.8422,97.5778,262.5112,0,U,63183,999,9115,.12601199E-2,.165344E-2,0
STARLINK-11617 [DTC],2025-048B,2026-10-05T14:38:56.624640,15.70891306,.00023837,43.0008,134.7988,253.1010,106.9596,0,U,63184,999,9153,.78650824E-3,.101943E-2,0
STARLINK-11618 [DTC],2025-048C,2026-10-05T07:46:51.510720,15.70910192,.00011568,43.0009,136.0746,44.4743,315.6217,0,U,63185,999,9148,.17947101E-2,.237229E-2,0
STARLINK-11646 [DTC],2025-048D,2026-10-05T12:06:13.535712,15.70928113,.00020958,43.0005,134.8400,248.6665,111.3979,0,U,63186,999,9152,.12043942E-2,.157644E-2,0
STARLINK-11622 [DTC],2025-048E,2026-10-04T23:38:39.062112,15.70912464,.0002461,43.0002,138.7161,263.0255,97.0333,0,U,63187,999,9143,.10235037E-2,.133423E-2,0
STARLINK-11642 [DTC],2025-048F,2026-10-05T14:00:01.999872,15.70768000,.00017184,43.0012,134.8104,243.9592,23.2381,0,U,63188,999,588,-.29864881E-3,-.38478E-3,0
STARLINK-11639 [DTC],2025-048G,2026-10-05T14:08:22.022592,15.70908075,.00011798,42.9994,134.6256,266.4727,93.6006,0,U,63189,999,9153,.15664487E-2,.206201E-2,0
STARLINK-11637 [DTC],2025-048H,2026-10-04T23:39:57.813984,15.70936903,.00027818,42.9999,138.7234,259.7649,100.2905,0,U,63190,999,9143,.13135044E-2,.172346E-2,0
STARLINK-11647 [DTC],2025-048J,2026-10-05T15:32:16.536768,15.70965567,.00017161,43.0006,134.1964,238.9187,121.1513,0,U,63191,999,9154,.12741796E-2,.167259E-2,0
STARLINK-11643 [DTC],2025-048K,2026-10-05T00:31:59.141856,15.70875810,.00016412,43.0023,138.1156,262.8697,97.1984,0,U,63192,999,9144,.13493589E-2,.176687E-2,0
STARLINK-11635 [DTC],2025-048L,2026-10-05T07:39:12.476160,15.70902202,.00007937,43.0007,136.0285,345.8750,14.2096,0,U,63193,999,9149,.15961489E-2,.21017E-2,0
STARLINK-11636 [DTC],2025-048M,2026-10-05T00:47:16.670976,15.70869209,.00016903,43.0006,138.2024,267.3346,92.7328,0,U,63194,999,9144,.13504672E-2,.176786E-2,0
STARLINK-11631 [DTC],2025-048N,2026-10-04T23:46:17.877216,15.70950969,.00021588,43.0000,138.7530,251.3857,108.6776,0,U,63195,999,9143,.14991613E-2,.197477E-2,0
STARLINK-11654 [DTC],2025-053A,2026-10-05T00:42:14.902560,15.71035786,.00044291,43.0001,290.3594,282.4870,77.5502,0,U,63265,999,9059,.20355647E-2,.271755E-2,0
STARLINK-11659 [DTC],2025-053B,2026-10-05T00:34:36.428736,15.70938259,.00004741,42.9990,290.3138,247.1196,112.9621,0,U,63266,999,9059,.19651857E-2,.26087E-2,0
STARLINK-11653 [DTC],2025-053C,2026-10-05T14:00:01.999872,15.70774762,.00015387,43.0000,287.3174,284.4174,212.2091,0,U,63267,999,588,-.1552905E-3,-.20271E-3,0
STARLINK-11641 [DTC],2025-053D,2026-10-05T09:21:01.502208,15.70889130,.00016798,42.9969,287.8824,294.6924,65.3769,0,U,63268,999,9065,.17667796E-2,.23321E-2,0
STARLINK-11638 [DTC],2025-053E,2026-10-04T22:47:45.216096,15.70881023,.00018369,43.0008,290.6106,264.4636,95.6023,0,U,63269,999,9058,.15493036E-2,.203646E-2,0
STARLINK-11614 [DTC],2025-053F,2026-10-05T01:05:11.118048,15.70994417,.00035968,43.0000,290.4884,281.1472,78.8991,0,U,63270,999,9059,.15902682E-2,.210243E-2,0
STARLINK-11620 [DTC],2025-053G,2026-10-05T01:28:07.114080,15.70919745,.00013128,42.9996,290.6154,252.0165,108.0560,0,U,63271,999,9059,.13893418E-2,.182398E-2,0
STARLINK-11619 [DTC],2025-053H,2026-10-05T00:49:53.550912,15.71000410,.00048523,43.0001,290.4017,281.3943,78.6380,0,U,63272,999,9059,.16307873E-2,.21586E-2,0
STARLINK-11621 [DTC],2025-053J,2026-10-05T12:16:29.630784,15.70912615,.00013798,43.0024,287.0799,279.0985,80.9727,0,U,63273,999,9067,.12395125E-2,.162233E-2,0
STARLINK-11615 [DTC],2025-053K,2026-10-05T08:35:20.383584,15.71079548,.00033154,43.0017,288.5309,306.7919,53.2644,0,U,63274,999,9064,.15224858E-2,.20177E-2,0
STARLINK-11608 [DTC],2025-053L,2026-10-05T01:58:31.143360,15.70925959,.00013269,42.9997,289.8920,241.0666,119.0069,0,U,63275,999,9059,.18872595E-2,.25004E-2,0
STARLINK-11623 [DTC],2025-053M,2026-10-04T17:42:41.473728,15.70906724,.00013645,42.9996,292.4911,287.9453,72.1266,0,U,63276,999,9053,.1762512E-2,.232805E-2,0
STARLINK-11568 [DTC],2025-057A,2026-10-04T18:23:20.244192,15.70904211,.00016284,42.9982,83.9542,258.4252,101.6433,0,U,63307,999,9006,.11806865E-2,.154311E-2,0
STARLINK-11575 [DTC],2025-057B,2026-10-05T04:10:55.339104,15.70916464,.0000981,42.9997,81.8694,289.1566,70.9195,0,U,63308,999,9012,.15360463E-2,.202163E-2,0
STARLINK-11585 [DTC],2025-057C,2026-10-05T14:28:53.264064,15.70740481,.00024571,43.0015,79.0628,299.1274,60.9348,0,U,63309,999,9022,.21834822E-2,.288464E-2,0
STARLINK-11587 [DTC],2025-057D,2026-10-04T18:00:35.219232,15.70940878,.00028594,43.0012,84.7228,261.3608,98.6936,0,U,63310,999,9005,.19495686E-2,.25876E-2,0
STARLINK-11589 [DTC],2025-057E,2026-10-05T13:58:29.665056,15.71026913,.00026001,42.9988,79.7831,241.4778,118.5828,0,U,63311,999,9018,.1776481E-2,.235943E-2,0
STARLINK-11650 [DTC],2025-057F,2026-10-05T04:27:31.258080,15.70936424,.00016158,43.0011,81.9613,274.0519,86.0164,0,U,63312,999,9015,.16720806E-2,.22079E-2,0
STARLINK-11648 [DTC],2025-057G,2026-10-05T04:26:12.697152,15.70920804,.00009424,43.0002,81.9537,276.2263,83.8497,0,U,63313,999,9012,.16054739E-2,.211602E-2,0
STARLINK-11640 [DTC],2025-057H,2026-10-05T04:18:34.352928,15.70909597,.00004355,42.9994,81.9107,11.8815,348.2063,0,U,63314,999,9012,.15582678E-2,.205112E-2,0
STARLINK-11652 [DTC],2025-057J,2026-10-05T04:03:16.090272,15.70916336,.00023709,42.9988,81.8238,272.1975,87.8621,0,U,63315,999,9015,.14523631E-2,.19087E-2,0
STARLINK-11645 [DTC],2025-057K,2026-10-04T20:56:03.055776,15.70939126,.00040862,43.0031,83.9098,267.7227,92.3172,0,U,63316,999,9010,.13930745E-2,.183102E-2,0
STARLINK-11633 [DTC],2025-057L,2026-10-04T19:47:14.824032,15.70927661,.00032437,43.0008,83.5254,278.2231,81.8269,0,U,63317,999,9007,.15546079E-2,.204798E-2,0
STARLINK-11593 [DTC],2025-057M,2026-10-04T18:30:58.946976,15.70933879,.00015777,43.0024,83.9932,261.1547,98.9142,0,U,63318,999,9009,.15980286E-2,.210711E-2,0
STARLINK-11588 [DTC],2025-057N,2026-10-05T03:55:37.651008,15.70911743,.00013628,43.0031,81.7786,282.4945,77.5770,0,U,63319,999,9012,.14656705E-2,.192617E-2,0
STARLINK-11669 [DTC],2025-075A,2026-10-04T21:06:29.250144,15.70950511,.00017982,43.0002,332.4393,273.9311,86.1351,0,U,63548,999,8615,.20564655E-2,.273561E-2,0
STARLINK-11665 [DTC],2025-075B,2026-10-04T11:03:47.731104,15.70854334,.00009304,43.0007,335.3341,156.4428,203.6482,0,U,63549,999,8608,.12528946E-2,.163615E-2,0
STARLINK-11667 [DTC],2025-075C,2026-10-05T10:27:46.548288,15.70942525,.00019372,43.0009,329.7556,257.2427,102.8224,0,U,63550,999,8623,.13850018E-2,.181996E-2,0
STARLINK-11695 [DTC],2025-075D,2026-10-04T21:07:48.016704,15.70950115,.00016848,43.0000,332.4458,277.7067,82.3610,0,U,63551,999,8615,.20328079E-2,.270297E-2,0
STARLINK-11685 [DTC],2025-075E,2026-10-04T10:40:51.614976,15.70835650,.00006974,43.0001,335.2047,175.5744,184.5130,0,U,63552,999,8608,.81846245E-3,.105897E-2,0
STARLINK-11697 [DTC],2025-075F,2026-10-05T05:07:12.698688,15.71018511,.00019931,43.0009,330.6485,287.6180,72.4470,0,U,63553,999,8620,.16432043E-2,.217639E-2,0
STARLINK-11680 [DTC],2025-075G,2026-10-05T10:20:07.105920,15.70962883,.00006806,43.0000,329.7112,232.4305,127.6501,0,U,63554,999,8623,.15234967E-2,.200869E-2,0
STARLINK-11626 [DTC],2025-075J,2026-10-05T14:00:01.999872,15.70792325,.00015666,43.0004,329.0169,261.7995,152.7599,0,U,63556,999,588,-.13009685E-3,-.17074E-3,0
STARLINK-11668 [DTC],2025-075K,2026-10-05T14:00:01.999872,15.70779029,.00017737,43.0004,328.9420,284.2893,160.3490,0,U,63557,999,588,-.21569224E-3,-.27962E-3,0
STARLINK-11657 [DTC],2025-075L,2026-10-05T10:12:28.386720,15.70925235,.00029036,42.9983,329.6660,251.5904,108.4648,0,U,63558,999,8623,.13709266E-2,.179981E-2,0
STARLINK-11606 [DTC],2025-075M,2026-10-04T10:33:12.927744,15.70834116,.00017518,43.0017,335.1585,272.5709,87.4958,0,U,63559,999,8608,.83818406E-3,.10849E-2,0
STARLINK-11592 [DTC],2025-075N,2026-10-04T10:56:09.167424,15.70825170,.00018198,43.0011,335.2863,281.2951,78.7712,0,U,63560,999,8608,.87232525E-3,.112946E-2,0
STARLINK-11651 [DTC],2025-085A,2026-10-04T20:45:04.470912,15.70928557,.0002885,42.9996,97.2231,264.2122,95.8417,0,U,63664,999,8315,.13602326E-2,.178567E-2,0
STARLINK-11672 [DTC],2025-085B,2026-10-04T19:05:52.559808,15.70975468,.00023659,43.0016,97.5614,257.9511,102.1092,0,U,63665,999,8374,.14872764E-2,.196078E-2,0
STARLINK-11666 [DTC],2025-085D,2026-10-05T14:48:41.133600,15.71003403,.00019548,42.9969,93.4385,305.6808,54.3877,0,U,63667,999,8316,.19721074E-2,.262555E-2,0
STARLINK-11663 [DTC],2025-085E,2026-10-05T14:41:02.111136,15.70987342,.00029519,43.0004,93.3888,239.8616,120.1959,0,U,63668,999,8326,.1855617E-2,.246382E-2,0
STARLINK-11595 [DTC],2025-085F,2026-10-05T14:33:23.277024,15.70956681,.00036281,43.0014,93.3456,247.0921,112.9564,0,U,63669,999,8390,.13082181E-2,.171801E-2,0
STARLINK-11599 [DTC],2025-085G,2026-10-05T05:16:23.773440,15.70913374,.00008978,43.0006,95.6035,293.4489,66.6284,0,U,63670,999,8319,.13749354E-2,.18041E-2,0
STARLINK-11603 [DTC],2025-085H,2026-10-05T12:46:31.374912,15.70936162,.00036565,43.0017,93.6428,260.5753,99.4701,0,U,63671,999,8324,.20513882E-2,.272727E-2,0
STARLINK-11644 [DTC],2025-085J,2026-10-05T12:38:53.041920,15.70952273,.00022094,43.0002,93.6001,262.9980,97.0636,0,U,63672,999,8324,.20942123E-2,.278792E-2,0
STARLINK-11634 [DTC],2025-085K,2026-10-05T04:53:27.593376,15.71169189,.00027485,43.0013,95.4738,299.1865,60.8727,0,U,63673,999,8319,.22337586E-2,.300939E-2,0
STARLINK-11656 [DTC],2025-085L,2026-10-05T04:45:49.875552,15.71055954,.00019087,43.0025,95.4298,37.7938,322.3064,0,U,63674,999,8319,.14550237E-2,.192375E-2,0
STARLINK-11655 [DTC],2025-085M,2026-10-04T21:00:21.585312,15.70940371,.00039853,43.0017,97.3031,262.0009,98.0407,0,U,63675,999,8314,.15539111E-2,.204838E-2,0
STARLINK-11661 [DTC],2025-085N,2026-10-04T20:52:43.656672,15.70869169,.00017314,43.0010,97.2587,270.0402,90.0268,0,U,63676,999,8379,.12771962E-2,.166971E-2,0
STARLINK-11677 [DTC],2025-089A,2026-10-05T00:00:02.000160,15.70835952,.00016147,43.0012,110.9065,278.1542,350.6068,0,U,63751,999,579,.25341616E-3,.32189E-3,0
STARLINK-11702 [DTC],2025-089B,2026-10-04T22:13:28.293024,15.71073068,.00024808,43.0016,110.9755,287.1359,72.9237,0,U,63752,999,8304,.2298816E-2,.308756E-2,0
STARLINK-11706 [DTC],2025-089C,2026-10-05T05:28:20.068320,15.70902359,.0000877,43.0012,108.9305,315.0798,44.9999,0,U,63753,999,8309,.16608002E-2,.218935E-2,0
STARLINK-11662 [DTC],2025-089D,2026-10-05T13:44:19.551264,15.70948652,.00045316,43.0010,107.2276,234.9535,125.0908,0,U,63754,999,8319,.12373675E-2,.162258E-2,0
STARLINK-11681 [DTC],2025-089E,2026-10-04T22:44:02.978880,15.70865756,.00016644,43.0021,111.1453,261.8249,98.2430,0,U,63755,999,8304,.14496094E-2,.190076E-2,0
STARLINK-11688 [DTC],2025-089F,2026-10-04T20:49:32.753280,15.71003191,.00039071,43.0030,111.3985,259.2946,100.7482,0,U,63756,999,8292,.1729434E-2,.229302E-2,0
STARLINK-11676 [DTC],2025-089G,2026-10-04T21:35:14.280576,15.70945797,.00025576,43.0008,110.7594,262.3794,97.6783,0,U,63757,999,8293,.15503124E-2,.204361E-2,0
STARLINK-11705 [DTC],2025-089H,2026-10-04T21:04:50.359296,15.70979383,.00034977,43.0009,111.4840,255.2097,104.8383,0,U,63758,999,8298,.14168439E-2,.186611E-2,0
STARLINK-11703 [DTC],2025-089J,2026-10-05T13:21:23.829984,15.70953834,.0002755,43.0015,107.0963,248.6972,111.3601,0,U,63759,999,8314,.11016183E-2,.144081E-2,0
STARLINK-11701 [DTC],2025-089K,2026-10-04T21:42:52.885728,15.70930588,.00028453,43.0022,110.8024,265.0753,94.9790,0,U,63760,999,8304,.13442102E-2,.176427E-2,0
STARLINK-11660 [DTC],2025-089L,2026-10-05T05:35:58.874784,15.70920755,.00008624,43.0014,108.9709,355.2027,4.8832,0,U,63761,999,8304,.19106616E-2,.25319E-2,0
STARLINK-11699 [DTC],2025-089M,2026-10-04T22:59:20.537376,15.70858518,.00016292,43.0007,111.2284,278.7689,81.2994,0,U,63762,999,8304,.14115377E-2,.1849E-2,0
STARLINK-11693 [DTC],2025-089N,2026-10-05T10:19:35.979456,15.70954059,.00021033,43.0005,107.8707,255.6983,104.3651,0,U,63763,999,8301,.16786868E-2,.221862E-2,0
STARLINK-11741 [DTC],2025-107A,2026-10-05T00:22:40.557216,15.70919588,.00013238,43.0004,277.0206,263.9485,96.1231,0,U,64064,999,8021,.15361418E-2,.202202E-2,0
STARLINK-11709 [DTC],2025-107B,2026-10-04T23:52:05.224224,15.70979795,.00038179,43.0007,276.8492,276.3375,83.7058,0,U,64065,999,8021,.13786211E-2,.181464E-2,0
STARLINK-11737 [DTC],2025-107C,2026-10-05T01:00:42.837408,15.70948204,.00014139,42.9997,276.3369,246.7941,113.2778,0,U,64066,999,8022,.21458015E-2,.285866E-2,0
STARLINK-11726 [DTC],2025-107D,2026-10-05T00:45:25.518240,15.70947587,.00013448,42.9997,276.2509,248.9457,111.1266,0,U,64067,999,8022,.21846064E-2,.291226E-2,0
STARLINK-11700 [DTC],2025-107E,2026-10-05T01:40:15.402144,15.70859564,.00034959,43.0001,276.5571,292.2740,67.7757,0,U,64068,999,8022,.15634861E-2,.205403E-2,0
STARLINK-11649 [DTC],2025-107F,2026-10-05T00:30:19.379232,15.70914520,.00011839,43.0000,277.0614,252.5382,107.5356,0,U,64069,999,8021,.1423426E-2,.186946E-2,0
STARLINK-11713 [DTC],2025-107G,2026-10-05T01:16:00.618816,15.71047891,.00044755,43.0002,276.4217,282.1684,77.8682,0,U,64070,999,8022,.20413043E-2,.272695E-2,0
STARLINK-11719 [DTC],2025-107H,2026-10-05T10:48:17.538336,15.70891609,.00020655,42.9977,274.2486,227.0704,132.9991,0,U,64071,999,8028,.14086549E-2,.18478E-2,0
STARLINK-11733 [DTC],2025-107J,2026-10-05T00:53:04.151040,15.71131072,.00021656,42.9997,276.2920,234.9838,125.0827,0,U,64072,999,8022,.248023E-2,.335038E-2,0
STARLINK-11729 [DTC],2025-107K,2026-10-05T01:46:35.553504,15.70859121,.00030148,42.9997,276.5901,288.0983,71.9556,0,U,64073,999,8022,.18224462E-2,.2405E-2,0
STARLINK-11730 [DTC],2025-107L,2026-10-05T01:31:17.911200,15.70857551,.00036706,42.9997,276.5045,289.7272,70.3199,0,U,64074,999,8022,.13047263E-2,.170605E-2,0
STARLINK-11723 [DTC],2025-107M,2026-10-05T01:08:21.446016,15.70920621,.00016723,43.0002,276.3749,241.2480,118.8219,0,U,64075,999,8022,.13555541E-2,.177861E-2,0
STARLINK-11715 [DTC],2025-107N,2026-10-05T00:37:45.811488,15.70947730,.00021796,42.9998,276.2041,255.9232,104.1393,0,U,64076,999,8022,.13856522E-2,.182127E-2,0
STARLINK-11727 [DTC],2025-111A,2026-10-05T01:22:15.098880,15.70881174,.00018554,43.0008,152.1698,261.2492,98.8165,0,U,64123,999,7956,.13108649E-2,.171568E-2,0
STARLINK-11724 [DTC],2025-111B,2026-10-05T08:14:11.162400,15.70893198,.00006136,43.0028,149.9960,343.7839,16.3009,0,U,64124,999,7961,.15167989E-2,.199362E-2,0
STARLINK-11725 [DTC],2025-111C,2026-10-05T08:37:07.111776,15.70898008,.00010543,43.0010,150.1239,301.9265,58.1500,0,U,64125,999,7961,.18278113E-2,.241618E-2,0
STARLINK-11717 [DTC],2025-111D,2026-10-05T08:44:46.148928,15.70903038,.00008361,43.0008,150.1656,24.8742,335.2166,0,U,64126,999,7956,.18233675E-2,.241066E-2,0
STARLINK-11721 [DTC],2025-111E,2026-10-05T00:13:26.454144,15.70921009,.00027633,43.0027,151.7840,267.9531,92.1020,0,U,64127,999,7956,.12498817E-2,.163695E-2,0
STARLINK-11722 [DTC],2025-111F,2026-10-05T14:00:01.999872,15.70787816,.00015646,43.0007,148.6217,276.0380,333.8600,0,U,64128,999,593,-.47609155E-3,-.60959E-3,0
STARLINK-11679 [DTC],2025-111G,2026-10-05T00:21:05.315040,15.70882193,.00020224,43.0010,151.8252,271.3107,88.7529,0,U,64129,999,7956,.23473834E-2,.312926E-2,0
STARLINK-11735 [DTC],2025-111H,2026-10-05T08:29:28.717440,15.70908729,.00007725,43.0010,150.0789,4.2924,355.7951,0,U,64130,999,7946,.18647017E-2,.246772E-2,0
STARLINK-11720 [DTC],2025-111J,2026-10-05T08:06:33.620832,15.70902179,.00016938,43.0009,149.9513,275.8986,84.1688,0,U,64131,999,7956,.13589821E-2,.178181E-2,0
STARLINK-11718 [DTC],2025-111K,2026-10-04T23:51:59.909760,15.70987522,.00032295,43.0006,152.5537,255.5664,104.4845,0,U,64132,999,7960,.19663567E-2,.261603E-2,0
STARLINK-11716 [DTC],2025-111L,2026-10-05T08:52:24.606336,15.70897386,.00005697,43.0012,150.2043,353.6766,6.4094,0,U,64133,999,7966,.15562501E-2,.20473E-2,0
STARLINK-11714 [DTC],2025-111M,2026-10-05T00:05:47.544864,15.70940216,.00029318,43.0043,151.7376,259.5019,100.5519,0,U,64134,999,7956,.13655697E-2,.179375E-2,0
STARLINK-11712 [DTC],2025-111N,2026-10-05T01:29:53.909664,15.70871799,.00015452,43.0009,152.2079,277.4473,82.6219,0,U,64135,999,7956,.1367158E-2,.179045E-2,0
STARLINK-11686 [DTC],2025-119A,2026-10-05T14:12:40.351680,15.70889092,.00019949,43.0019,24.1869,252.7661,107.2989,0,U,64233,999,7825,.40035312E-3,.51348E-3,0
STARLINK-11682 [DTC],2025-119B,2026-10-05T08:28:04.399680,15.71023037,.00027439,43.0014,25.8400,291.2369,68.8205,0,U,64234,999,7821,.17395948E-2,.230857E-2,0
STARLINK-11675 [DTC],2025-119C,2026-10-05T13:48:26.424576,15.70840032,.00015775,43.0007,24.0500,223.3193,136.7550,0,U,64235,999,7825,.34618605E-3,.44209E-3,0
STARLINK-11691 [DTC],2025-119D,2026-10-04T14:32:08.357856,15.70860969,.00018929,42.9999,29.6707,259.9329,100.1325,0,U,64236,999,7810,.11956575E-2,.156023E-2,0
STARLINK-11670 [DTC],2025-119E,2026-10-05T14:11:22.928640,15.70829057,.00016989,43.0012,24.1775,232.9962,127.0750,0,U,64237,999,7825,.53732503E-3,.69041E-3,0
STARLINK-11708 [DTC],2025-119F,2026-10-05T14:19:01.616736,15.70839168,.00019136,43.0019,24.2201,235.8157,124.2530,0,U,64238,999,7825,.14004204E-2,.183256E-2,0
STARLINK-11683 [DTC],2025-119G,2026-10-05T08:35:31.670016,15.71001562,.00041031,43.0037,24.9865,288.4194,71.6227,0,U,64239,999,7822,.14615139E-2,.192852E-2,0
STARLINK-11684 [DTC],2025-119H,2026-10-05T13:56:05.229312,15.70832255,.00014732,43.0013,24.0913,232.3067,127.7667,0,U,64240,999,7825,.91953909E-3,.119207E-2,0
STARLINK-11689 [DTC],2025-119J,2026-10-05T13:40:47.828928,15.70913100,.00027158,43.0014,24.0061,256.2092,103.8474,0,U,64241,999,7825,.12877131E-2,.168709E-2,0
STARLINK-11690 [DTC],2025-119K,2026-10-05T15:04:42.751776,15.70812623,.00024241,43.0013,23.5786,241.6261,118.4362,0,U,64242,999,7826,.11163734E-2,.145166E-2,0
STARLINK-11710 [DTC],2025-119M,2026-10-05T14:03:44.085024,15.70799406,.00018922,43.0020,24.1324,241.0330,119.0348,0,U,64244,999,7825,.12816726E-2,.167071E-2,0
STARLINK-11704 [DTC],2025-119N,2026-10-04T14:24:28.587168,15.70877835,.00029675,43.0014,29.6236,265.8475,94.2053,0,U,64245,999,7810,.11903145E-2,.155437E-2,0
STARLINK-11736 [DTC],2025-124A,2026-10-05T02:02:44.409408,15.70910007,.0001572,43.0000,207.3381,255.5345,104.5348,0,U,64317,999,7576,.23195045E-2,.309434E-2,0
STARLINK-11673 [DTC],2025-124B,2026-10-05T12:13:06.762720,15.71108487,.00037575,42.9999,204.4849,61.9228,298.2019,0,U,64318,999,7583,.14664396E-2,.194402E-2,0
STARLINK-11671 [DTC],2025-124C,2026-10-05T11:57:46.486944,15.70953384,.00034958,43.0011,204.3968,282.9229,77.1248,0,U,64319,999,7583,.12265385E-2,.160807E-2,0
STARLINK-11594 [DTC],2025-124D,2026-10-05T02:10:23.220192,15.70895074,.00018123,43.0020,207.3796,265.0431,95.0230,0,U,64320,999,7576,.13099894E-2,.171552E-2,0
STARLINK-11596 [DTC],2025-124E,2026-10-05T12:36:00.173664,15.70964867,.00040234,43.0004,204.6109,277.8567,82.1844,0,U,64321,999,7583,.17999878E-2,.238563E-2,0
STARLINK-11747 [DTC],2025-124F,2026-10-05T12:20:44.899584,15.70948924,.000331,43.0001,204.5267,56.0302,304.0880,0,U,64322,999,7583,.5957689E-3,.77076E-3,0
STARLINK-11728 [DTC],2025-124G,2026-10-04T20:19:15.165984,15.70904230,.00015007,42.9999,208.1009,254.9796,105.0906,0,U,64323,999,7573,.14357847E-2,.188528E-2,0
STARLINK-11696 [DTC],2025-124H,2026-10-05T14:00:01.999872,15.70794063,.00015032,43.0008,203.8088,287.5911,223.1774,0,U,64324,999,599,-.15263687E-3,-.19949E-3,0
STARLINK-11698 [DTC],2025-124J,2026-10-05T11:59:05.766720,15.70940096,.00025689,43.0008,204.4032,291.0207,69.0386,0,U,64325,999,7583,.1163444E-2,.152252E-2,0
STARLINK-11674 [DTC],2025-124L,2026-10-05T11:42:30.311712,15.70927195,.00022017,43.0000,204.3089,277.1430,82.9188,0,U,64327,999,7583,.20108929E-2,.267018E-2,0
STARLINK-11707 [DTC],2025-124M,2026-10-04T22:21:23.785056,15.70853336,.0001788,43.0000,207.8873,255.2915,104.7755,0,U,64328,999,7574,.17383334E-2,.228986E-2,0
STARLINK-11734 [DTC],2025-124N,2026-10-05T02:17:50.764416,15.70895877,.00022546,43.0021,206.5215,270.6979,89.3631,0,U,64329,999,7577,.14402926E-2,.189073E-2,0
STARLINK-11732 [DTC],2025-127A,2026-10-05T00:25:50.296800,15.71050549,.00042718,42.9997,262.8334,281.2806,78.7582,0,U,64370,999,7642,.21125235E-2,.282584E-2,0
STARLINK-11731 [DTC],2025-127B,2026-10-05T00:48:46.498464,15.70999352,.00043547,43.0005,262.9626,288.8617,71.1778,0,U,64371,999,7642,.15787278E-2,.208745E-2,0
STARLINK-11746 [DTC],2025-127C,2026-10-05T06:09:08.186400,15.70921250,.00014177,43.0001,261.1706,254.0072,106.0639,0,U,64372,999,7646,.12229794E-2,.16008E-2,0
STARLINK-11748 [DTC],2025-127D,2026-10-05T05:40:03.112032,15.71019968,.00043681,43.0018,261.9041,115.6404,244.4916,0,U,64373,999,7645,.14594295E-2,.192732E-2,0
STARLINK-11739 [DTC],2025-127E,2026-10-05T05:46:12.268128,15.70910690,.00007894,42.9990,261.0415,235.0251,125.0543,0,U,64374,999,7646,.15342201E-2,.201867E-2,0
STARLINK-11738 [DTC],2025-127F,2026-10-05T14:00:01.999872,15.70810581,.00016795,42.9999,259.7979,281.4899,249.5816,0,U,64375,999,588,-.57773385E-3,-.73836E-3,0
STARLINK-11745 [DTC],2025-127G,2026-10-05T09:27:32.489856,15.70964548,.00016439,42.9999,260.4878,267.3323,92.7357,0,U,64376,999,7648,.22225919E-2,.296706E-2,0
STARLINK-11742 [DTC],2025-127H,2026-10-05T00:41:07.546848,15.70909898,.0002303,42.9992,262.9154,277.8237,82.2369,0,U,64377,999,7642,.1293962E-2,.169517E-2,0
STARLINK-11711 [DTC],2025-127J,2026-10-05T06:01:29.347968,15.70911760,.00007404,43.0000,261.1255,242.6757,117.4035,0,U,64378,999,7657,.17349097E-2,.2291E-2,0
STARLINK-11743 [DTC],2025-127K,2026-10-05T05:31:05.546784,15.71035262,.00050182,42.9997,261.8517,113.2114,246.9283,0,U,64379,999,7645,.15656206E-2,.207315E-2,0
STARLINK-11744 [DTC],2025-127L,2026-10-05T00:33:28.867392,15.70850153,.00035183,42.9995,262.8719,289.9470,70.1018,0,U,64380,999,7642,.15742129E-2,.206768E-2,0
STARLINK-11692 [DTC],2025-127M,2026-10-05T06:16:46.876224,15.70901210,.00014419,43.0009,261.2098,268.8440,91.2263,0,U,64381,999,7657,.14873478E-2,.195454E-2,0
STARLINK-11740 [DTC],2025-127N,2026-10-05T08:56:57.345216,15.70923358,.00019466,42.9998,260.3142,266.9605,93.1040,0,U,64382,999,7648,.15685318E-2,.206622E-2,0
